ISO-10303-21;
HEADER;
/* Generated by software containing ST-Developer
 * from STEP Tools, Inc. (www.steptools.com) 
 */
/* OPTION: strings as raw bytes, not using required /X/ escapes */

/* Copyright Cairn Research and Imperial College London 2026.
* This source describes Open Hardware and is licensed under
* the CERN-OHL-P v2. Associated documentation may be found at
* https://github.com/ImperialCollegeLondon/openFrame 
*
* You may redistribute and modify this documentation and make products
* using it under the terms of the CERN-OHL-P v2
* (https:/cern.ch/cern-ohl).
*
* This documentation is distributed WITHOUT ANY EXPRESS OR IMPLIED
* WARRANTY, INCLUDING OF MERCHANTABILITY, SATISFACTORY QUALITY
* AND FITNESS FOR A PARTICULAR PURPOSE. 
* Please see the CERN-OHL-P v2 for applicable conditions
*/

FILE_DESCRIPTION(
/* description */ ('Unknown'),
/* implementation_level */ '2;1');

FILE_NAME(
/* name */ 'openFrame - Core Layer (V2.0)',
/* time_stamp */ '2025-08-20T09:47:57+01:00',
/* author */ ('Unknown'),
/* organization */ ('Unknown'),
/* preprocessor_version */ 'ST-DEVELOPER v20',
/* originating_system */ 'Solid Edge',
/* authorisation */ 'Unknown');

FILE_SCHEMA (('AUTOMOTIVE_DESIGN {1 0 10303 214 3 1 1}'));
ENDSEC;

DATA;
#10=PROPERTY_DEFINITION_REPRESENTATION(#14,#12);
#11=PROPERTY_DEFINITION_REPRESENTATION(#15,#13);
#12=REPRESENTATION('',(#16),#9692);
#13=REPRESENTATION('',(#17),#9692);
#14=PROPERTY_DEFINITION('pmi validation property','',#9697);
#15=PROPERTY_DEFINITION('pmi validation property','',#9697);
#16=VALUE_REPRESENTATION_ITEM('number of annotations',COUNT_MEASURE(0.));
#17=VALUE_REPRESENTATION_ITEM('number of views',COUNT_MEASURE(0.));
#18=SHAPE_REPRESENTATION_RELATIONSHIP('','',#6017,#19);
#19=ADVANCED_BREP_SHAPE_REPRESENTATION('',(#6015),#9692);
#20=B_SPLINE_SURFACE_WITH_KNOTS('',1,3,((#9386,#9387,#9388,#9389,#9390,
#9391,#9392,#9393,#9394,#9395),(#9396,#9397,#9398,#9399,#9400,#9401,#9402,
#9403,#9404,#9405)),.RULED_SURF.,.F.,.F.,.F.,(2,2),(4,2,2,2,4),(0.,1.),
(0.0833273239970225,0.291677278727522,0.500027233458021,0.70837718818852,
0.916727142919019),.UNSPECIFIED.);
#21=B_SPLINE_SURFACE_WITH_KNOTS('',1,3,((#9417,#9418,#9419,#9420,#9421,
#9422),(#9423,#9424,#9425,#9426,#9427,#9428)),.RULED_SURF.,.F.,.F.,.F.,
(2,2),(4,2,4),(0.,1.),(0.0274813131691669,0.513740656584584,1.),
 .UNSPECIFIED.);
#22=B_SPLINE_SURFACE_WITH_KNOTS('',1,3,((#9447,#9448,#9449,#9450,#9451,
#9452),(#9453,#9454,#9455,#9456,#9457,#9458)),.RULED_SURF.,.F.,.F.,.F.,
(2,2),(4,2,4),(0.,1.),(0.,0.48626008997793,0.972520179955861),
 .UNSPECIFIED.);
#23=B_SPLINE_SURFACE_WITH_KNOTS('',1,3,((#9463,#9464,#9465,#9466,#9467,
#9468),(#9469,#9470,#9471,#9472,#9473,#9474)),.RULED_SURF.,.F.,.F.,.F.,
(2,2),(4,2,4),(0.,1.),(-4.61966272228088E-16,0.486260089977933,0.972520179955866),
 .UNSPECIFIED.);
#24=B_SPLINE_SURFACE_WITH_KNOTS('',1,3,((#9489,#9490,#9491,#9492,#9493,
#9494),(#9495,#9496,#9497,#9498,#9499,#9500)),.RULED_SURF.,.F.,.F.,.F.,
(2,2),(4,2,4),(0.,1.),(0.0274813131691629,0.513740656584581,1.),
 .UNSPECIFIED.);
#25=B_SPLINE_SURFACE_WITH_KNOTS('',1,3,((#9522,#9523,#9524,#9525,#9526,
#9527,#9528,#9529,#9530,#9531),(#9532,#9533,#9534,#9535,#9536,#9537,#9538,
#9539,#9540,#9541)),.RULED_SURF.,.F.,.F.,.F.,(2,2),(4,2,2,2,4),(0.,1.),
(0.0833273239970219,0.291677278727521,0.50002723345802,0.70837718818852,
0.916727142919019),.UNSPECIFIED.);
#26=B_SPLINE_SURFACE_WITH_KNOTS('',1,3,((#9569,#9570,#9571,#9572,#9573,
#9574),(#9575,#9576,#9577,#9578,#9579,#9580)),.RULED_SURF.,.F.,.F.,.F.,
(2,2),(4,2,4),(0.,1.),(0.0274813131691592,0.51374065658458,1.),
 .UNSPECIFIED.);
#27=B_SPLINE_SURFACE_WITH_KNOTS('',1,3,((#9599,#9600,#9601,#9602,#9603,
#9604),(#9605,#9606,#9607,#9608,#9609,#9610)),.RULED_SURF.,.F.,.F.,.F.,
(2,2),(4,2,4),(0.,1.),(-4.61966272228088E-16,0.486260089977931,0.972520179955862),
 .UNSPECIFIED.);
#28=B_SPLINE_SURFACE_WITH_KNOTS('',1,3,((#9615,#9616,#9617,#9618,#9619,
#9620),(#9621,#9622,#9623,#9624,#9625,#9626)),.RULED_SURF.,.F.,.F.,.F.,
(2,2),(4,2,4),(0.,1.),(0.,0.486260089977931,0.972520179955861),
 .UNSPECIFIED.);
#29=B_SPLINE_SURFACE_WITH_KNOTS('',1,3,((#9641,#9642,#9643,#9644,#9645,
#9646),(#9647,#9648,#9649,#9650,#9651,#9652)),.RULED_SURF.,.F.,.F.,.F.,
(2,2),(4,2,4),(0.,1.),(0.0274813131691589,0.51374065658458,1.),
 .UNSPECIFIED.);
#30=CONICAL_SURFACE('',#6166,69.975,0.523598775598299);
#31=CONICAL_SURFACE('',#6239,28.45,0.785398163397448);
#32=CONICAL_SURFACE('',#6263,28.45,0.785398163397448);
#33=CONICAL_SURFACE('',#6272,70.525,0.785398163397448);
#34=CONICAL_SURFACE('',#6274,70.525,0.785398163397448);
#35=CONICAL_SURFACE('',#6323,74.5000000000002,0.785398163397296);
#36=CONICAL_SURFACE('',#6325,74.5000000000002,0.785398163397296);
#37=CONICAL_SURFACE('',#6339,74.5000000000002,0.785398163397296);
#38=CONICAL_SURFACE('',#6341,74.5000000000002,0.785398163397296);
#39=CONICAL_SURFACE('',#6355,74.5,0.785398163397448);
#40=CONICAL_SURFACE('',#6360,75.,0.785398163397448);
#41=CONICAL_SURFACE('',#6365,75.,0.785398163397448);
#42=CONICAL_SURFACE('',#6439,20.5,0.785398163397449);
#43=CONICAL_SURFACE('',#6440,20.,0.785398163397448);
#44=CONICAL_SURFACE('',#6441,4.,0.785398163397452);
#45=CONICAL_SURFACE('',#6444,8.5,0.785398163397448);
#46=CONICAL_SURFACE('',#6445,4.,0.785398163397445);
#47=CONICAL_SURFACE('',#6448,50.,0.785398163397448);
#48=CONICAL_SURFACE('',#6449,8.5,0.785398163397448);
#49=CONICAL_SURFACE('',#6453,2.05,0.785398163397445);
#50=CONICAL_SURFACE('',#6454,1.621,0.785398163397449);
#51=CONICAL_SURFACE('',#6455,1.621,0.785398163397449);
#52=CONICAL_SURFACE('',#6456,3.,0.785398163397447);
#53=CONICAL_SURFACE('',#6457,3.,0.785398163397447);
#54=CONICAL_SURFACE('',#6458,2.05,0.785398163397452);
#55=CONICAL_SURFACE('',#6460,75.,0.785398163397878);
#56=CONICAL_SURFACE('',#6461,75.,0.785398163397892);
#57=CONICAL_SURFACE('',#6463,4.,0.785398163397448);
#58=CONICAL_SURFACE('',#6466,4.,0.785398163397452);
#59=CONICAL_SURFACE('',#6467,4.,0.785398163397448);
#60=CONICAL_SURFACE('',#6470,4.,0.785398163397448);
#61=CONICAL_SURFACE('',#6473,2.55,0.785398163397452);
#62=CONICAL_SURFACE('',#6474,2.121,0.785398163397449);
#63=CONICAL_SURFACE('',#6475,2.121,0.785398163397449);
#64=CONICAL_SURFACE('',#6476,2.55,0.785398163397445);
#65=CONICAL_SURFACE('',#6477,3.5,0.785398163397447);
#66=CONICAL_SURFACE('',#6478,3.5,0.785398163397447);
#67=CONICAL_SURFACE('',#6480,4.5,0.785398163397448);
#68=CONICAL_SURFACE('',#6481,4.5,0.785398163397452);
#69=CONICAL_SURFACE('',#6484,4.5,0.785398163397448);
#70=CONICAL_SURFACE('',#6485,4.5,0.785398163397448);
#71=CONICAL_SURFACE('',#6488,74.4999999999996,0.785398163397878);
#72=CONICAL_SURFACE('',#6489,74.4999999999996,0.785398163397878);
#73=CONICAL_SURFACE('',#6491,26.,0.785398163397448);
#74=CONICAL_SURFACE('',#6492,1.87099999999999,0.78539816339744);
#75=CONICAL_SURFACE('',#6493,2.,0.785398163397455);
#76=CONICAL_SURFACE('',#6494,1.87099999999999,0.78539816339744);
#77=CONICAL_SURFACE('',#6495,1.87099999999999,0.78539816339744);
#78=CONICAL_SURFACE('',#6496,2.,0.785398163397455);
#79=CONICAL_SURFACE('',#6497,1.87099999999999,0.78539816339744);
#80=CONICAL_SURFACE('',#6498,1.871,0.78539816339745);
#81=CONICAL_SURFACE('',#6499,1.871,0.785398163397443);
#82=CONICAL_SURFACE('',#6500,1.871,0.785398163397443);
#83=CONICAL_SURFACE('',#6501,1.871,0.78539816339745);
#84=CONICAL_SURFACE('',#6502,1.871,0.78539816339745);
#85=CONICAL_SURFACE('',#6503,1.75,0.785398163397447);
#86=CONICAL_SURFACE('',#6504,1.871,0.785398163397443);
#87=CONICAL_SURFACE('',#6505,1.871,0.785398163397443);
#88=CONICAL_SURFACE('',#6506,1.871,0.78539816339745);
#89=CONICAL_SURFACE('',#6507,1.75,0.785398163397447);
#90=CONICAL_SURFACE('',#6508,1.75,0.785398163397451);
#91=CONICAL_SURFACE('',#6509,1.75,0.785398163397451);
#92=CONICAL_SURFACE('',#6510,1.75,0.785398163397447);
#93=CONICAL_SURFACE('',#6511,1.75,0.785398163397451);
#94=CONICAL_SURFACE('',#6512,1.75,0.785398163397447);
#95=CONICAL_SURFACE('',#6513,1.75,0.785398163397451);
#96=CONICAL_SURFACE('',#6514,2.3,0.785398163397441);
#97=CONICAL_SURFACE('',#6515,2.3,0.785398163397441);
#98=CONICAL_SURFACE('',#6516,2.3,0.785398163397441);
#99=CONICAL_SURFACE('',#6517,2.3,0.785398163397448);
#100=CONICAL_SURFACE('',#6518,2.3,0.785398163397441);
#101=CONICAL_SURFACE('',#6519,2.3,0.785398163397441);
#102=CONICAL_SURFACE('',#6520,2.3,0.785398163397441);
#103=CONICAL_SURFACE('',#6521,2.3,0.785398163397448);
#104=CONICAL_SURFACE('',#6522,69.725,0.785398163397421);
#105=B_SPLINE_CURVE_WITH_KNOTS('',3,(#7761,#7762,#7763,#7764,#7765,#7766,
#7767,#7768,#7769,#7770,#7771),.UNSPECIFIED.,.F.,.F.,(4,1,1,1,1,1,1,1,4),
(0.,0.25,0.375,0.4375,0.5,0.5625,0.625,0.75,1.),.UNSPECIFIED.);
#106=B_SPLINE_CURVE_WITH_KNOTS('',3,(#7780,#7781,#7782,#7783,#7784,#7785,
#7786,#7787,#7788,#7789,#7790),.UNSPECIFIED.,.F.,.F.,(4,1,1,1,1,1,1,1,4),
(0.,0.25,0.375,0.4375,0.5,0.5625,0.625,0.75,1.),.UNSPECIFIED.);
#107=B_SPLINE_CURVE_WITH_KNOTS('',3,(#7803,#7804,#7805,#7806,#7807,#7808),
 .UNSPECIFIED.,.F.,.F.,(4,1,1,4),(0.,0.00169582605358113,0.00339165210716226,
0.00678330421432452),.UNSPECIFIED.);
#108=B_SPLINE_CURVE_WITH_KNOTS('',3,(#7857,#7858,#7859,#7860,#7861,#7862,
#7863,#7864,#7865,#7866,#7867,#7868,#7869),.UNSPECIFIED.,.T.,.F.,(1,1,1,
1,1,1,1,1,1,1,1,1,1,1,1,1,1),(-0.00261153818029862,-0.00195865363522397,
-0.00130576909014931,0.,0.00130576909014931,0.00261153818029862,0.00391730727044793,
0.00522307636059725,0.00652884545074656,0.00718172999582121,0.00783461454089587,
0.00848749908597052,0.00914038363104518,0.0104461527211945,0.0117519218113438,
0.0130576909014931,0.0143634599916424),.UNSPECIFIED.);
#109=B_SPLINE_CURVE_WITH_KNOTS('',3,(#7892,#7893,#7894,#7895,#7896,#7897,
#7898),.UNSPECIFIED.,.F.,.F.,(4,1,1,1,4),(0.,0.00168762667328837,0.00337525334657675,
0.00506288001986512,0.0067505066931535),.UNSPECIFIED.);
#110=B_SPLINE_CURVE_WITH_KNOTS('',3,(#7912,#7913,#7914,#7915,#7916,#7917,
#7918,#7919,#7920,#7921,#7922,#7923),.UNSPECIFIED.,.T.,.F.,(1,1,1,1,1,1,
1,1,1,1,1,1,1,1,1,1),(-0.00391123279853448,-0.00260748853235632,-0.00130374426617816,
0.,0.00130374426617816,0.00260748853235632,0.0032593606654454,0.00391123279853448,
0.00521497706471265,0.00651872133089081,0.00782246559706897,0.00912620986324713,
0.0104299541294253,0.0117336983956035,0.0130374426617816,0.0136893147948707),
 .UNSPECIFIED.);
#111=B_SPLINE_CURVE_WITH_KNOTS('',3,(#7931,#7932,#7933,#7934,#7935,#7936,
#7937,#7938,#7939,#7940,#7941,#7942,#7943,#7944,#7945,#7946,#7947,#7948,
#7949),.UNSPECIFIED.,.T.,.F.,(1,1,1,1,1,1,1,1,1,1,1,1,1,1,1,1,1,1,1,1,1,
1,1),(-0.00409277518988969,-0.00272851679325979,-0.0013642583966299,0.,
0.0013642583966299,0.00272851679325979,0.00409277518988969,0.00545703358651959,
0.00682129198314948,0.00818555037977938,0.00954980877640928,0.0109140671730392,
0.0122783255696691,0.013642583966299,0.0150068423629289,0.0163711007595588,
0.0177353591561887,0.0190996175528186,0.0204638759494485,0.0218281343460784,
0.0231923927427082,0.0245566511393381,0.025920909535968),.UNSPECIFIED.);
#112=B_SPLINE_CURVE_WITH_KNOTS('',3,(#7954,#7955,#7956,#7957,#7958,#7959,
#7960,#7961,#7962,#7963,#7964,#7965,#7966,#7967,#7968,#7969,#7970,#7971,
#7972),.UNSPECIFIED.,.T.,.F.,(1,1,1,1,1,1,1,1,1,1,1,1,1,1,1,1,1,1,1,1,1,
1,1),(-0.00408940019333787,-0.00272626679555858,-0.00136313339777929,0.,
0.00136313339777929,0.00272626679555858,0.00408940019333787,0.00545253359111716,
0.00681566698889646,0.00817880038667575,0.00954193378445504,0.0109050671822343,
0.0122682005800136,0.0136313339777929,0.0149944673755722,0.0163576007733515,
0.0177207341711308,0.0190838675689101,0.0204470009666894,0.0218101343644687,
0.0231732677622479,0.0245364011600272,0.0258995345578065),.UNSPECIFIED.);
#113=B_SPLINE_CURVE_WITH_KNOTS('',3,(#7977,#7978,#7979,#7980,#7981,#7982,
#7983,#7984,#7985,#7986,#7987,#7988,#7989,#7990,#7991,#7992),
 .UNSPECIFIED.,.F.,.F.,(4,1,1,1,1,1,1,1,1,1,1,1,1,4),(0.,0.25,0.375,0.4375,
0.46875,0.5,0.53125,0.5625,0.625,0.6875,0.75,0.8125,0.875,1.),
 .UNSPECIFIED.);
#114=B_SPLINE_CURVE_WITH_KNOTS('',3,(#8002,#8003,#8004,#8005,#8006,#8007,
#8008,#8009,#8010,#8011,#8012,#8013,#8014,#8015,#8016,#8017),
 .UNSPECIFIED.,.F.,.F.,(4,1,1,1,1,1,1,1,1,1,1,1,1,4),(0.,0.25,0.375,0.4375,
0.46875,0.5,0.53125,0.5625,0.625,0.6875,0.75,0.8125,0.875,1.),
 .UNSPECIFIED.);
#115=B_SPLINE_CURVE_WITH_KNOTS('',3,(#8161,#8162,#8163,#8164,#8165,#8166,
#8167,#8168,#8169,#8170,#8171),.UNSPECIFIED.,.T.,.F.,(1,1,1,1,1,1,1,1,1,
1,1,1,1,1,1),(-0.00380135190402806,-0.00253423460268537,-0.00126711730134269,
0.,0.00126711730134269,0.00253423460268537,0.00380135190402806,0.00506846920537075,
0.00633558650671343,0.00760270380805612,0.00886982110939881,0.0101369384107415,
0.0114040557120842,0.0126711730134269,0.0139382903147696),.UNSPECIFIED.);
#116=B_SPLINE_CURVE_WITH_KNOTS('',3,(#8173,#8174,#8175,#8176,#8177,#8178,
#8179,#8180,#8181,#8182,#8183),.UNSPECIFIED.,.T.,.F.,(1,1,1,1,1,1,1,1,1,
1,1,1,1,1,1),(-0.00380135190402805,-0.00253423460268537,-0.00126711730134268,
0.,0.00126711730134268,0.00253423460268537,0.00380135190402805,0.00506846920537073,
0.00633558650671342,0.0076027038080561,0.00886982110939878,0.0101369384107415,
0.0114040557120842,0.0126711730134268,0.0139382903147695),.UNSPECIFIED.);
#117=B_SPLINE_CURVE_WITH_KNOTS('',3,(#8190,#8191,#8192,#8193,#8194,#8195,
#8196,#8197,#8198,#8199,#8200),.UNSPECIFIED.,.T.,.F.,(1,1,1,1,1,1,1,1,1,
1,1,1,1,1,1),(-0.00380135190402805,-0.00253423460268537,-0.00126711730134268,
0.,0.00126711730134268,0.00253423460268537,0.00380135190402805,0.00506846920537073,
0.00633558650671342,0.0076027038080561,0.00886982110939878,0.0101369384107415,
0.0114040557120842,0.0126711730134268,0.0139382903147695),.UNSPECIFIED.);
#118=B_SPLINE_CURVE_WITH_KNOTS('',3,(#8202,#8203,#8204,#8205,#8206,#8207,
#8208,#8209,#8210,#8211,#8212),.UNSPECIFIED.,.T.,.F.,(1,1,1,1,1,1,1,1,1,
1,1,1,1,1,1),(-0.00380135190402806,-0.00253423460268537,-0.00126711730134269,
0.,0.00126711730134269,0.00253423460268537,0.00380135190402806,0.00506846920537075,
0.00633558650671343,0.00760270380805612,0.00886982110939881,0.0101369384107415,
0.0114040557120842,0.0126711730134269,0.0139382903147696),.UNSPECIFIED.);
#119=B_SPLINE_CURVE_WITH_KNOTS('',3,(#8384,#8385,#8386,#8387),
 .UNSPECIFIED.,.F.,.F.,(4,4),(2.83689920251561E-7,0.000709493312486655),
 .UNSPECIFIED.);
#120=B_SPLINE_CURVE_WITH_KNOTS('',3,(#8391,#8392,#8393,#8394),
 .UNSPECIFIED.,.F.,.F.,(4,4),(2.83677821394656E-7,0.000709493300387784),
 .UNSPECIFIED.);
#121=B_SPLINE_CURVE_WITH_KNOTS('',3,(#8399,#8400,#8401,#8402),
 .UNSPECIFIED.,.F.,.F.,(4,4),(2.83689920251561E-7,0.000709493312486655),
 .UNSPECIFIED.);
#122=B_SPLINE_CURVE_WITH_KNOTS('',3,(#8406,#8407,#8408,#8409),
 .UNSPECIFIED.,.F.,.F.,(4,4),(2.83677821394656E-7,0.000709493300387784),
 .UNSPECIFIED.);
#123=B_SPLINE_CURVE_WITH_KNOTS('',3,(#8518,#8519,#8520,#8521,#8522,#8523,
#8524,#8525,#8526,#8527,#8528,#8529,#8530,#8531,#8532,#8533,#8534,#8535,
#8536,#8537,#8538),.UNSPECIFIED.,.F.,.F.,(4,1,1,1,1,1,1,1,1,1,1,1,1,1,1,
1,1,1,4),(0.,0.00137969794713553,0.00275939589427107,0.0041390938414066,
0.00551879178854214,0.00689848973567767,0.00827818768281321,0.00965788562994874,
0.0103477346035165,0.0110375835770843,0.011727432550652,0.0124172815242198,
0.0137969794713553,0.0151766774184909,0.0165563753656264,0.017936073312762,
0.0193157712598975,0.020695469207033,0.0220751671541686),.UNSPECIFIED.);
#124=B_SPLINE_CURVE_WITH_KNOTS('',3,(#8545,#8546,#8547,#8548,#8549,#8550,
#8551,#8552,#8553,#8554,#8555,#8556,#8557,#8558,#8559,#8560,#8561,#8562,
#8563,#8564,#8565),.UNSPECIFIED.,.F.,.F.,(4,1,1,1,1,1,1,1,1,1,1,1,1,1,1,
1,1,1,4),(0.,0.00137969794713553,0.00275939589427107,0.0041390938414066,
0.00551879178854214,0.00689848973567767,0.00827818768281321,0.00965788562994874,
0.0103477346035165,0.0110375835770843,0.011727432550652,0.0124172815242198,
0.0137969794713553,0.0151766774184909,0.0165563753656264,0.017936073312762,
0.0193157712598975,0.020695469207033,0.0220751671541686),.UNSPECIFIED.);
#125=B_SPLINE_CURVE_WITH_KNOTS('',3,(#8569,#8570,#8571,#8572),
 .UNSPECIFIED.,.F.,.F.,(4,4),(0.,0.00134565900385246),.UNSPECIFIED.);
#126=B_SPLINE_CURVE_WITH_KNOTS('',3,(#8576,#8577,#8578,#8579),
 .UNSPECIFIED.,.F.,.F.,(4,4),(0.,0.00134565900385246),.UNSPECIFIED.);
#127=B_SPLINE_CURVE_WITH_KNOTS('',3,(#8581,#8582,#8583,#8584),
 .UNSPECIFIED.,.F.,.F.,(4,4),(0.,0.00134565900385246),.UNSPECIFIED.);
#128=B_SPLINE_CURVE_WITH_KNOTS('',3,(#8588,#8589,#8590,#8591),
 .UNSPECIFIED.,.F.,.F.,(4,4),(0.,0.00134565900385246),.UNSPECIFIED.);
#129=B_SPLINE_CURVE_WITH_KNOTS('',3,(#8615,#8616,#8617,#8618,#8619,#8620,
#8621,#8622,#8623,#8624,#8625,#8626,#8627,#8628,#8629,#8630,#8631,#8632,
#8633,#8634,#8635),.UNSPECIFIED.,.F.,.F.,(4,1,1,1,1,1,1,1,1,1,1,1,1,1,1,
1,1,1,4),(0.,0.00137969794713553,0.00275939589427107,0.0041390938414066,
0.00551879178854214,0.00689848973567767,0.00827818768281321,0.00965788562994874,
0.0103477346035165,0.0110375835770843,0.011727432550652,0.0124172815242198,
0.0137969794713553,0.0151766774184909,0.0165563753656264,0.017936073312762,
0.0193157712598975,0.020695469207033,0.0220751671541686),.UNSPECIFIED.);
#130=B_SPLINE_CURVE_WITH_KNOTS('',3,(#8639,#8640,#8641,#8642),
 .UNSPECIFIED.,.F.,.F.,(4,4),(0.,0.00134565900385246),.UNSPECIFIED.);
#131=B_SPLINE_CURVE_WITH_KNOTS('',3,(#8646,#8647,#8648,#8649),
 .UNSPECIFIED.,.F.,.F.,(4,4),(0.,0.00134565900385246),.UNSPECIFIED.);
#132=B_SPLINE_CURVE_WITH_KNOTS('',3,(#8651,#8652,#8653,#8654),
 .UNSPECIFIED.,.F.,.F.,(4,4),(0.,0.00134565900385246),.UNSPECIFIED.);
#133=B_SPLINE_CURVE_WITH_KNOTS('',3,(#8658,#8659,#8660,#8661),
 .UNSPECIFIED.,.F.,.F.,(4,4),(0.,0.00134565900385246),.UNSPECIFIED.);
#134=B_SPLINE_CURVE_WITH_KNOTS('',3,(#8685,#8686,#8687,#8688,#8689,#8690,
#8691,#8692,#8693,#8694,#8695,#8696,#8697,#8698,#8699,#8700,#8701,#8702,
#8703,#8704,#8705),.UNSPECIFIED.,.F.,.F.,(4,1,1,1,1,1,1,1,1,1,1,1,1,1,1,
1,1,1,4),(0.,0.00137969794713553,0.00275939589427107,0.0041390938414066,
0.00551879178854214,0.00689848973567767,0.00827818768281321,0.00965788562994874,
0.0103477346035165,0.0110375835770843,0.011727432550652,0.0124172815242198,
0.0137969794713553,0.0151766774184909,0.0165563753656264,0.017936073312762,
0.0193157712598975,0.020695469207033,0.0220751671541686),.UNSPECIFIED.);
#135=B_SPLINE_CURVE_WITH_KNOTS('',3,(#8712,#8713,#8714,#8715),
 .UNSPECIFIED.,.F.,.F.,(4,4),(2.83590284651251E-7,6.34478307946686E-6),
 .UNSPECIFIED.);
#136=B_SPLINE_CURVE_WITH_KNOTS('',3,(#8724,#8725,#8726,#8727,#8728,#8729,
#8730,#8731,#8732,#8733,#8734,#8735,#8736,#8737,#8738,#8739,#8740,#8741,
#8742,#8743,#8744),.UNSPECIFIED.,.F.,.F.,(4,1,1,1,1,1,1,1,1,1,1,1,1,1,1,
1,1,1,4),(0.,0.125,0.1875,0.21875,0.25,0.3125,0.375,0.4375,0.46875,0.5,
0.53125,0.5625,0.625,0.6875,0.75,0.78125,0.8125,0.875,1.),.UNSPECIFIED.);
#137=B_SPLINE_CURVE_WITH_KNOTS('',3,(#8750,#8751,#8752,#8753),
 .UNSPECIFIED.,.F.,.F.,(4,4),(0.000703185520274873,0.000709246713069648),
 .UNSPECIFIED.);
#138=B_SPLINE_CURVE_WITH_KNOTS('',3,(#8759,#8760,#8761,#8762),
 .UNSPECIFIED.,.F.,.F.,(4,4),(0.,0.000831622868982917),.UNSPECIFIED.);
#139=B_SPLINE_CURVE_WITH_KNOTS('',3,(#8764,#8765,#8766,#8767),
 .UNSPECIFIED.,.F.,.F.,(4,4),(2.83590284651251E-7,6.34478306890283E-6),
 .UNSPECIFIED.);
#140=B_SPLINE_CURVE_WITH_KNOTS('',3,(#8768,#8769,#8770,#8771),
 .UNSPECIFIED.,.F.,.F.,(4,4),(6.93889390390723E-18,0.00083162286897449),
 .UNSPECIFIED.);
#141=B_SPLINE_CURVE_WITH_KNOTS('',3,(#8778,#8779,#8780,#8781,#8782,#8783,
#8784,#8785,#8786,#8787,#8788,#8789,#8790,#8791,#8792,#8793,#8794,#8795,
#8796,#8797,#8798),.UNSPECIFIED.,.F.,.F.,(4,1,1,1,1,1,1,1,1,1,1,1,1,1,1,
1,1,1,4),(0.,0.125,0.1875,0.21875,0.25,0.3125,0.375,0.4375,0.46875,0.5,
0.53125,0.5625,0.625,0.6875,0.75,0.78125,0.8125,0.875,1.),.UNSPECIFIED.);
#142=B_SPLINE_CURVE_WITH_KNOTS('',3,(#8804,#8805,#8806,#8807),
 .UNSPECIFIED.,.F.,.F.,(4,4),(0.000703185520274873,0.000709246713069648),
 .UNSPECIFIED.);
#143=B_SPLINE_CURVE_WITH_KNOTS('',3,(#8812,#8813,#8814,#8815),
 .UNSPECIFIED.,.F.,.F.,(4,4),(6.93889390390723E-18,0.000831622868974502),
 .UNSPECIFIED.);
#144=B_SPLINE_CURVE_WITH_KNOTS('',3,(#8819,#8820,#8821,#8822),
 .UNSPECIFIED.,.F.,.F.,(4,4),(6.93889390390723E-18,0.000831622868974471),
 .UNSPECIFIED.);
#145=B_SPLINE_CURVE_WITH_KNOTS('',3,(#8826,#8827,#8828,#8829,#8830,#8831,
#8832,#8833,#8834,#8835,#8836,#8837,#8838,#8839,#8840,#8841),
 .UNSPECIFIED.,.F.,.F.,(4,1,1,1,1,1,1,1,1,1,1,1,1,4),(0.,0.25,0.375,0.4375,
0.46875,0.5,0.53125,0.5625,0.625,0.6875,0.75,0.8125,0.875,1.),
 .UNSPECIFIED.);
#146=B_SPLINE_CURVE_WITH_KNOTS('',3,(#8849,#8850,#8851,#8852,#8853,#8854,
#8855,#8856,#8857,#8858,#8859),.UNSPECIFIED.,.F.,.F.,(4,1,1,1,1,1,1,1,4),
(0.,0.25,0.375,0.4375,0.5,0.5625,0.625,0.75,1.),.UNSPECIFIED.);
#147=B_SPLINE_CURVE_WITH_KNOTS('',3,(#8867,#8868,#8869,#8870,#8871,#8872,
#8873,#8874,#8875,#8876,#8877,#8878,#8879,#8880,#8881,#8882),
 .UNSPECIFIED.,.F.,.F.,(4,1,1,1,1,1,1,1,1,1,1,1,1,4),(0.,0.25,0.375,0.4375,
0.46875,0.5,0.53125,0.5625,0.625,0.6875,0.75,0.8125,0.875,1.),
 .UNSPECIFIED.);
#148=B_SPLINE_CURVE_WITH_KNOTS('',3,(#8890,#8891,#8892,#8893,#8894,#8895,
#8896,#8897,#8898,#8899,#8900),.UNSPECIFIED.,.F.,.F.,(4,1,1,1,1,1,1,1,4),
(0.,0.25,0.375,0.4375,0.5,0.5625,0.625,0.75,1.),.UNSPECIFIED.);
#149=B_SPLINE_CURVE_WITH_KNOTS('',3,(#8909,#8910,#8911,#8912,#8913,#8914,
#8915,#8916,#8917,#8918),.UNSPECIFIED.,.F.,.F.,(4,1,1,1,1,1,1,4),(0.,0.125,
0.25,0.375,0.5,0.625,0.75,1.),.UNSPECIFIED.);
#150=B_SPLINE_CURVE_WITH_KNOTS('',3,(#8922,#8923,#8924,#8925,#8926,#8927,
#8928,#8929,#8930,#8931),.UNSPECIFIED.,.F.,.F.,(4,1,1,1,1,1,1,4),(0.,0.25,
0.375,0.5,0.625,0.75,0.875,1.),.UNSPECIFIED.);
#151=B_SPLINE_CURVE_WITH_KNOTS('',3,(#8935,#8936,#8937,#8938,#8939,#8940,
#8941,#8942,#8943,#8944),.UNSPECIFIED.,.F.,.F.,(4,1,1,1,1,1,1,4),(0.,0.125,
0.25,0.375,0.5,0.625,0.75,1.),.UNSPECIFIED.);
#152=B_SPLINE_CURVE_WITH_KNOTS('',3,(#8948,#8949,#8950,#8951,#8952,#8953,
#8954,#8955,#8956,#8957),.UNSPECIFIED.,.F.,.F.,(4,1,1,1,1,1,1,4),(0.,0.25,
0.375,0.5,0.625,0.75,0.875,1.),.UNSPECIFIED.);
#153=B_SPLINE_CURVE_WITH_KNOTS('',3,(#8961,#8962,#8963,#8964,#8965,#8966,
#8967,#8968,#8969,#8970),.UNSPECIFIED.,.F.,.F.,(4,1,1,1,1,1,1,4),(0.,0.25,
0.375,0.5,0.625,0.75,0.875,1.),.UNSPECIFIED.);
#154=B_SPLINE_CURVE_WITH_KNOTS('',3,(#8974,#8975,#8976,#8977,#8978,#8979,
#8980,#8981,#8982,#8983),.UNSPECIFIED.,.F.,.F.,(4,1,1,1,1,1,1,4),(0.,0.125,
0.25,0.375,0.5,0.625,0.75,1.),.UNSPECIFIED.);
#155=B_SPLINE_CURVE_WITH_KNOTS('',3,(#8987,#8988,#8989,#8990,#8991,#8992,
#8993,#8994,#8995,#8996),.UNSPECIFIED.,.F.,.F.,(4,1,1,1,1,1,1,4),(0.,0.25,
0.375,0.5,0.625,0.75,0.875,1.),.UNSPECIFIED.);
#156=B_SPLINE_CURVE_WITH_KNOTS('',3,(#9000,#9001,#9002,#9003,#9004,#9005,
#9006,#9007,#9008,#9009),.UNSPECIFIED.,.F.,.F.,(4,1,1,1,1,1,1,4),(0.,0.125,
0.25,0.375,0.5,0.625,0.75,1.),.UNSPECIFIED.);
#157=B_SPLINE_CURVE_WITH_KNOTS('',3,(#9010,#9011,#9012,#9013,#9014,#9015,
#9016,#9017,#9018,#9019,#9020,#9021,#9022,#9023,#9024,#9025,#9026),
 .UNSPECIFIED.,.F.,.F.,(4,1,1,1,1,1,1,1,1,1,1,1,1,1,4),(0.,0.0625,0.125,
0.25,0.3125,0.375,0.4375,0.5,0.5625,0.625,0.6875,0.75,0.875,0.9375,1.),
 .UNSPECIFIED.);
#158=B_SPLINE_CURVE_WITH_KNOTS('',3,(#9032,#9033,#9034,#9035,#9036,#9037,
#9038,#9039,#9040,#9041,#9042,#9043,#9044,#9045,#9046,#9047,#9048),
 .UNSPECIFIED.,.F.,.F.,(4,1,1,1,1,1,1,1,1,1,1,1,1,1,4),(0.,0.0625,0.125,
0.25,0.3125,0.375,0.4375,0.5,0.5625,0.625,0.6875,0.75,0.875,0.9375,1.),
 .UNSPECIFIED.);
#159=B_SPLINE_CURVE_WITH_KNOTS('',3,(#9057,#9058,#9059,#9060,#9061,#9062,
#9063,#9064,#9065,#9066,#9067,#9068,#9069,#9070,#9071,#9072,#9073,#9074,
#9075),.UNSPECIFIED.,.T.,.F.,(1,1,1,1,1,1,1,1,1,1,1,1,1,1,1,1,1,1,1,1,1,
1,1),(-0.00409277518988969,-0.00272851679325979,-0.0013642583966299,0.,
0.0013642583966299,0.00272851679325979,0.00409277518988969,0.00545703358651959,
0.00682129198314948,0.00818555037977938,0.00954980877640927,0.0109140671730392,
0.0122783255696691,0.013642583966299,0.0150068423629289,0.0163711007595588,
0.0177353591561887,0.0190996175528185,0.0204638759494484,0.0218281343460783,
0.0231923927427082,0.0245566511393381,0.025920909535968),.UNSPECIFIED.);
#160=B_SPLINE_CURVE_WITH_KNOTS('',3,(#9080,#9081,#9082,#9083,#9084,#9085,
#9086,#9087,#9088,#9089,#9090,#9091,#9092,#9093,#9094,#9095,#9096,#9097,
#9098),.UNSPECIFIED.,.T.,.F.,(1,1,1,1,1,1,1,1,1,1,1,1,1,1,1,1,1,1,1,1,1,
1,1),(-0.00408940019333788,-0.00272626679555859,-0.00136313339777929,0.,
0.00136313339777929,0.00272626679555858,0.00408940019333788,0.00545253359111717,
0.00681566698889646,0.00817880038667575,0.00954193378445504,0.0109050671822343,
0.0122682005800136,0.0136313339777929,0.0149944673755722,0.0163576007733515,
0.0177207341711308,0.0190838675689101,0.0204470009666894,0.0218101343644687,
0.023173267762248,0.0245364011600273,0.0258995345578065),.UNSPECIFIED.);
#161=B_SPLINE_CURVE_WITH_KNOTS('',3,(#9101,#9102,#9103,#9104,#9105,#9106,
#9107,#9108,#9109,#9110,#9111,#9112,#9113,#9114,#9115,#9116,#9117,#9118,
#9119,#9120,#9121,#9122,#9123,#9124,#9125,#9126,#9127,#9128,#9129,#9130,
#9131,#9132,#9133,#9134,#9135,#9136,#9137,#9138,#9139,#9140,#9141,#9142,
#9143,#9144,#9145,#9146,#9147),.UNSPECIFIED.,.T.,.F.,(1,1,1,1,1,1,1,1,1,
1,1,1,1,1,1,1,1,1,1,1,1,1,1,1,1,1,1,1,1,1,1,1,1,1,1,1,1,1,1,1,1,1,1,1,1,
1,1,1,1,1,1),(-0.0152066780067504,-0.0101377853378336,-0.0050688926689168,
0.,0.0050688926689168,0.0101377853378336,0.0152066780067504,0.0202755706756672,
0.0228100170101256,0.025344463344584,0.0304133560135008,0.0354822486824176,
0.0405511413513344,0.0430855876857928,0.0456200340202512,0.0481544803547096,
0.050688926689168,0.0557578193580848,0.0608267120270016,0.0658956046959184,
0.0684300510303768,0.0709644973648352,0.0734989436992936,0.076033390033752,
0.0811022827026688,0.0861711753715856,0.0912400680405023,0.0937745143749607,
0.0963089607094191,0.101377853378336,0.106446746047253,0.108981192381711,
0.11151563871617,0.114050085050628,0.116584531385086,0.119118977719545,
0.121653424054003,0.124187870388462,0.12672231672292,0.131791209391837,
0.134325655726295,0.136860102060754,0.139394548395212,0.14192899472967,
0.146997887398587,0.152066780067504,0.157135672736421,0.162204565405338,
0.167273458074254,0.172342350743171,0.177411243412088),.UNSPECIFIED.);
#162=B_SPLINE_CURVE_WITH_KNOTS('',3,(#9152,#9153,#9154,#9155,#9156,#9157,
#9158,#9159,#9160,#9161,#9162,#9163,#9164,#9165,#9166,#9167,#9168,#9169,
#9170,#9171,#9172,#9173,#9174,#9175,#9176,#9177,#9178,#9179,#9180,#9181,
#9182,#9183,#9184,#9185,#9186,#9187,#9188,#9189,#9190,#9191,#9192,#9193,
#9194,#9195,#9196,#9197),.UNSPECIFIED.,.T.,.F.,(1,1,1,1,1,1,1,1,1,1,1,1,
1,1,1,1,1,1,1,1,1,1,1,1,1,1,1,1,1,1,1,1,1,1,1,1,1,1,1,1,1,1,1,1,1,1,1,1,
1,1),(-0.0152044327812285,-0.010136288520819,-0.0050681442604095,0.,0.00506814426040949,
0.010136288520819,0.0152044327812285,0.020272577041638,0.0228066491718427,
0.0253407213020474,0.0304088655624569,0.0354770098228664,0.0405451540832759,
0.0430792262134807,0.0456132983436854,0.0481473704738901,0.0506814426040949,
0.0557495868645044,0.0608177311249139,0.0658858753853234,0.0684199475155281,
0.0709540196457328,0.0734880917759376,0.0760221639061423,0.0810903081665518,
0.0861584524269613,0.0912265966873708,0.0962947409477803,0.10136288520819,
0.106431029468599,0.108965101598804,0.111499173729009,0.114033245859214,
0.116567317989418,0.119101390119623,0.121635462249828,0.124169534380032,
0.126703606510237,0.131771750770647,0.134305822900851,0.136839895031056,
0.139373967161261,0.141908039291466,0.146976183551875,0.152044327812285,
0.157112472072694,0.162180616333104,0.167248760593513,0.172316904853923,
0.177385049114332),.UNSPECIFIED.);
#163=B_SPLINE_CURVE_WITH_KNOTS('',3,(#9207,#9208,#9209,#9210,#9211,#9212),
 .UNSPECIFIED.,.F.,.F.,(4,1,1,4),(5.20417042793042E-18,0.00169582605358114,
0.00339165210716227,0.00678330421432454),.UNSPECIFIED.);
#164=B_SPLINE_CURVE_WITH_KNOTS('',3,(#9224,#9225,#9226,#9227,#9228,#9229,
#9230),.UNSPECIFIED.,.F.,.F.,(4,1,1,1,4),(0.,0.00168762667328838,0.00337525334657675,
0.00506288001986513,0.0067505066931535),.UNSPECIFIED.);
#165=B_SPLINE_CURVE_WITH_KNOTS('',3,(#9242,#9243,#9244,#9245,#9246,#9247),
 .UNSPECIFIED.,.F.,.F.,(4,1,1,4),(0.,0.00169582605358113,0.00339165210716226,
0.00678330421432452),.UNSPECIFIED.);
#166=B_SPLINE_CURVE_WITH_KNOTS('',3,(#9259,#9260,#9261,#9262,#9263,#9264,
#9265),.UNSPECIFIED.,.F.,.F.,(4,1,1,1,4),(0.,0.00168762667328837,0.00337525334657675,
0.00506288001986512,0.0067505066931535),.UNSPECIFIED.);
#167=B_SPLINE_CURVE_WITH_KNOTS('',3,(#9351,#9352,#9353,#9354),
 .UNSPECIFIED.,.F.,.F.,(4,4),(0.,0.000850242530107366),.UNSPECIFIED.);
#168=B_SPLINE_CURVE_WITH_KNOTS('',3,(#9362,#9363,#9364,#9365),
 .UNSPECIFIED.,.F.,.F.,(4,4),(0.,0.000850242530107366),.UNSPECIFIED.);
#169=B_SPLINE_CURVE_WITH_KNOTS('',3,(#9367,#9368,#9369,#9370),
 .UNSPECIFIED.,.F.,.F.,(4,4),(0.,0.000730683635776572),.UNSPECIFIED.);
#170=B_SPLINE_CURVE_WITH_KNOTS('',3,(#9374,#9375,#9376,#9377),
 .UNSPECIFIED.,.F.,.F.,(4,4),(0.,0.000730683635776574),.UNSPECIFIED.);
#171=B_SPLINE_CURVE_WITH_KNOTS('',3,(#9382,#9383,#9384,#9385),
 .UNSPECIFIED.,.F.,.F.,(4,4),(0.,1.),.UNSPECIFIED.);
#172=B_SPLINE_CURVE_WITH_KNOTS('',3,(#9406,#9407,#9408,#9409),
 .UNSPECIFIED.,.F.,.F.,(4,4),(0.,1.),.UNSPECIFIED.);
#173=B_SPLINE_CURVE_WITH_KNOTS('',3,(#9429,#9430,#9431,#9432),
 .UNSPECIFIED.,.F.,.F.,(4,4),(0.,1.),.UNSPECIFIED.);
#174=B_SPLINE_CURVE_WITH_KNOTS('',3,(#9433,#9434,#9435,#9436),
 .UNSPECIFIED.,.F.,.F.,(4,4),(0.,1.),.UNSPECIFIED.);
#175=B_SPLINE_CURVE_WITH_KNOTS('',3,(#9438,#9439,#9440,#9441),
 .UNSPECIFIED.,.F.,.F.,(4,4),(0.,1.),.UNSPECIFIED.);
#176=B_SPLINE_CURVE_WITH_KNOTS('',3,(#9443,#9444,#9445,#9446),
 .UNSPECIFIED.,.F.,.F.,(4,4),(0.,1.),.UNSPECIFIED.);
#177=B_SPLINE_CURVE_WITH_KNOTS('',3,(#9459,#9460,#9461,#9462),
 .UNSPECIFIED.,.F.,.F.,(4,4),(0.,1.),.UNSPECIFIED.);
#178=B_SPLINE_CURVE_WITH_KNOTS('',3,(#9475,#9476,#9477,#9478),
 .UNSPECIFIED.,.F.,.F.,(4,4),(0.,1.),.UNSPECIFIED.);
#179=B_SPLINE_CURVE_WITH_KNOTS('',3,(#9480,#9481,#9482,#9483),
 .UNSPECIFIED.,.F.,.F.,(4,4),(0.,1.),.UNSPECIFIED.);
#180=B_SPLINE_CURVE_WITH_KNOTS('',3,(#9485,#9486,#9487,#9488),
 .UNSPECIFIED.,.F.,.F.,(4,4),(0.,1.),.UNSPECIFIED.);
#181=B_SPLINE_CURVE_WITH_KNOTS('',3,(#9518,#9519,#9520,#9521),
 .UNSPECIFIED.,.F.,.F.,(4,4),(0.,1.),.UNSPECIFIED.);
#182=B_SPLINE_CURVE_WITH_KNOTS('',3,(#9542,#9543,#9544,#9545),
 .UNSPECIFIED.,.F.,.F.,(4,4),(0.,1.),.UNSPECIFIED.);
#183=B_SPLINE_CURVE_WITH_KNOTS('',3,(#9581,#9582,#9583,#9584),
 .UNSPECIFIED.,.F.,.F.,(4,4),(0.,1.),.UNSPECIFIED.);
#184=B_SPLINE_CURVE_WITH_KNOTS('',3,(#9585,#9586,#9587,#9588),
 .UNSPECIFIED.,.F.,.F.,(4,4),(0.,1.),.UNSPECIFIED.);
#185=B_SPLINE_CURVE_WITH_KNOTS('',3,(#9590,#9591,#9592,#9593),
 .UNSPECIFIED.,.F.,.F.,(4,4),(0.,1.),.UNSPECIFIED.);
#186=B_SPLINE_CURVE_WITH_KNOTS('',3,(#9595,#9596,#9597,#9598),
 .UNSPECIFIED.,.F.,.F.,(4,4),(0.,1.),.UNSPECIFIED.);
#187=B_SPLINE_CURVE_WITH_KNOTS('',3,(#9611,#9612,#9613,#9614),
 .UNSPECIFIED.,.F.,.F.,(4,4),(0.,1.),.UNSPECIFIED.);
#188=B_SPLINE_CURVE_WITH_KNOTS('',3,(#9627,#9628,#9629,#9630),
 .UNSPECIFIED.,.F.,.F.,(4,4),(0.,1.),.UNSPECIFIED.);
#189=B_SPLINE_CURVE_WITH_KNOTS('',3,(#9632,#9633,#9634,#9635),
 .UNSPECIFIED.,.F.,.F.,(4,4),(0.,1.),.UNSPECIFIED.);
#190=B_SPLINE_CURVE_WITH_KNOTS('',3,(#9637,#9638,#9639,#9640),
 .UNSPECIFIED.,.F.,.F.,(4,4),(0.,1.),.UNSPECIFIED.);
#191=CYLINDRICAL_SURFACE('',#6027,2.05);
#192=CYLINDRICAL_SURFACE('',#6029,2.05);
#193=CYLINDRICAL_SURFACE('',#6031,5.);
#194=CYLINDRICAL_SURFACE('',#6033,5.);
#195=CYLINDRICAL_SURFACE('',#6035,4.);
#196=CYLINDRICAL_SURFACE('',#6037,4.);
#197=CYLINDRICAL_SURFACE('',#6052,1.621);
#198=CYLINDRICAL_SURFACE('',#6054,4.);
#199=CYLINDRICAL_SURFACE('',#6059,4.);
#200=CYLINDRICAL_SURFACE('',#6063,1.621);
#201=CYLINDRICAL_SURFACE('',#6067,3.);
#202=CYLINDRICAL_SURFACE('',#6069,3.);
#203=CYLINDRICAL_SURFACE('',#6071,5.);
#204=CYLINDRICAL_SURFACE('',#6075,5.);
#205=CYLINDRICAL_SURFACE('',#6103,69.975);
#206=CYLINDRICAL_SURFACE('',#6106,2.05);
#207=CYLINDRICAL_SURFACE('',#6108,2.05);
#208=CYLINDRICAL_SURFACE('',#6110,2.05);
#209=CYLINDRICAL_SURFACE('',#6112,2.05);
#210=CYLINDRICAL_SURFACE('',#6114,2.05);
#211=CYLINDRICAL_SURFACE('',#6116,2.05);
#212=CYLINDRICAL_SURFACE('',#6118,2.05);
#213=CYLINDRICAL_SURFACE('',#6120,2.05);
#214=CYLINDRICAL_SURFACE('',#6168,27.95);
#215=CYLINDRICAL_SURFACE('',#6171,27.95);
#216=CYLINDRICAL_SURFACE('',#6174,1.621);
#217=CYLINDRICAL_SURFACE('',#6176,1.621);
#218=CYLINDRICAL_SURFACE('',#6178,2.05);
#219=CYLINDRICAL_SURFACE('',#6180,2.05);
#220=CYLINDRICAL_SURFACE('',#6203,1.621);
#221=CYLINDRICAL_SURFACE('',#6205,1.621);
#222=CYLINDRICAL_SURFACE('',#6207,1.75);
#223=CYLINDRICAL_SURFACE('',#6209,1.621);
#224=CYLINDRICAL_SURFACE('',#6211,1.621);
#225=CYLINDRICAL_SURFACE('',#6213,1.75);
#226=CYLINDRICAL_SURFACE('',#6215,1.621);
#227=CYLINDRICAL_SURFACE('',#6217,1.621);
#228=CYLINDRICAL_SURFACE('',#6223,1.621);
#229=CYLINDRICAL_SURFACE('',#6225,1.621);
#230=CYLINDRICAL_SURFACE('',#6227,1.621);
#231=CYLINDRICAL_SURFACE('',#6229,1.621);
#232=CYLINDRICAL_SURFACE('',#6231,1.5);
#233=CYLINDRICAL_SURFACE('',#6233,1.5);
#234=CYLINDRICAL_SURFACE('',#6235,1.5);
#235=CYLINDRICAL_SURFACE('',#6237,1.5);
#236=CYLINDRICAL_SURFACE('',#6241,1.621);
#237=CYLINDRICAL_SURFACE('',#6247,1.621);
#238=CYLINDRICAL_SURFACE('',#6249,1.621);
#239=CYLINDRICAL_SURFACE('',#6251,1.621);
#240=CYLINDRICAL_SURFACE('',#6253,1.621);
#241=CYLINDRICAL_SURFACE('',#6255,1.5);
#242=CYLINDRICAL_SURFACE('',#6257,1.5);
#243=CYLINDRICAL_SURFACE('',#6259,1.5);
#244=CYLINDRICAL_SURFACE('',#6261,1.5);
#245=CYLINDRICAL_SURFACE('',#6265,1.621);
#246=CYLINDRICAL_SURFACE('',#6298,20.);
#247=CYLINDRICAL_SURFACE('',#6301,2.);
#248=CYLINDRICAL_SURFACE('',#6303,2.);
#249=CYLINDRICAL_SURFACE('',#6310,70.025);
#250=CYLINDRICAL_SURFACE('',#6317,2.5);
#251=CYLINDRICAL_SURFACE('',#6320,2.5);
#252=CYLINDRICAL_SURFACE('',#6336,2.5);
#253=CYLINDRICAL_SURFACE('',#6352,2.5);
#254=CYLINDRICAL_SURFACE('',#6358,7.625);
#255=CYLINDRICAL_SURFACE('',#6363,7.625);
#256=CYLINDRICAL_SURFACE('',#6367,5.);
#257=CYLINDRICAL_SURFACE('',#6370,5.);
#258=CYLINDRICAL_SURFACE('',#6372,5.);
#259=CYLINDRICAL_SURFACE('',#6375,5.);
#260=CYLINDRICAL_SURFACE('',#6377,75.);
#261=CYLINDRICAL_SURFACE('',#6382,70.025);
#262=CYLINDRICAL_SURFACE('',#6384,3.);
#263=CYLINDRICAL_SURFACE('',#6386,3.);
#264=CYLINDRICAL_SURFACE('',#6388,25.5);
#265=CYLINDRICAL_SURFACE('',#6389,25.5);
#266=CYLINDRICAL_SURFACE('',#6391,4.);
#267=CYLINDRICAL_SURFACE('',#6394,4.);
#268=CYLINDRICAL_SURFACE('',#6398,4.);
#269=CYLINDRICAL_SURFACE('',#6401,4.);
#270=CYLINDRICAL_SURFACE('',#6414,50.);
#271=CYLINDRICAL_SURFACE('',#6419,8.);
#272=CYLINDRICAL_SURFACE('',#6432,8.);
#273=CYLINDRICAL_SURFACE('',#6435,4.);
#274=CYLINDRICAL_SURFACE('',#6437,4.);
#275=CYLINDRICAL_SURFACE('',#6523,1.5);
#276=CYLINDRICAL_SURFACE('',#6524,1.5);
#277=CYLINDRICAL_SURFACE('',#6525,1.5);
#278=CYLINDRICAL_SURFACE('',#6526,1.5);
#279=CYLINDRICAL_SURFACE('',#6527,1.621);
#280=CYLINDRICAL_SURFACE('',#6528,1.621);
#281=CIRCLE('',#6020,4.);
#282=CIRCLE('',#6022,4.);
#283=CIRCLE('',#6024,2.05);
#284=CIRCLE('',#6026,2.05);
#285=CIRCLE('',#6028,2.05);
#286=CIRCLE('',#6030,2.05);
#287=CIRCLE('',#6032,5.);
#288=CIRCLE('',#6034,5.);
#289=CIRCLE('',#6036,4.);
#290=CIRCLE('',#6038,4.);
#291=CIRCLE('',#6040,2.55);
#292=CIRCLE('',#6041,2.121);
#293=CIRCLE('',#6042,2.121);
#294=CIRCLE('',#6043,3.5);
#295=CIRCLE('',#6044,3.5);
#296=CIRCLE('',#6045,2.55);
#297=CIRCLE('',#6046,4.5);
#298=CIRCLE('',#6047,4.50000000000001);
#299=CIRCLE('',#6048,4.5);
#300=CIRCLE('',#6049,4.5);
#301=CIRCLE('',#6050,5.);
#302=CIRCLE('',#6051,5.);
#303=CIRCLE('',#6053,1.621);
#304=CIRCLE('',#6055,4.);
#305=CIRCLE('',#6057,4.);
#306=CIRCLE('',#6058,4.);
#307=CIRCLE('',#6060,4.);
#308=CIRCLE('',#6064,1.621);
#309=CIRCLE('',#6066,50.);
#310=CIRCLE('',#6068,3.);
#311=CIRCLE('',#6070,3.);
#312=CIRCLE('',#6074,74.4999999999996);
#313=CIRCLE('',#6078,74.4999999999996);
#314=CIRCLE('',#6080,2.05);
#315=CIRCLE('',#6082,2.05);
#316=CIRCLE('',#6084,2.05);
#317=CIRCLE('',#6086,2.05);
#318=CIRCLE('',#6088,2.05);
#319=CIRCLE('',#6090,2.05);
#320=CIRCLE('',#6092,2.05);
#321=CIRCLE('',#6094,2.05);
#322=CIRCLE('',#6096,1.621);
#323=CIRCLE('',#6098,1.621);
#324=CIRCLE('',#6100,2.05);
#325=CIRCLE('',#6102,2.05);
#326=CIRCLE('',#6104,69.975);
#327=CIRCLE('',#6105,69.975);
#328=CIRCLE('',#6107,2.05);
#329=CIRCLE('',#6109,2.05);
#330=CIRCLE('',#6111,2.05);
#331=CIRCLE('',#6113,2.05);
#332=CIRCLE('',#6115,2.05);
#333=CIRCLE('',#6117,2.05);
#334=CIRCLE('',#6119,2.05);
#335=CIRCLE('',#6121,2.05);
#336=CIRCLE('',#6123,1.621);
#337=CIRCLE('',#6125,1.621);
#338=CIRCLE('',#6127,1.75);
#339=CIRCLE('',#6129,1.621);
#340=CIRCLE('',#6131,1.621);
#341=CIRCLE('',#6133,1.75);
#342=CIRCLE('',#6135,1.621);
#343=CIRCLE('',#6137,1.621);
#344=CIRCLE('',#6139,1.621);
#345=CIRCLE('',#6141,1.621);
#346=CIRCLE('',#6143,1.5);
#347=CIRCLE('',#6145,1.5);
#348=CIRCLE('',#6147,1.5);
#349=CIRCLE('',#6149,1.5);
#350=CIRCLE('',#6151,1.621);
#351=CIRCLE('',#6153,1.621);
#352=CIRCLE('',#6155,1.621);
#353=CIRCLE('',#6157,1.621);
#354=CIRCLE('',#6159,1.5);
#355=CIRCLE('',#6161,1.5);
#356=CIRCLE('',#6163,1.5);
#357=CIRCLE('',#6165,1.5);
#358=CIRCLE('',#6167,67.6655989232415);
#359=CIRCLE('',#6169,27.95);
#360=CIRCLE('',#6170,27.95);
#361=CIRCLE('',#6172,27.95);
#362=CIRCLE('',#6173,27.95);
#363=CIRCLE('',#6175,1.621);
#364=CIRCLE('',#6177,1.621);
#365=CIRCLE('',#6179,2.05);
#366=CIRCLE('',#6181,2.05);
#367=CIRCLE('',#6183,1.621);
#368=CIRCLE('',#6184,1.621);
#369=CIRCLE('',#6185,1.5);
#370=CIRCLE('',#6186,1.5);
#371=CIRCLE('',#6187,1.5);
#372=CIRCLE('',#6188,1.5);
#373=CIRCLE('',#6189,2.3);
#374=CIRCLE('',#6190,2.3);
#375=CIRCLE('',#6191,2.3);
#376=CIRCLE('',#6192,2.3);
#377=CIRCLE('',#6193,2.3);
#378=CIRCLE('',#6194,2.3);
#379=CIRCLE('',#6195,2.3);
#380=CIRCLE('',#6196,2.3);
#381=CIRCLE('',#6197,69.725);
#382=CIRCLE('',#6198,20.5);
#383=CIRCLE('',#6200,2.);
#384=CIRCLE('',#6202,2.);
#385=CIRCLE('',#6204,1.621);
#386=CIRCLE('',#6206,1.621);
#387=CIRCLE('',#6208,1.75);
#388=CIRCLE('',#6210,1.621);
#389=CIRCLE('',#6212,1.621);
#390=CIRCLE('',#6214,1.75);
#391=CIRCLE('',#6216,1.621);
#392=CIRCLE('',#6218,1.621);
#393=CIRCLE('',#6220,74.5000000000002);
#394=CIRCLE('',#6222,74.5000000000002);
#395=CIRCLE('',#6224,1.621);
#396=CIRCLE('',#6226,1.621);
#397=CIRCLE('',#6228,1.621);
#398=CIRCLE('',#6230,1.621);
#399=CIRCLE('',#6232,1.5);
#400=CIRCLE('',#6234,1.5);
#401=CIRCLE('',#6236,1.5);
#402=CIRCLE('',#6238,1.5);
#403=CIRCLE('',#6240,28.45);
#404=CIRCLE('',#6242,1.621);
#405=CIRCLE('',#6244,74.5000000000002);
#406=CIRCLE('',#6246,74.5000000000002);
#407=CIRCLE('',#6248,1.621);
#408=CIRCLE('',#6250,1.621);
#409=CIRCLE('',#6252,1.621);
#410=CIRCLE('',#6254,1.621);
#411=CIRCLE('',#6256,1.5);
#412=CIRCLE('',#6258,1.5);
#413=CIRCLE('',#6260,1.5);
#414=CIRCLE('',#6262,1.5);
#415=CIRCLE('',#6264,28.45);
#416=CIRCLE('',#6266,1.621);
#417=CIRCLE('',#6268,74.5);
#418=CIRCLE('',#6270,74.5);
#419=CIRCLE('',#6271,70.525);
#420=CIRCLE('',#6273,70.025);
#421=CIRCLE('',#6275,70.525);
#422=CIRCLE('',#6276,70.025);
#423=CIRCLE('',#6278,74.5);
#424=CIRCLE('',#6280,25.5);
#425=CIRCLE('',#6282,26.);
#426=CIRCLE('',#6284,2.55);
#427=CIRCLE('',#6285,2.121);
#428=CIRCLE('',#6286,2.121);
#429=CIRCLE('',#6287,2.55);
#430=CIRCLE('',#6288,3.5);
#431=CIRCLE('',#6289,3.5);
#432=CIRCLE('',#6290,4.5);
#433=CIRCLE('',#6291,4.5);
#434=CIRCLE('',#6292,4.5);
#435=CIRCLE('',#6293,4.5);
#436=CIRCLE('',#6294,5.);
#437=CIRCLE('',#6295,5.);
#438=CIRCLE('',#6296,5.);
#439=CIRCLE('',#6297,5.);
#440=CIRCLE('',#6299,20.);
#441=CIRCLE('',#6300,20.);
#442=CIRCLE('',#6302,2.);
#443=CIRCLE('',#6304,2.);
#444=CIRCLE('',#6306,1.87099999999999);
#445=CIRCLE('',#6307,2.);
#446=CIRCLE('',#6308,1.87099999999999);
#447=CIRCLE('',#6309,7.625);
#448=CIRCLE('',#6311,70.025);
#449=CIRCLE('',#6313,1.87099999999999);
#450=CIRCLE('',#6314,2.);
#451=CIRCLE('',#6315,1.87099999999999);
#452=CIRCLE('',#6316,7.625);
#453=CIRCLE('',#6318,2.5);
#454=CIRCLE('',#6321,2.5);
#455=CIRCLE('',#6324,75.);
#456=CIRCLE('',#6326,75.);
#457=CIRCLE('',#6328,1.871);
#458=CIRCLE('',#6329,1.75);
#459=CIRCLE('',#6330,1.871);
#460=CIRCLE('',#6331,1.871);
#461=CIRCLE('',#6332,1.871);
#462=CIRCLE('',#6333,1.75);
#463=CIRCLE('',#6334,1.75);
#464=CIRCLE('',#6335,1.75);
#465=CIRCLE('',#6337,2.5);
#466=CIRCLE('',#6340,75.);
#467=CIRCLE('',#6342,75.);
#468=CIRCLE('',#6344,1.871);
#469=CIRCLE('',#6345,1.871);
#470=CIRCLE('',#6346,1.871);
#471=CIRCLE('',#6347,1.871);
#472=CIRCLE('',#6348,1.75);
#473=CIRCLE('',#6349,1.75);
#474=CIRCLE('',#6350,1.75);
#475=CIRCLE('',#6351,1.75);
#476=CIRCLE('',#6353,2.5);
#477=CIRCLE('',#6356,75.);
#478=CIRCLE('',#6361,75.);
#479=CIRCLE('',#6366,75.);
#480=CIRCLE('',#6369,74.4999999999996);
#481=CIRCLE('',#6374,74.4999999999996);
#482=CIRCLE('',#6378,75.);
#483=CIRCLE('',#6379,75.);
#484=CIRCLE('',#6380,75.);
#485=CIRCLE('',#6381,75.);
#486=CIRCLE('',#6383,70.025);
#487=CIRCLE('',#6385,3.);
#488=CIRCLE('',#6387,3.);
#489=CIRCLE('',#6390,25.5);
#490=CIRCLE('',#6392,4.);
#491=CIRCLE('',#6395,4.);
#492=CIRCLE('',#6397,50.);
#493=CIRCLE('',#6399,4.);
#494=CIRCLE('',#6402,4.);
#495=CIRCLE('',#6404,50.);
#496=CIRCLE('',#6406,1.621);
#497=CIRCLE('',#6407,1.621);
#498=CIRCLE('',#6408,1.5);
#499=CIRCLE('',#6409,1.5);
#500=CIRCLE('',#6410,1.5);
#501=CIRCLE('',#6411,1.5);
#502=CIRCLE('',#6412,20.5);
#503=CIRCLE('',#6413,50.);
#504=CIRCLE('',#6415,50.);
#505=CIRCLE('',#6416,50.);
#506=CIRCLE('',#6417,50.);
#507=CIRCLE('',#6420,8.);
#508=CIRCLE('',#6421,8.);
#509=CIRCLE('',#6424,50.5);
#510=CIRCLE('',#6425,8.5);
#511=CIRCLE('',#6426,4.5);
#512=CIRCLE('',#6427,4.5);
#513=CIRCLE('',#6428,8.5);
#514=CIRCLE('',#6430,8.);
#515=CIRCLE('',#6433,8.);
#516=CIRCLE('',#6436,4.);
#517=CIRCLE('',#6438,4.);
#518=ORIENTED_EDGE('',*,*,#1490,.T.);
#519=ORIENTED_EDGE('',*,*,#1491,.T.);
#520=ORIENTED_EDGE('',*,*,#1492,.T.);
#521=ORIENTED_EDGE('',*,*,#1493,.T.);
#522=ORIENTED_EDGE('',*,*,#1494,.T.);
#523=ORIENTED_EDGE('',*,*,#1495,.T.);
#524=ORIENTED_EDGE('',*,*,#1496,.F.);
#525=ORIENTED_EDGE('',*,*,#1497,.F.);
#526=ORIENTED_EDGE('',*,*,#1498,.T.);
#527=ORIENTED_EDGE('',*,*,#1499,.F.);
#528=ORIENTED_EDGE('',*,*,#1500,.F.);
#529=ORIENTED_EDGE('',*,*,#1501,.T.);
#530=ORIENTED_EDGE('',*,*,#1502,.T.);
#531=ORIENTED_EDGE('',*,*,#1503,.T.);
#532=ORIENTED_EDGE('',*,*,#1504,.F.);
#533=ORIENTED_EDGE('',*,*,#1505,.F.);
#534=ORIENTED_EDGE('',*,*,#1506,.T.);
#535=ORIENTED_EDGE('',*,*,#1504,.T.);
#536=ORIENTED_EDGE('',*,*,#1507,.T.);
#537=ORIENTED_EDGE('',*,*,#1505,.T.);
#538=ORIENTED_EDGE('',*,*,#1508,.T.);
#539=ORIENTED_EDGE('',*,*,#1509,.T.);
#540=ORIENTED_EDGE('',*,*,#1510,.T.);
#541=ORIENTED_EDGE('',*,*,#1511,.T.);
#542=ORIENTED_EDGE('',*,*,#1512,.T.);
#543=ORIENTED_EDGE('',*,*,#1513,.T.);
#544=ORIENTED_EDGE('',*,*,#1514,.T.);
#545=ORIENTED_EDGE('',*,*,#1515,.T.);
#546=ORIENTED_EDGE('',*,*,#1516,.T.);
#547=ORIENTED_EDGE('',*,*,#1517,.T.);
#548=ORIENTED_EDGE('',*,*,#1518,.T.);
#549=ORIENTED_EDGE('',*,*,#1519,.F.);
#550=ORIENTED_EDGE('',*,*,#1520,.T.);
#551=ORIENTED_EDGE('',*,*,#1521,.T.);
#552=ORIENTED_EDGE('',*,*,#1522,.T.);
#553=ORIENTED_EDGE('',*,*,#1494,.F.);
#554=ORIENTED_EDGE('',*,*,#1523,.T.);
#555=ORIENTED_EDGE('',*,*,#1524,.T.);
#556=ORIENTED_EDGE('',*,*,#1525,.T.);
#557=ORIENTED_EDGE('',*,*,#1526,.T.);
#558=ORIENTED_EDGE('',*,*,#1527,.T.);
#559=ORIENTED_EDGE('',*,*,#1528,.T.);
#560=ORIENTED_EDGE('',*,*,#1529,.T.);
#561=ORIENTED_EDGE('',*,*,#1530,.T.);
#562=ORIENTED_EDGE('',*,*,#1531,.T.);
#563=ORIENTED_EDGE('',*,*,#1532,.T.);
#564=ORIENTED_EDGE('',*,*,#1533,.T.);
#565=ORIENTED_EDGE('',*,*,#1534,.T.);
#566=ORIENTED_EDGE('',*,*,#1535,.T.);
#567=ORIENTED_EDGE('',*,*,#1536,.T.);
#568=ORIENTED_EDGE('',*,*,#1537,.F.);
#569=ORIENTED_EDGE('',*,*,#1538,.F.);
#570=ORIENTED_EDGE('',*,*,#1539,.F.);
#571=ORIENTED_EDGE('',*,*,#1515,.F.);
#572=ORIENTED_EDGE('',*,*,#1540,.F.);
#573=ORIENTED_EDGE('',*,*,#1541,.F.);
#574=ORIENTED_EDGE('',*,*,#1542,.F.);
#575=ORIENTED_EDGE('',*,*,#1511,.F.);
#576=ORIENTED_EDGE('',*,*,#1543,.T.);
#577=ORIENTED_EDGE('',*,*,#1544,.F.);
#578=ORIENTED_EDGE('',*,*,#1545,.T.);
#579=ORIENTED_EDGE('',*,*,#1546,.T.);
#580=ORIENTED_EDGE('',*,*,#1547,.T.);
#581=ORIENTED_EDGE('',*,*,#1502,.F.);
#582=ORIENTED_EDGE('',*,*,#1547,.F.);
#583=ORIENTED_EDGE('',*,*,#1548,.T.);
#584=ORIENTED_EDGE('',*,*,#1520,.F.);
#585=ORIENTED_EDGE('',*,*,#1493,.F.);
#586=ORIENTED_EDGE('',*,*,#1549,.F.);
#587=ORIENTED_EDGE('',*,*,#1550,.F.);
#588=ORIENTED_EDGE('',*,*,#1551,.F.);
#589=ORIENTED_EDGE('',*,*,#1503,.F.);
#590=ORIENTED_EDGE('',*,*,#1552,.T.);
#591=ORIENTED_EDGE('',*,*,#1553,.T.);
#592=ORIENTED_EDGE('',*,*,#1554,.T.);
#593=ORIENTED_EDGE('',*,*,#1555,.F.);
#594=ORIENTED_EDGE('',*,*,#1554,.F.);
#595=ORIENTED_EDGE('',*,*,#1556,.T.);
#596=ORIENTED_EDGE('',*,*,#1545,.F.);
#597=ORIENTED_EDGE('',*,*,#1501,.F.);
#598=ORIENTED_EDGE('',*,*,#1557,.T.);
#599=ORIENTED_EDGE('',*,*,#1558,.T.);
#600=ORIENTED_EDGE('',*,*,#1522,.F.);
#601=ORIENTED_EDGE('',*,*,#1559,.T.);
#602=ORIENTED_EDGE('',*,*,#1516,.F.);
#603=ORIENTED_EDGE('',*,*,#1560,.T.);
#604=ORIENTED_EDGE('',*,*,#1561,.T.);
#605=ORIENTED_EDGE('',*,*,#1495,.F.);
#606=ORIENTED_EDGE('',*,*,#1562,.T.);
#607=ORIENTED_EDGE('',*,*,#1563,.F.);
#608=ORIENTED_EDGE('',*,*,#1518,.F.);
#609=ORIENTED_EDGE('',*,*,#1564,.T.);
#610=ORIENTED_EDGE('',*,*,#1552,.F.);
#611=ORIENTED_EDGE('',*,*,#1565,.F.);
#612=ORIENTED_EDGE('',*,*,#1566,.T.);
#613=ORIENTED_EDGE('',*,*,#1567,.F.);
#614=ORIENTED_EDGE('',*,*,#1568,.T.);
#615=ORIENTED_EDGE('',*,*,#1569,.F.);
#616=ORIENTED_EDGE('',*,*,#1570,.T.);
#617=ORIENTED_EDGE('',*,*,#1571,.T.);
#618=ORIENTED_EDGE('',*,*,#1572,.T.);
#619=ORIENTED_EDGE('',*,*,#1541,.T.);
#620=ORIENTED_EDGE('',*,*,#1514,.F.);
#621=ORIENTED_EDGE('',*,*,#1573,.T.);
#622=ORIENTED_EDGE('',*,*,#1570,.F.);
#623=ORIENTED_EDGE('',*,*,#1540,.T.);
#624=ORIENTED_EDGE('',*,*,#1572,.F.);
#625=ORIENTED_EDGE('',*,*,#1574,.T.);
#626=ORIENTED_EDGE('',*,*,#1508,.F.);
#627=ORIENTED_EDGE('',*,*,#1542,.T.);
#628=ORIENTED_EDGE('',*,*,#1575,.T.);
#629=ORIENTED_EDGE('',*,*,#1576,.T.);
#630=ORIENTED_EDGE('',*,*,#1577,.T.);
#631=ORIENTED_EDGE('',*,*,#1538,.T.);
#632=ORIENTED_EDGE('',*,*,#1510,.F.);
#633=ORIENTED_EDGE('',*,*,#1578,.T.);
#634=ORIENTED_EDGE('',*,*,#1575,.F.);
#635=ORIENTED_EDGE('',*,*,#1537,.T.);
#636=ORIENTED_EDGE('',*,*,#1577,.F.);
#637=ORIENTED_EDGE('',*,*,#1579,.T.);
#638=ORIENTED_EDGE('',*,*,#1512,.F.);
#639=ORIENTED_EDGE('',*,*,#1539,.T.);
#640=ORIENTED_EDGE('',*,*,#1580,.T.);
#641=ORIENTED_EDGE('',*,*,#1581,.T.);
#642=ORIENTED_EDGE('',*,*,#1582,.T.);
#643=ORIENTED_EDGE('',*,*,#1583,.T.);
#644=ORIENTED_EDGE('',*,*,#1584,.T.);
#645=ORIENTED_EDGE('',*,*,#1585,.T.);
#646=ORIENTED_EDGE('',*,*,#1586,.T.);
#647=ORIENTED_EDGE('',*,*,#1587,.T.);
#648=ORIENTED_EDGE('',*,*,#1588,.T.);
#649=ORIENTED_EDGE('',*,*,#1589,.T.);
#650=ORIENTED_EDGE('',*,*,#1590,.T.);
#651=ORIENTED_EDGE('',*,*,#1591,.T.);
#652=ORIENTED_EDGE('',*,*,#1592,.T.);
#653=ORIENTED_EDGE('',*,*,#1593,.T.);
#654=ORIENTED_EDGE('',*,*,#1594,.T.);
#655=ORIENTED_EDGE('',*,*,#1580,.F.);
#656=ORIENTED_EDGE('',*,*,#1595,.T.);
#657=ORIENTED_EDGE('',*,*,#1581,.F.);
#658=ORIENTED_EDGE('',*,*,#1596,.T.);
#659=ORIENTED_EDGE('',*,*,#1582,.F.);
#660=ORIENTED_EDGE('',*,*,#1597,.T.);
#661=ORIENTED_EDGE('',*,*,#1583,.F.);
#662=ORIENTED_EDGE('',*,*,#1598,.T.);
#663=ORIENTED_EDGE('',*,*,#1584,.F.);
#664=ORIENTED_EDGE('',*,*,#1599,.T.);
#665=ORIENTED_EDGE('',*,*,#1585,.F.);
#666=ORIENTED_EDGE('',*,*,#1600,.T.);
#667=ORIENTED_EDGE('',*,*,#1586,.F.);
#668=ORIENTED_EDGE('',*,*,#1601,.T.);
#669=ORIENTED_EDGE('',*,*,#1587,.F.);
#670=ORIENTED_EDGE('',*,*,#1602,.T.);
#671=ORIENTED_EDGE('',*,*,#1603,.T.);
#672=ORIENTED_EDGE('',*,*,#1604,.T.);
#673=ORIENTED_EDGE('',*,*,#1605,.T.);
#674=ORIENTED_EDGE('',*,*,#1606,.T.);
#675=ORIENTED_EDGE('',*,*,#1607,.T.);
#676=ORIENTED_EDGE('',*,*,#1608,.T.);
#677=ORIENTED_EDGE('',*,*,#1609,.T.);
#678=ORIENTED_EDGE('',*,*,#1610,.T.);
#679=ORIENTED_EDGE('',*,*,#1611,.T.);
#680=ORIENTED_EDGE('',*,*,#1612,.T.);
#681=ORIENTED_EDGE('',*,*,#1613,.T.);
#682=ORIENTED_EDGE('',*,*,#1614,.T.);
#683=ORIENTED_EDGE('',*,*,#1615,.T.);
#684=ORIENTED_EDGE('',*,*,#1616,.T.);
#685=ORIENTED_EDGE('',*,*,#1617,.T.);
#686=ORIENTED_EDGE('',*,*,#1618,.T.);
#687=ORIENTED_EDGE('',*,*,#1619,.T.);
#688=ORIENTED_EDGE('',*,*,#1620,.T.);
#689=ORIENTED_EDGE('',*,*,#1621,.T.);
#690=ORIENTED_EDGE('',*,*,#1622,.T.);
#691=ORIENTED_EDGE('',*,*,#1623,.T.);
#692=ORIENTED_EDGE('',*,*,#1624,.T.);
#693=ORIENTED_EDGE('',*,*,#1593,.F.);
#694=ORIENTED_EDGE('',*,*,#1625,.T.);
#695=ORIENTED_EDGE('',*,*,#1626,.F.);
#696=ORIENTED_EDGE('',*,*,#1627,.F.);
#697=ORIENTED_EDGE('',*,*,#1628,.T.);
#698=ORIENTED_EDGE('',*,*,#1629,.T.);
#699=ORIENTED_EDGE('',*,*,#1630,.F.);
#700=ORIENTED_EDGE('',*,*,#1631,.F.);
#701=ORIENTED_EDGE('',*,*,#1632,.T.);
#702=ORIENTED_EDGE('',*,*,#1633,.T.);
#703=ORIENTED_EDGE('',*,*,#1588,.F.);
#704=ORIENTED_EDGE('',*,*,#1634,.T.);
#705=ORIENTED_EDGE('',*,*,#1589,.F.);
#706=ORIENTED_EDGE('',*,*,#1635,.T.);
#707=ORIENTED_EDGE('',*,*,#1590,.F.);
#708=ORIENTED_EDGE('',*,*,#1636,.T.);
#709=ORIENTED_EDGE('',*,*,#1591,.F.);
#710=ORIENTED_EDGE('',*,*,#1637,.F.);
#711=ORIENTED_EDGE('',*,*,#1638,.F.);
#712=ORIENTED_EDGE('',*,*,#1639,.T.);
#713=ORIENTED_EDGE('',*,*,#1640,.T.);
#714=ORIENTED_EDGE('',*,*,#1641,.T.);
#715=ORIENTED_EDGE('',*,*,#1642,.T.);
#716=ORIENTED_EDGE('',*,*,#1643,.T.);
#717=ORIENTED_EDGE('',*,*,#1644,.T.);
#718=ORIENTED_EDGE('',*,*,#1645,.T.);
#719=ORIENTED_EDGE('',*,*,#1646,.T.);
#720=ORIENTED_EDGE('',*,*,#1647,.T.);
#721=ORIENTED_EDGE('',*,*,#1648,.T.);
#722=ORIENTED_EDGE('',*,*,#1649,.T.);
#723=ORIENTED_EDGE('',*,*,#1650,.T.);
#724=ORIENTED_EDGE('',*,*,#1651,.T.);
#725=ORIENTED_EDGE('',*,*,#1652,.T.);
#726=ORIENTED_EDGE('',*,*,#1653,.T.);
#727=ORIENTED_EDGE('',*,*,#1654,.T.);
#728=ORIENTED_EDGE('',*,*,#1655,.T.);
#729=ORIENTED_EDGE('',*,*,#1602,.F.);
#730=ORIENTED_EDGE('',*,*,#1656,.T.);
#731=ORIENTED_EDGE('',*,*,#1603,.F.);
#732=ORIENTED_EDGE('',*,*,#1657,.T.);
#733=ORIENTED_EDGE('',*,*,#1604,.F.);
#734=ORIENTED_EDGE('',*,*,#1658,.T.);
#735=ORIENTED_EDGE('',*,*,#1605,.F.);
#736=ORIENTED_EDGE('',*,*,#1659,.T.);
#737=ORIENTED_EDGE('',*,*,#1606,.F.);
#738=ORIENTED_EDGE('',*,*,#1660,.T.);
#739=ORIENTED_EDGE('',*,*,#1607,.F.);
#740=ORIENTED_EDGE('',*,*,#1661,.T.);
#741=ORIENTED_EDGE('',*,*,#1626,.T.);
#742=ORIENTED_EDGE('',*,*,#1662,.T.);
#743=ORIENTED_EDGE('',*,*,#1630,.T.);
#744=ORIENTED_EDGE('',*,*,#1663,.F.);
#745=ORIENTED_EDGE('',*,*,#1664,.T.);
#746=ORIENTED_EDGE('',*,*,#1665,.F.);
#747=ORIENTED_EDGE('',*,*,#1666,.T.);
#748=ORIENTED_EDGE('',*,*,#1667,.T.);
#749=ORIENTED_EDGE('',*,*,#1608,.F.);
#750=ORIENTED_EDGE('',*,*,#1668,.T.);
#751=ORIENTED_EDGE('',*,*,#1609,.F.);
#752=ORIENTED_EDGE('',*,*,#1669,.T.);
#753=ORIENTED_EDGE('',*,*,#1610,.F.);
#754=ORIENTED_EDGE('',*,*,#1670,.T.);
#755=ORIENTED_EDGE('',*,*,#1611,.F.);
#756=ORIENTED_EDGE('',*,*,#1671,.T.);
#757=ORIENTED_EDGE('',*,*,#1612,.F.);
#758=ORIENTED_EDGE('',*,*,#1672,.T.);
#759=ORIENTED_EDGE('',*,*,#1613,.F.);
#760=ORIENTED_EDGE('',*,*,#1673,.T.);
#761=ORIENTED_EDGE('',*,*,#1614,.F.);
#762=ORIENTED_EDGE('',*,*,#1674,.T.);
#763=ORIENTED_EDGE('',*,*,#1615,.F.);
#764=ORIENTED_EDGE('',*,*,#1629,.F.);
#765=ORIENTED_EDGE('',*,*,#1675,.F.);
#766=ORIENTED_EDGE('',*,*,#1676,.T.);
#767=ORIENTED_EDGE('',*,*,#1631,.T.);
#768=ORIENTED_EDGE('',*,*,#1677,.F.);
#769=ORIENTED_EDGE('',*,*,#1678,.T.);
#770=ORIENTED_EDGE('',*,*,#1679,.F.);
#771=ORIENTED_EDGE('',*,*,#1680,.T.);
#772=ORIENTED_EDGE('',*,*,#1681,.T.);
#773=ORIENTED_EDGE('',*,*,#1616,.F.);
#774=ORIENTED_EDGE('',*,*,#1682,.T.);
#775=ORIENTED_EDGE('',*,*,#1617,.F.);
#776=ORIENTED_EDGE('',*,*,#1683,.T.);
#777=ORIENTED_EDGE('',*,*,#1618,.F.);
#778=ORIENTED_EDGE('',*,*,#1684,.T.);
#779=ORIENTED_EDGE('',*,*,#1619,.F.);
#780=ORIENTED_EDGE('',*,*,#1685,.T.);
#781=ORIENTED_EDGE('',*,*,#1620,.F.);
#782=ORIENTED_EDGE('',*,*,#1686,.T.);
#783=ORIENTED_EDGE('',*,*,#1621,.F.);
#784=ORIENTED_EDGE('',*,*,#1687,.T.);
#785=ORIENTED_EDGE('',*,*,#1622,.F.);
#786=ORIENTED_EDGE('',*,*,#1688,.T.);
#787=ORIENTED_EDGE('',*,*,#1623,.F.);
#788=ORIENTED_EDGE('',*,*,#1625,.F.);
#789=ORIENTED_EDGE('',*,*,#1689,.F.);
#790=ORIENTED_EDGE('',*,*,#1690,.T.);
#791=ORIENTED_EDGE('',*,*,#1627,.T.);
#792=ORIENTED_EDGE('',*,*,#1691,.T.);
#793=ORIENTED_EDGE('',*,*,#1624,.F.);
#794=ORIENTED_EDGE('',*,*,#1692,.T.);
#795=ORIENTED_EDGE('',*,*,#1693,.F.);
#796=ORIENTED_EDGE('',*,*,#1694,.T.);
#797=ORIENTED_EDGE('',*,*,#1695,.T.);
#798=ORIENTED_EDGE('',*,*,#1694,.F.);
#799=ORIENTED_EDGE('',*,*,#1696,.F.);
#800=ORIENTED_EDGE('',*,*,#1697,.F.);
#801=ORIENTED_EDGE('',*,*,#1698,.F.);
#802=ORIENTED_EDGE('',*,*,#1699,.F.);
#803=ORIENTED_EDGE('',*,*,#1700,.F.);
#804=ORIENTED_EDGE('',*,*,#1701,.F.);
#805=ORIENTED_EDGE('',*,*,#1702,.F.);
#806=ORIENTED_EDGE('',*,*,#1703,.T.);
#807=ORIENTED_EDGE('',*,*,#1704,.F.);
#808=ORIENTED_EDGE('',*,*,#1699,.T.);
#809=ORIENTED_EDGE('',*,*,#1705,.T.);
#810=ORIENTED_EDGE('',*,*,#1706,.T.);
#811=ORIENTED_EDGE('',*,*,#1628,.F.);
#812=ORIENTED_EDGE('',*,*,#1707,.T.);
#813=ORIENTED_EDGE('',*,*,#1632,.F.);
#814=ORIENTED_EDGE('',*,*,#1708,.T.);
#815=ORIENTED_EDGE('',*,*,#1709,.T.);
#816=ORIENTED_EDGE('',*,*,#1710,.T.);
#817=ORIENTED_EDGE('',*,*,#1711,.T.);
#818=ORIENTED_EDGE('',*,*,#1712,.T.);
#819=ORIENTED_EDGE('',*,*,#1713,.T.);
#820=ORIENTED_EDGE('',*,*,#1714,.T.);
#821=ORIENTED_EDGE('',*,*,#1715,.T.);
#822=ORIENTED_EDGE('',*,*,#1716,.T.);
#823=ORIENTED_EDGE('',*,*,#1717,.T.);
#824=ORIENTED_EDGE('',*,*,#1718,.T.);
#825=ORIENTED_EDGE('',*,*,#1719,.T.);
#826=ORIENTED_EDGE('',*,*,#1720,.T.);
#827=ORIENTED_EDGE('',*,*,#1721,.T.);
#828=ORIENTED_EDGE('',*,*,#1722,.T.);
#829=ORIENTED_EDGE('',*,*,#1723,.T.);
#830=ORIENTED_EDGE('',*,*,#1724,.T.);
#831=ORIENTED_EDGE('',*,*,#1725,.T.);
#832=ORIENTED_EDGE('',*,*,#1726,.T.);
#833=ORIENTED_EDGE('',*,*,#1727,.T.);
#834=ORIENTED_EDGE('',*,*,#1728,.T.);
#835=ORIENTED_EDGE('',*,*,#1729,.T.);
#836=ORIENTED_EDGE('',*,*,#1730,.T.);
#837=ORIENTED_EDGE('',*,*,#1731,.T.);
#838=ORIENTED_EDGE('',*,*,#1653,.F.);
#839=ORIENTED_EDGE('',*,*,#1732,.F.);
#840=ORIENTED_EDGE('',*,*,#1654,.F.);
#841=ORIENTED_EDGE('',*,*,#1733,.F.);
#842=ORIENTED_EDGE('',*,*,#1734,.T.);
#843=ORIENTED_EDGE('',*,*,#1735,.T.);
#844=ORIENTED_EDGE('',*,*,#1736,.T.);
#845=ORIENTED_EDGE('',*,*,#1737,.T.);
#846=ORIENTED_EDGE('',*,*,#1738,.T.);
#847=ORIENTED_EDGE('',*,*,#1739,.T.);
#848=ORIENTED_EDGE('',*,*,#1740,.T.);
#849=ORIENTED_EDGE('',*,*,#1697,.T.);
#850=ORIENTED_EDGE('',*,*,#1741,.F.);
#851=ORIENTED_EDGE('',*,*,#1742,.T.);
#852=ORIENTED_EDGE('',*,*,#1743,.F.);
#853=ORIENTED_EDGE('',*,*,#1744,.T.);
#854=ORIENTED_EDGE('',*,*,#1745,.T.);
#855=ORIENTED_EDGE('',*,*,#1746,.T.);
#856=ORIENTED_EDGE('',*,*,#1747,.T.);
#857=ORIENTED_EDGE('',*,*,#1748,.T.);
#858=ORIENTED_EDGE('',*,*,#1749,.T.);
#859=ORIENTED_EDGE('',*,*,#1750,.T.);
#860=ORIENTED_EDGE('',*,*,#1751,.T.);
#861=ORIENTED_EDGE('',*,*,#1752,.F.);
#862=ORIENTED_EDGE('',*,*,#1753,.T.);
#863=ORIENTED_EDGE('',*,*,#1751,.F.);
#864=ORIENTED_EDGE('',*,*,#1661,.F.);
#865=ORIENTED_EDGE('',*,*,#1754,.T.);
#866=ORIENTED_EDGE('',*,*,#1755,.F.);
#867=ORIENTED_EDGE('',*,*,#1756,.T.);
#868=ORIENTED_EDGE('',*,*,#1754,.F.);
#869=ORIENTED_EDGE('',*,*,#1662,.F.);
#870=ORIENTED_EDGE('',*,*,#1757,.F.);
#871=ORIENTED_EDGE('',*,*,#1758,.F.);
#872=ORIENTED_EDGE('',*,*,#1759,.F.);
#873=ORIENTED_EDGE('',*,*,#1666,.F.);
#874=ORIENTED_EDGE('',*,*,#1760,.F.);
#875=ORIENTED_EDGE('',*,*,#1761,.F.);
#876=ORIENTED_EDGE('',*,*,#1762,.F.);
#877=ORIENTED_EDGE('',*,*,#1664,.F.);
#878=ORIENTED_EDGE('',*,*,#1763,.T.);
#879=ORIENTED_EDGE('',*,*,#1764,.T.);
#880=ORIENTED_EDGE('',*,*,#1765,.T.);
#881=ORIENTED_EDGE('',*,*,#1766,.T.);
#882=ORIENTED_EDGE('',*,*,#1767,.T.);
#883=ORIENTED_EDGE('',*,*,#1768,.T.);
#884=ORIENTED_EDGE('',*,*,#1769,.T.);
#885=ORIENTED_EDGE('',*,*,#1770,.T.);
#886=ORIENTED_EDGE('',*,*,#1675,.T.);
#887=ORIENTED_EDGE('',*,*,#1771,.F.);
#888=ORIENTED_EDGE('',*,*,#1757,.T.);
#889=ORIENTED_EDGE('',*,*,#1665,.T.);
#890=ORIENTED_EDGE('',*,*,#1759,.T.);
#891=ORIENTED_EDGE('',*,*,#1772,.F.);
#892=ORIENTED_EDGE('',*,*,#1760,.T.);
#893=ORIENTED_EDGE('',*,*,#1663,.T.);
#894=ORIENTED_EDGE('',*,*,#1762,.T.);
#895=ORIENTED_EDGE('',*,*,#1773,.T.);
#896=ORIENTED_EDGE('',*,*,#1774,.F.);
#897=ORIENTED_EDGE('',*,*,#1775,.T.);
#898=ORIENTED_EDGE('',*,*,#1773,.F.);
#899=ORIENTED_EDGE('',*,*,#1676,.F.);
#900=ORIENTED_EDGE('',*,*,#1776,.F.);
#901=ORIENTED_EDGE('',*,*,#1777,.F.);
#902=ORIENTED_EDGE('',*,*,#1778,.F.);
#903=ORIENTED_EDGE('',*,*,#1680,.F.);
#904=ORIENTED_EDGE('',*,*,#1779,.F.);
#905=ORIENTED_EDGE('',*,*,#1780,.F.);
#906=ORIENTED_EDGE('',*,*,#1781,.F.);
#907=ORIENTED_EDGE('',*,*,#1678,.F.);
#908=ORIENTED_EDGE('',*,*,#1782,.T.);
#909=ORIENTED_EDGE('',*,*,#1783,.T.);
#910=ORIENTED_EDGE('',*,*,#1784,.T.);
#911=ORIENTED_EDGE('',*,*,#1785,.T.);
#912=ORIENTED_EDGE('',*,*,#1786,.T.);
#913=ORIENTED_EDGE('',*,*,#1787,.T.);
#914=ORIENTED_EDGE('',*,*,#1788,.T.);
#915=ORIENTED_EDGE('',*,*,#1789,.T.);
#916=ORIENTED_EDGE('',*,*,#1689,.T.);
#917=ORIENTED_EDGE('',*,*,#1790,.F.);
#918=ORIENTED_EDGE('',*,*,#1776,.T.);
#919=ORIENTED_EDGE('',*,*,#1679,.T.);
#920=ORIENTED_EDGE('',*,*,#1778,.T.);
#921=ORIENTED_EDGE('',*,*,#1791,.F.);
#922=ORIENTED_EDGE('',*,*,#1779,.T.);
#923=ORIENTED_EDGE('',*,*,#1677,.T.);
#924=ORIENTED_EDGE('',*,*,#1781,.T.);
#925=ORIENTED_EDGE('',*,*,#1792,.T.);
#926=ORIENTED_EDGE('',*,*,#1793,.F.);
#927=ORIENTED_EDGE('',*,*,#1794,.T.);
#928=ORIENTED_EDGE('',*,*,#1792,.F.);
#929=ORIENTED_EDGE('',*,*,#1690,.F.);
#930=ORIENTED_EDGE('',*,*,#1795,.F.);
#931=ORIENTED_EDGE('',*,*,#1691,.F.);
#932=ORIENTED_EDGE('',*,*,#1796,.T.);
#933=ORIENTED_EDGE('',*,*,#1797,.T.);
#934=ORIENTED_EDGE('',*,*,#1798,.F.);
#935=ORIENTED_EDGE('',*,*,#1750,.F.);
#936=ORIENTED_EDGE('',*,*,#1799,.F.);
#937=ORIENTED_EDGE('',*,*,#1800,.T.);
#938=ORIENTED_EDGE('',*,*,#1700,.T.);
#939=ORIENTED_EDGE('',*,*,#1704,.T.);
#940=ORIENTED_EDGE('',*,*,#1798,.T.);
#941=ORIENTED_EDGE('',*,*,#1801,.T.);
#942=ORIENTED_EDGE('',*,*,#1802,.F.);
#943=ORIENTED_EDGE('',*,*,#1747,.F.);
#944=ORIENTED_EDGE('',*,*,#1802,.T.);
#945=ORIENTED_EDGE('',*,*,#1803,.T.);
#946=ORIENTED_EDGE('',*,*,#1804,.T.);
#947=ORIENTED_EDGE('',*,*,#1695,.F.);
#948=ORIENTED_EDGE('',*,*,#1698,.T.);
#949=ORIENTED_EDGE('',*,*,#1743,.T.);
#950=ORIENTED_EDGE('',*,*,#1805,.F.);
#951=ORIENTED_EDGE('',*,*,#1748,.F.);
#952=ORIENTED_EDGE('',*,*,#1806,.F.);
#953=ORIENTED_EDGE('',*,*,#1807,.T.);
#954=ORIENTED_EDGE('',*,*,#1808,.F.);
#955=ORIENTED_EDGE('',*,*,#1692,.F.);
#956=ORIENTED_EDGE('',*,*,#1804,.F.);
#957=ORIENTED_EDGE('',*,*,#1809,.T.);
#958=ORIENTED_EDGE('',*,*,#1808,.T.);
#959=ORIENTED_EDGE('',*,*,#1810,.T.);
#960=ORIENTED_EDGE('',*,*,#1811,.F.);
#961=ORIENTED_EDGE('',*,*,#1740,.F.);
#962=ORIENTED_EDGE('',*,*,#1812,.F.);
#963=ORIENTED_EDGE('',*,*,#1741,.T.);
#964=ORIENTED_EDGE('',*,*,#1696,.T.);
#965=ORIENTED_EDGE('',*,*,#1693,.T.);
#966=ORIENTED_EDGE('',*,*,#1811,.T.);
#967=ORIENTED_EDGE('',*,*,#1813,.T.);
#968=ORIENTED_EDGE('',*,*,#1814,.F.);
#969=ORIENTED_EDGE('',*,*,#1737,.F.);
#970=ORIENTED_EDGE('',*,*,#1814,.T.);
#971=ORIENTED_EDGE('',*,*,#1815,.T.);
#972=ORIENTED_EDGE('',*,*,#1816,.T.);
#973=ORIENTED_EDGE('',*,*,#1705,.F.);
#974=ORIENTED_EDGE('',*,*,#1702,.T.);
#975=ORIENTED_EDGE('',*,*,#1817,.T.);
#976=ORIENTED_EDGE('',*,*,#1818,.F.);
#977=ORIENTED_EDGE('',*,*,#1738,.F.);
#978=ORIENTED_EDGE('',*,*,#1816,.F.);
#979=ORIENTED_EDGE('',*,*,#1819,.T.);
#980=ORIENTED_EDGE('',*,*,#1820,.F.);
#981=ORIENTED_EDGE('',*,*,#1821,.T.);
#982=ORIENTED_EDGE('',*,*,#1796,.F.);
#983=ORIENTED_EDGE('',*,*,#1703,.F.);
#984=ORIENTED_EDGE('',*,*,#1822,.F.);
#985=ORIENTED_EDGE('',*,*,#1823,.T.);
#986=ORIENTED_EDGE('',*,*,#1824,.F.);
#987=ORIENTED_EDGE('',*,*,#1723,.F.);
#988=ORIENTED_EDGE('',*,*,#1824,.T.);
#989=ORIENTED_EDGE('',*,*,#1825,.T.);
#990=ORIENTED_EDGE('',*,*,#1826,.T.);
#991=ORIENTED_EDGE('',*,*,#1724,.F.);
#992=ORIENTED_EDGE('',*,*,#1826,.F.);
#993=ORIENTED_EDGE('',*,*,#1827,.T.);
#994=ORIENTED_EDGE('',*,*,#1828,.F.);
#995=ORIENTED_EDGE('',*,*,#1725,.F.);
#996=ORIENTED_EDGE('',*,*,#1828,.T.);
#997=ORIENTED_EDGE('',*,*,#1829,.T.);
#998=ORIENTED_EDGE('',*,*,#1830,.T.);
#999=ORIENTED_EDGE('',*,*,#1726,.F.);
#1000=ORIENTED_EDGE('',*,*,#1830,.F.);
#1001=ORIENTED_EDGE('',*,*,#1831,.T.);
#1002=ORIENTED_EDGE('',*,*,#1832,.F.);
#1003=ORIENTED_EDGE('',*,*,#1727,.F.);
#1004=ORIENTED_EDGE('',*,*,#1832,.T.);
#1005=ORIENTED_EDGE('',*,*,#1833,.T.);
#1006=ORIENTED_EDGE('',*,*,#1834,.T.);
#1007=ORIENTED_EDGE('',*,*,#1728,.F.);
#1008=ORIENTED_EDGE('',*,*,#1834,.F.);
#1009=ORIENTED_EDGE('',*,*,#1835,.T.);
#1010=ORIENTED_EDGE('',*,*,#1836,.F.);
#1011=ORIENTED_EDGE('',*,*,#1729,.F.);
#1012=ORIENTED_EDGE('',*,*,#1836,.T.);
#1013=ORIENTED_EDGE('',*,*,#1837,.T.);
#1014=ORIENTED_EDGE('',*,*,#1822,.T.);
#1015=ORIENTED_EDGE('',*,*,#1722,.F.);
#1016=ORIENTED_EDGE('',*,*,#1838,.T.);
#1017=ORIENTED_EDGE('',*,*,#1839,.T.);
#1018=ORIENTED_EDGE('',*,*,#1840,.T.);
#1019=ORIENTED_EDGE('',*,*,#1841,.T.);
#1020=ORIENTED_EDGE('',*,*,#1842,.T.);
#1021=ORIENTED_EDGE('',*,*,#1843,.T.);
#1022=ORIENTED_EDGE('',*,*,#1844,.T.);
#1023=ORIENTED_EDGE('',*,*,#1845,.T.);
#1024=ORIENTED_EDGE('',*,*,#1846,.T.);
#1025=ORIENTED_EDGE('',*,*,#1847,.T.);
#1026=ORIENTED_EDGE('',*,*,#1848,.T.);
#1027=ORIENTED_EDGE('',*,*,#1849,.T.);
#1028=ORIENTED_EDGE('',*,*,#1850,.T.);
#1029=ORIENTED_EDGE('',*,*,#1851,.T.);
#1030=ORIENTED_EDGE('',*,*,#1852,.T.);
#1031=ORIENTED_EDGE('',*,*,#1853,.T.);
#1032=ORIENTED_EDGE('',*,*,#1854,.T.);
#1033=ORIENTED_EDGE('',*,*,#1855,.T.);
#1034=ORIENTED_EDGE('',*,*,#1806,.T.);
#1035=ORIENTED_EDGE('',*,*,#1856,.T.);
#1036=ORIENTED_EDGE('',*,*,#1857,.T.);
#1037=ORIENTED_EDGE('',*,*,#1858,.T.);
#1038=ORIENTED_EDGE('',*,*,#1820,.T.);
#1039=ORIENTED_EDGE('',*,*,#1859,.T.);
#1040=ORIENTED_EDGE('',*,*,#1795,.T.);
#1041=ORIENTED_EDGE('',*,*,#1794,.F.);
#1042=ORIENTED_EDGE('',*,*,#1793,.T.);
#1043=ORIENTED_EDGE('',*,*,#1790,.T.);
#1044=ORIENTED_EDGE('',*,*,#1780,.T.);
#1045=ORIENTED_EDGE('',*,*,#1791,.T.);
#1046=ORIENTED_EDGE('',*,*,#1777,.T.);
#1047=ORIENTED_EDGE('',*,*,#1775,.F.);
#1048=ORIENTED_EDGE('',*,*,#1774,.T.);
#1049=ORIENTED_EDGE('',*,*,#1771,.T.);
#1050=ORIENTED_EDGE('',*,*,#1761,.T.);
#1051=ORIENTED_EDGE('',*,*,#1772,.T.);
#1052=ORIENTED_EDGE('',*,*,#1758,.T.);
#1053=ORIENTED_EDGE('',*,*,#1756,.F.);
#1054=ORIENTED_EDGE('',*,*,#1755,.T.);
#1055=ORIENTED_EDGE('',*,*,#1753,.F.);
#1056=ORIENTED_EDGE('',*,*,#1752,.T.);
#1057=ORIENTED_EDGE('',*,*,#1701,.T.);
#1058=ORIENTED_EDGE('',*,*,#1800,.F.);
#1059=ORIENTED_EDGE('',*,*,#1860,.T.);
#1060=ORIENTED_EDGE('',*,*,#1817,.F.);
#1061=ORIENTED_EDGE('',*,*,#1861,.T.);
#1062=ORIENTED_EDGE('',*,*,#1862,.F.);
#1063=ORIENTED_EDGE('',*,*,#1863,.T.);
#1064=ORIENTED_EDGE('',*,*,#1864,.F.);
#1065=ORIENTED_EDGE('',*,*,#1865,.F.);
#1066=ORIENTED_EDGE('',*,*,#1706,.F.);
#1067=ORIENTED_EDGE('',*,*,#1866,.T.);
#1068=ORIENTED_EDGE('',*,*,#1867,.F.);
#1069=ORIENTED_EDGE('',*,*,#1868,.F.);
#1070=ORIENTED_EDGE('',*,*,#1869,.T.);
#1071=ORIENTED_EDGE('',*,*,#1870,.F.);
#1072=ORIENTED_EDGE('',*,*,#1871,.F.);
#1073=ORIENTED_EDGE('',*,*,#1872,.T.);
#1074=ORIENTED_EDGE('',*,*,#1873,.T.);
#1075=ORIENTED_EDGE('',*,*,#1868,.T.);
#1076=ORIENTED_EDGE('',*,*,#1874,.F.);
#1077=ORIENTED_EDGE('',*,*,#1875,.F.);
#1078=ORIENTED_EDGE('',*,*,#1876,.T.);
#1079=ORIENTED_EDGE('',*,*,#1872,.F.);
#1080=ORIENTED_EDGE('',*,*,#1877,.F.);
#1081=ORIENTED_EDGE('',*,*,#1878,.T.);
#1082=ORIENTED_EDGE('',*,*,#1879,.T.);
#1083=ORIENTED_EDGE('',*,*,#1875,.T.);
#1084=ORIENTED_EDGE('',*,*,#1880,.F.);
#1085=ORIENTED_EDGE('',*,*,#1881,.F.);
#1086=ORIENTED_EDGE('',*,*,#1882,.T.);
#1087=ORIENTED_EDGE('',*,*,#1878,.F.);
#1088=ORIENTED_EDGE('',*,*,#1883,.F.);
#1089=ORIENTED_EDGE('',*,*,#1884,.T.);
#1090=ORIENTED_EDGE('',*,*,#1885,.T.);
#1091=ORIENTED_EDGE('',*,*,#1881,.T.);
#1092=ORIENTED_EDGE('',*,*,#1886,.F.);
#1093=ORIENTED_EDGE('',*,*,#1887,.F.);
#1094=ORIENTED_EDGE('',*,*,#1888,.T.);
#1095=ORIENTED_EDGE('',*,*,#1884,.F.);
#1096=ORIENTED_EDGE('',*,*,#1889,.F.);
#1097=ORIENTED_EDGE('',*,*,#1870,.T.);
#1098=ORIENTED_EDGE('',*,*,#1890,.T.);
#1099=ORIENTED_EDGE('',*,*,#1887,.T.);
#1100=ORIENTED_EDGE('',*,*,#1891,.F.);
#1101=ORIENTED_EDGE('',*,*,#1892,.F.);
#1102=ORIENTED_EDGE('',*,*,#1893,.F.);
#1103=ORIENTED_EDGE('',*,*,#1894,.F.);
#1104=ORIENTED_EDGE('',*,*,#1895,.F.);
#1105=ORIENTED_EDGE('',*,*,#1896,.F.);
#1106=ORIENTED_EDGE('',*,*,#1897,.F.);
#1107=ORIENTED_EDGE('',*,*,#1898,.T.);
#1108=ORIENTED_EDGE('',*,*,#1899,.F.);
#1109=ORIENTED_EDGE('',*,*,#1569,.T.);
#1110=ORIENTED_EDGE('',*,*,#1567,.T.);
#1111=ORIENTED_EDGE('',*,*,#1899,.T.);
#1112=ORIENTED_EDGE('',*,*,#1891,.T.);
#1113=ORIENTED_EDGE('',*,*,#1889,.T.);
#1114=ORIENTED_EDGE('',*,*,#1886,.T.);
#1115=ORIENTED_EDGE('',*,*,#1883,.T.);
#1116=ORIENTED_EDGE('',*,*,#1880,.T.);
#1117=ORIENTED_EDGE('',*,*,#1877,.T.);
#1118=ORIENTED_EDGE('',*,*,#1874,.T.);
#1119=ORIENTED_EDGE('',*,*,#1871,.T.);
#1120=ORIENTED_EDGE('',*,*,#1867,.T.);
#1121=ORIENTED_EDGE('',*,*,#1865,.T.);
#1122=ORIENTED_EDGE('',*,*,#1864,.T.);
#1123=ORIENTED_EDGE('',*,*,#1862,.T.);
#1124=ORIENTED_EDGE('',*,*,#1900,.T.);
#1125=ORIENTED_EDGE('',*,*,#1901,.T.);
#1126=ORIENTED_EDGE('',*,*,#1902,.T.);
#1127=ORIENTED_EDGE('',*,*,#1903,.F.);
#1128=ORIENTED_EDGE('',*,*,#1560,.F.);
#1129=ORIENTED_EDGE('',*,*,#1519,.T.);
#1130=ORIENTED_EDGE('',*,*,#1565,.T.);
#1131=ORIENTED_EDGE('',*,*,#1555,.T.);
#1132=ORIENTED_EDGE('',*,*,#1558,.F.);
#1133=ORIENTED_EDGE('',*,*,#1904,.F.);
#1134=ORIENTED_EDGE('',*,*,#1902,.F.);
#1135=ORIENTED_EDGE('',*,*,#1905,.T.);
#1136=ORIENTED_EDGE('',*,*,#1906,.F.);
#1137=ORIENTED_EDGE('',*,*,#1907,.F.);
#1138=ORIENTED_EDGE('',*,*,#1563,.T.);
#1139=ORIENTED_EDGE('',*,*,#1906,.T.);
#1140=ORIENTED_EDGE('',*,*,#1908,.T.);
#1141=ORIENTED_EDGE('',*,*,#1490,.F.);
#1142=ORIENTED_EDGE('',*,*,#1909,.F.);
#1143=ORIENTED_EDGE('',*,*,#1561,.F.);
#1144=ORIENTED_EDGE('',*,*,#1903,.T.);
#1145=ORIENTED_EDGE('',*,*,#1907,.T.);
#1146=ORIENTED_EDGE('',*,*,#1909,.T.);
#1147=ORIENTED_EDGE('',*,*,#1496,.T.);
#1148=ORIENTED_EDGE('',*,*,#1910,.T.);
#1149=ORIENTED_EDGE('',*,*,#1911,.T.);
#1150=ORIENTED_EDGE('',*,*,#1912,.T.);
#1151=ORIENTED_EDGE('',*,*,#1913,.T.);
#1152=ORIENTED_EDGE('',*,*,#1914,.T.);
#1153=ORIENTED_EDGE('',*,*,#1915,.T.);
#1154=ORIENTED_EDGE('',*,*,#1916,.T.);
#1155=ORIENTED_EDGE('',*,*,#1917,.T.);
#1156=ORIENTED_EDGE('',*,*,#1918,.T.);
#1157=ORIENTED_EDGE('',*,*,#1919,.T.);
#1158=ORIENTED_EDGE('',*,*,#1860,.F.);
#1159=ORIENTED_EDGE('',*,*,#1799,.T.);
#1160=ORIENTED_EDGE('',*,*,#1749,.F.);
#1161=ORIENTED_EDGE('',*,*,#1805,.T.);
#1162=ORIENTED_EDGE('',*,*,#1742,.F.);
#1163=ORIENTED_EDGE('',*,*,#1812,.T.);
#1164=ORIENTED_EDGE('',*,*,#1739,.F.);
#1165=ORIENTED_EDGE('',*,*,#1818,.T.);
#1166=ORIENTED_EDGE('',*,*,#1733,.T.);
#1167=ORIENTED_EDGE('',*,*,#1732,.T.);
#1168=ORIENTED_EDGE('',*,*,#1557,.F.);
#1169=ORIENTED_EDGE('',*,*,#1500,.T.);
#1170=ORIENTED_EDGE('',*,*,#1920,.T.);
#1171=ORIENTED_EDGE('',*,*,#1921,.T.);
#1172=ORIENTED_EDGE('',*,*,#1904,.T.);
#1173=ORIENTED_EDGE('',*,*,#1922,.T.);
#1174=ORIENTED_EDGE('',*,*,#1923,.T.);
#1175=ORIENTED_EDGE('',*,*,#1900,.F.);
#1176=ORIENTED_EDGE('',*,*,#1921,.F.);
#1177=ORIENTED_EDGE('',*,*,#1544,.T.);
#1178=ORIENTED_EDGE('',*,*,#1499,.T.);
#1179=ORIENTED_EDGE('',*,*,#1924,.T.);
#1180=ORIENTED_EDGE('',*,*,#1922,.F.);
#1181=ORIENTED_EDGE('',*,*,#1920,.F.);
#1182=ORIENTED_EDGE('',*,*,#1925,.F.);
#1183=ORIENTED_EDGE('',*,*,#1926,.T.);
#1184=ORIENTED_EDGE('',*,*,#1927,.T.);
#1185=ORIENTED_EDGE('',*,*,#1550,.T.);
#1186=ORIENTED_EDGE('',*,*,#1492,.F.);
#1187=ORIENTED_EDGE('',*,*,#1928,.T.);
#1188=ORIENTED_EDGE('',*,*,#1925,.T.);
#1189=ORIENTED_EDGE('',*,*,#1549,.T.);
#1190=ORIENTED_EDGE('',*,*,#1927,.F.);
#1191=ORIENTED_EDGE('',*,*,#1929,.T.);
#1192=ORIENTED_EDGE('',*,*,#1497,.T.);
#1193=ORIENTED_EDGE('',*,*,#1551,.T.);
#1194=ORIENTED_EDGE('',*,*,#1730,.F.);
#1195=ORIENTED_EDGE('',*,*,#1898,.F.);
#1196=ORIENTED_EDGE('',*,*,#1652,.F.);
#1197=ORIENTED_EDGE('',*,*,#1731,.F.);
#1198=ORIENTED_EDGE('',*,*,#1930,.F.);
#1199=ORIENTED_EDGE('',*,*,#1928,.F.);
#1200=ORIENTED_EDGE('',*,*,#1931,.F.);
#1201=ORIENTED_EDGE('',*,*,#1916,.F.);
#1202=ORIENTED_EDGE('',*,*,#1931,.T.);
#1203=ORIENTED_EDGE('',*,*,#1491,.F.);
#1204=ORIENTED_EDGE('',*,*,#1932,.F.);
#1205=ORIENTED_EDGE('',*,*,#1917,.F.);
#1206=ORIENTED_EDGE('',*,*,#1930,.T.);
#1207=ORIENTED_EDGE('',*,*,#1915,.F.);
#1208=ORIENTED_EDGE('',*,*,#1933,.F.);
#1209=ORIENTED_EDGE('',*,*,#1926,.F.);
#1210=ORIENTED_EDGE('',*,*,#1932,.T.);
#1211=ORIENTED_EDGE('',*,*,#1908,.F.);
#1212=ORIENTED_EDGE('',*,*,#1934,.F.);
#1213=ORIENTED_EDGE('',*,*,#1918,.F.);
#1214=ORIENTED_EDGE('',*,*,#1933,.T.);
#1215=ORIENTED_EDGE('',*,*,#1914,.F.);
#1216=ORIENTED_EDGE('',*,*,#1935,.F.);
#1217=ORIENTED_EDGE('',*,*,#1929,.F.);
#1218=ORIENTED_EDGE('',*,*,#1934,.T.);
#1219=ORIENTED_EDGE('',*,*,#1905,.F.);
#1220=ORIENTED_EDGE('',*,*,#1936,.F.);
#1221=ORIENTED_EDGE('',*,*,#1919,.F.);
#1222=ORIENTED_EDGE('',*,*,#1935,.T.);
#1223=ORIENTED_EDGE('',*,*,#1913,.F.);
#1224=ORIENTED_EDGE('',*,*,#1937,.F.);
#1225=ORIENTED_EDGE('',*,*,#1498,.F.);
#1226=ORIENTED_EDGE('',*,*,#1936,.T.);
#1227=ORIENTED_EDGE('',*,*,#1901,.F.);
#1228=ORIENTED_EDGE('',*,*,#1938,.F.);
#1229=ORIENTED_EDGE('',*,*,#1910,.F.);
#1230=ORIENTED_EDGE('',*,*,#1937,.T.);
#1231=ORIENTED_EDGE('',*,*,#1912,.F.);
#1232=ORIENTED_EDGE('',*,*,#1939,.F.);
#1233=ORIENTED_EDGE('',*,*,#1924,.F.);
#1234=ORIENTED_EDGE('',*,*,#1938,.T.);
#1235=ORIENTED_EDGE('',*,*,#1923,.F.);
#1236=ORIENTED_EDGE('',*,*,#1939,.T.);
#1237=ORIENTED_EDGE('',*,*,#1911,.F.);
#1238=ORIENTED_EDGE('',*,*,#1819,.F.);
#1239=ORIENTED_EDGE('',*,*,#1815,.F.);
#1240=ORIENTED_EDGE('',*,*,#1940,.F.);
#1241=ORIENTED_EDGE('',*,*,#1859,.F.);
#1242=ORIENTED_EDGE('',*,*,#1940,.T.);
#1243=ORIENTED_EDGE('',*,*,#1813,.F.);
#1244=ORIENTED_EDGE('',*,*,#1941,.F.);
#1245=ORIENTED_EDGE('',*,*,#1854,.F.);
#1246=ORIENTED_EDGE('',*,*,#1807,.F.);
#1247=ORIENTED_EDGE('',*,*,#1855,.F.);
#1248=ORIENTED_EDGE('',*,*,#1941,.T.);
#1249=ORIENTED_EDGE('',*,*,#1810,.F.);
#1250=ORIENTED_EDGE('',*,*,#1523,.F.);
#1251=ORIENTED_EDGE('',*,*,#1506,.F.);
#1252=ORIENTED_EDGE('',*,*,#1524,.F.);
#1253=ORIENTED_EDGE('',*,*,#1562,.F.);
#1254=ORIENTED_EDGE('',*,*,#1525,.F.);
#1255=ORIENTED_EDGE('',*,*,#1543,.F.);
#1256=ORIENTED_EDGE('',*,*,#1526,.F.);
#1257=ORIENTED_EDGE('',*,*,#1568,.F.);
#1258=ORIENTED_EDGE('',*,*,#1527,.F.);
#1259=ORIENTED_EDGE('',*,*,#1566,.F.);
#1260=ORIENTED_EDGE('',*,*,#1528,.F.);
#1261=ORIENTED_EDGE('',*,*,#1507,.F.);
#1262=ORIENTED_EDGE('',*,*,#1942,.F.);
#1263=ORIENTED_EDGE('',*,*,#1843,.F.);
#1264=ORIENTED_EDGE('',*,*,#1943,.F.);
#1265=ORIENTED_EDGE('',*,*,#1513,.F.);
#1266=ORIENTED_EDGE('',*,*,#1943,.T.);
#1267=ORIENTED_EDGE('',*,*,#1842,.F.);
#1268=ORIENTED_EDGE('',*,*,#1944,.F.);
#1269=ORIENTED_EDGE('',*,*,#1573,.F.);
#1270=ORIENTED_EDGE('',*,*,#1942,.T.);
#1271=ORIENTED_EDGE('',*,*,#1579,.F.);
#1272=ORIENTED_EDGE('',*,*,#1945,.F.);
#1273=ORIENTED_EDGE('',*,*,#1844,.F.);
#1274=ORIENTED_EDGE('',*,*,#1944,.T.);
#1275=ORIENTED_EDGE('',*,*,#1841,.F.);
#1276=ORIENTED_EDGE('',*,*,#1946,.F.);
#1277=ORIENTED_EDGE('',*,*,#1571,.F.);
#1278=ORIENTED_EDGE('',*,*,#1945,.T.);
#1279=ORIENTED_EDGE('',*,*,#1576,.F.);
#1280=ORIENTED_EDGE('',*,*,#1947,.F.);
#1281=ORIENTED_EDGE('',*,*,#1845,.F.);
#1282=ORIENTED_EDGE('',*,*,#1946,.T.);
#1283=ORIENTED_EDGE('',*,*,#1840,.F.);
#1284=ORIENTED_EDGE('',*,*,#1948,.F.);
#1285=ORIENTED_EDGE('',*,*,#1574,.F.);
#1286=ORIENTED_EDGE('',*,*,#1947,.T.);
#1287=ORIENTED_EDGE('',*,*,#1578,.F.);
#1288=ORIENTED_EDGE('',*,*,#1949,.F.);
#1289=ORIENTED_EDGE('',*,*,#1838,.F.);
#1290=ORIENTED_EDGE('',*,*,#1948,.T.);
#1291=ORIENTED_EDGE('',*,*,#1839,.F.);
#1292=ORIENTED_EDGE('',*,*,#1949,.T.);
#1293=ORIENTED_EDGE('',*,*,#1509,.F.);
#1294=ORIENTED_EDGE('',*,*,#1950,.F.);
#1295=ORIENTED_EDGE('',*,*,#1534,.F.);
#1296=ORIENTED_EDGE('',*,*,#1951,.F.);
#1297=ORIENTED_EDGE('',*,*,#1553,.F.);
#1298=ORIENTED_EDGE('',*,*,#1951,.T.);
#1299=ORIENTED_EDGE('',*,*,#1533,.F.);
#1300=ORIENTED_EDGE('',*,*,#1952,.F.);
#1301=ORIENTED_EDGE('',*,*,#1556,.F.);
#1302=ORIENTED_EDGE('',*,*,#1950,.T.);
#1303=ORIENTED_EDGE('',*,*,#1564,.F.);
#1304=ORIENTED_EDGE('',*,*,#1953,.F.);
#1305=ORIENTED_EDGE('',*,*,#1535,.F.);
#1306=ORIENTED_EDGE('',*,*,#1952,.T.);
#1307=ORIENTED_EDGE('',*,*,#1532,.F.);
#1308=ORIENTED_EDGE('',*,*,#1954,.F.);
#1309=ORIENTED_EDGE('',*,*,#1546,.F.);
#1310=ORIENTED_EDGE('',*,*,#1953,.T.);
#1311=ORIENTED_EDGE('',*,*,#1517,.F.);
#1312=ORIENTED_EDGE('',*,*,#1955,.F.);
#1313=ORIENTED_EDGE('',*,*,#1536,.F.);
#1314=ORIENTED_EDGE('',*,*,#1954,.T.);
#1315=ORIENTED_EDGE('',*,*,#1531,.F.);
#1316=ORIENTED_EDGE('',*,*,#1956,.F.);
#1317=ORIENTED_EDGE('',*,*,#1548,.F.);
#1318=ORIENTED_EDGE('',*,*,#1955,.T.);
#1319=ORIENTED_EDGE('',*,*,#1559,.F.);
#1320=ORIENTED_EDGE('',*,*,#1957,.F.);
#1321=ORIENTED_EDGE('',*,*,#1529,.F.);
#1322=ORIENTED_EDGE('',*,*,#1956,.T.);
#1323=ORIENTED_EDGE('',*,*,#1530,.F.);
#1324=ORIENTED_EDGE('',*,*,#1957,.T.);
#1325=ORIENTED_EDGE('',*,*,#1521,.F.);
#1326=ORIENTED_EDGE('',*,*,#1809,.F.);
#1327=ORIENTED_EDGE('',*,*,#1803,.F.);
#1328=ORIENTED_EDGE('',*,*,#1958,.F.);
#1329=ORIENTED_EDGE('',*,*,#1856,.F.);
#1330=ORIENTED_EDGE('',*,*,#1958,.T.);
#1331=ORIENTED_EDGE('',*,*,#1801,.F.);
#1332=ORIENTED_EDGE('',*,*,#1959,.F.);
#1333=ORIENTED_EDGE('',*,*,#1857,.F.);
#1334=ORIENTED_EDGE('',*,*,#1821,.F.);
#1335=ORIENTED_EDGE('',*,*,#1858,.F.);
#1336=ORIENTED_EDGE('',*,*,#1959,.T.);
#1337=ORIENTED_EDGE('',*,*,#1797,.F.);
#1338=ORIENTED_EDGE('',*,*,#1636,.F.);
#1339=ORIENTED_EDGE('',*,*,#1708,.F.);
#1340=ORIENTED_EDGE('',*,*,#1634,.F.);
#1341=ORIENTED_EDGE('',*,*,#1709,.F.);
#1342=ORIENTED_EDGE('',*,*,#1633,.F.);
#1343=ORIENTED_EDGE('',*,*,#1710,.F.);
#1344=ORIENTED_EDGE('',*,*,#1635,.F.);
#1345=ORIENTED_EDGE('',*,*,#1711,.F.);
#1346=ORIENTED_EDGE('',*,*,#1861,.F.);
#1347=ORIENTED_EDGE('',*,*,#1712,.F.);
#1348=ORIENTED_EDGE('',*,*,#1863,.F.);
#1349=ORIENTED_EDGE('',*,*,#1713,.F.);
#1350=ORIENTED_EDGE('',*,*,#1960,.F.);
#1351=ORIENTED_EDGE('',*,*,#1879,.F.);
#1352=ORIENTED_EDGE('',*,*,#1961,.F.);
#1353=ORIENTED_EDGE('',*,*,#1719,.F.);
#1354=ORIENTED_EDGE('',*,*,#1961,.T.);
#1355=ORIENTED_EDGE('',*,*,#1882,.F.);
#1356=ORIENTED_EDGE('',*,*,#1962,.F.);
#1357=ORIENTED_EDGE('',*,*,#1720,.F.);
#1358=ORIENTED_EDGE('',*,*,#1960,.T.);
#1359=ORIENTED_EDGE('',*,*,#1718,.F.);
#1360=ORIENTED_EDGE('',*,*,#1963,.F.);
#1361=ORIENTED_EDGE('',*,*,#1876,.F.);
#1362=ORIENTED_EDGE('',*,*,#1962,.T.);
#1363=ORIENTED_EDGE('',*,*,#1885,.F.);
#1364=ORIENTED_EDGE('',*,*,#1964,.F.);
#1365=ORIENTED_EDGE('',*,*,#1721,.F.);
#1366=ORIENTED_EDGE('',*,*,#1963,.T.);
#1367=ORIENTED_EDGE('',*,*,#1717,.F.);
#1368=ORIENTED_EDGE('',*,*,#1965,.F.);
#1369=ORIENTED_EDGE('',*,*,#1873,.F.);
#1370=ORIENTED_EDGE('',*,*,#1964,.T.);
#1371=ORIENTED_EDGE('',*,*,#1888,.F.);
#1372=ORIENTED_EDGE('',*,*,#1966,.F.);
#1373=ORIENTED_EDGE('',*,*,#1714,.F.);
#1374=ORIENTED_EDGE('',*,*,#1965,.T.);
#1375=ORIENTED_EDGE('',*,*,#1716,.F.);
#1376=ORIENTED_EDGE('',*,*,#1967,.F.);
#1377=ORIENTED_EDGE('',*,*,#1869,.F.);
#1378=ORIENTED_EDGE('',*,*,#1966,.T.);
#1379=ORIENTED_EDGE('',*,*,#1890,.F.);
#1380=ORIENTED_EDGE('',*,*,#1967,.T.);
#1381=ORIENTED_EDGE('',*,*,#1715,.F.);
#1382=ORIENTED_EDGE('',*,*,#1968,.F.);
#1383=ORIENTED_EDGE('',*,*,#1823,.F.);
#1384=ORIENTED_EDGE('',*,*,#1969,.F.);
#1385=ORIENTED_EDGE('',*,*,#1851,.F.);
#1386=ORIENTED_EDGE('',*,*,#1969,.T.);
#1387=ORIENTED_EDGE('',*,*,#1837,.F.);
#1388=ORIENTED_EDGE('',*,*,#1970,.F.);
#1389=ORIENTED_EDGE('',*,*,#1852,.F.);
#1390=ORIENTED_EDGE('',*,*,#1968,.T.);
#1391=ORIENTED_EDGE('',*,*,#1850,.F.);
#1392=ORIENTED_EDGE('',*,*,#1971,.F.);
#1393=ORIENTED_EDGE('',*,*,#1825,.F.);
#1394=ORIENTED_EDGE('',*,*,#1970,.T.);
#1395=ORIENTED_EDGE('',*,*,#1835,.F.);
#1396=ORIENTED_EDGE('',*,*,#1972,.F.);
#1397=ORIENTED_EDGE('',*,*,#1853,.F.);
#1398=ORIENTED_EDGE('',*,*,#1971,.T.);
#1399=ORIENTED_EDGE('',*,*,#1849,.F.);
#1400=ORIENTED_EDGE('',*,*,#1973,.F.);
#1401=ORIENTED_EDGE('',*,*,#1827,.F.);
#1402=ORIENTED_EDGE('',*,*,#1972,.T.);
#1403=ORIENTED_EDGE('',*,*,#1833,.F.);
#1404=ORIENTED_EDGE('',*,*,#1974,.F.);
#1405=ORIENTED_EDGE('',*,*,#1846,.F.);
#1406=ORIENTED_EDGE('',*,*,#1973,.T.);
#1407=ORIENTED_EDGE('',*,*,#1848,.F.);
#1408=ORIENTED_EDGE('',*,*,#1975,.F.);
#1409=ORIENTED_EDGE('',*,*,#1829,.F.);
#1410=ORIENTED_EDGE('',*,*,#1974,.T.);
#1411=ORIENTED_EDGE('',*,*,#1831,.F.);
#1412=ORIENTED_EDGE('',*,*,#1975,.T.);
#1413=ORIENTED_EDGE('',*,*,#1847,.F.);
#1414=ORIENTED_EDGE('',*,*,#1866,.F.);
#1415=ORIENTED_EDGE('',*,*,#1707,.F.);
#1416=ORIENTED_EDGE('',*,*,#1658,.F.);
#1417=ORIENTED_EDGE('',*,*,#1744,.F.);
#1418=ORIENTED_EDGE('',*,*,#1660,.F.);
#1419=ORIENTED_EDGE('',*,*,#1745,.F.);
#1420=ORIENTED_EDGE('',*,*,#1659,.F.);
#1421=ORIENTED_EDGE('',*,*,#1746,.F.);
#1422=ORIENTED_EDGE('',*,*,#1655,.F.);
#1423=ORIENTED_EDGE('',*,*,#1734,.F.);
#1424=ORIENTED_EDGE('',*,*,#1657,.F.);
#1425=ORIENTED_EDGE('',*,*,#1735,.F.);
#1426=ORIENTED_EDGE('',*,*,#1656,.F.);
#1427=ORIENTED_EDGE('',*,*,#1736,.F.);
#1428=ORIENTED_EDGE('',*,*,#1682,.F.);
#1429=ORIENTED_EDGE('',*,*,#1782,.F.);
#1430=ORIENTED_EDGE('',*,*,#1681,.F.);
#1431=ORIENTED_EDGE('',*,*,#1783,.F.);
#1432=ORIENTED_EDGE('',*,*,#1684,.F.);
#1433=ORIENTED_EDGE('',*,*,#1784,.F.);
#1434=ORIENTED_EDGE('',*,*,#1683,.F.);
#1435=ORIENTED_EDGE('',*,*,#1785,.F.);
#1436=ORIENTED_EDGE('',*,*,#1668,.F.);
#1437=ORIENTED_EDGE('',*,*,#1763,.F.);
#1438=ORIENTED_EDGE('',*,*,#1671,.F.);
#1439=ORIENTED_EDGE('',*,*,#1764,.F.);
#1440=ORIENTED_EDGE('',*,*,#1667,.F.);
#1441=ORIENTED_EDGE('',*,*,#1765,.F.);
#1442=ORIENTED_EDGE('',*,*,#1670,.F.);
#1443=ORIENTED_EDGE('',*,*,#1766,.F.);
#1444=ORIENTED_EDGE('',*,*,#1669,.F.);
#1445=ORIENTED_EDGE('',*,*,#1767,.F.);
#1446=ORIENTED_EDGE('',*,*,#1672,.F.);
#1447=ORIENTED_EDGE('',*,*,#1768,.F.);
#1448=ORIENTED_EDGE('',*,*,#1673,.F.);
#1449=ORIENTED_EDGE('',*,*,#1769,.F.);
#1450=ORIENTED_EDGE('',*,*,#1674,.F.);
#1451=ORIENTED_EDGE('',*,*,#1770,.F.);
#1452=ORIENTED_EDGE('',*,*,#1686,.F.);
#1453=ORIENTED_EDGE('',*,*,#1786,.F.);
#1454=ORIENTED_EDGE('',*,*,#1687,.F.);
#1455=ORIENTED_EDGE('',*,*,#1787,.F.);
#1456=ORIENTED_EDGE('',*,*,#1685,.F.);
#1457=ORIENTED_EDGE('',*,*,#1788,.F.);
#1458=ORIENTED_EDGE('',*,*,#1688,.F.);
#1459=ORIENTED_EDGE('',*,*,#1789,.F.);
#1460=ORIENTED_EDGE('',*,*,#1597,.F.);
#1461=ORIENTED_EDGE('',*,*,#1643,.F.);
#1462=ORIENTED_EDGE('',*,*,#1598,.F.);
#1463=ORIENTED_EDGE('',*,*,#1644,.F.);
#1464=ORIENTED_EDGE('',*,*,#1599,.F.);
#1465=ORIENTED_EDGE('',*,*,#1645,.F.);
#1466=ORIENTED_EDGE('',*,*,#1596,.F.);
#1467=ORIENTED_EDGE('',*,*,#1646,.F.);
#1468=ORIENTED_EDGE('',*,*,#1595,.F.);
#1469=ORIENTED_EDGE('',*,*,#1647,.F.);
#1470=ORIENTED_EDGE('',*,*,#1594,.F.);
#1471=ORIENTED_EDGE('',*,*,#1648,.F.);
#1472=ORIENTED_EDGE('',*,*,#1601,.F.);
#1473=ORIENTED_EDGE('',*,*,#1649,.F.);
#1474=ORIENTED_EDGE('',*,*,#1600,.F.);
#1475=ORIENTED_EDGE('',*,*,#1650,.F.);
#1476=ORIENTED_EDGE('',*,*,#1592,.F.);
#1477=ORIENTED_EDGE('',*,*,#1651,.F.);
#1478=ORIENTED_EDGE('',*,*,#1897,.T.);
#1479=ORIENTED_EDGE('',*,*,#1642,.F.);
#1480=ORIENTED_EDGE('',*,*,#1896,.T.);
#1481=ORIENTED_EDGE('',*,*,#1641,.F.);
#1482=ORIENTED_EDGE('',*,*,#1895,.T.);
#1483=ORIENTED_EDGE('',*,*,#1640,.F.);
#1484=ORIENTED_EDGE('',*,*,#1894,.T.);
#1485=ORIENTED_EDGE('',*,*,#1639,.F.);
#1486=ORIENTED_EDGE('',*,*,#1638,.T.);
#1487=ORIENTED_EDGE('',*,*,#1893,.T.);
#1488=ORIENTED_EDGE('',*,*,#1637,.T.);
#1489=ORIENTED_EDGE('',*,*,#1892,.T.);
#1490=EDGE_CURVE('',#1976,#1977,#2342,.T.);
#1491=EDGE_CURVE('',#1977,#1978,#2343,.T.);
#1492=EDGE_CURVE('',#1978,#1979,#2344,.T.);
#1493=EDGE_CURVE('',#1979,#1980,#2345,.T.);
#1494=EDGE_CURVE('',#1980,#1981,#281,.T.);
#1495=EDGE_CURVE('',#1981,#1982,#2346,.T.);
#1496=EDGE_CURVE('',#1976,#1982,#2347,.T.);
#1497=EDGE_CURVE('',#1983,#1984,#2348,.T.);
#1498=EDGE_CURVE('',#1983,#1985,#2349,.T.);
#1499=EDGE_CURVE('',#1986,#1985,#2350,.T.);
#1500=EDGE_CURVE('',#1987,#1986,#2351,.T.);
#1501=EDGE_CURVE('',#1987,#1988,#2352,.T.);
#1502=EDGE_CURVE('',#1988,#1989,#282,.T.);
#1503=EDGE_CURVE('',#1989,#1984,#2353,.T.);
#1504=EDGE_CURVE('',#1990,#1990,#283,.T.);
#1505=EDGE_CURVE('',#1991,#1991,#284,.T.);
#1506=EDGE_CURVE('',#1992,#1992,#285,.T.);
#1507=EDGE_CURVE('',#1993,#1993,#286,.T.);
#1508=EDGE_CURVE('',#1994,#1995,#2354,.T.);
#1509=EDGE_CURVE('',#1995,#1996,#105,.T.);
#1510=EDGE_CURVE('',#1996,#1997,#2355,.F.);
#1511=EDGE_CURVE('',#1997,#1994,#287,.T.);
#1512=EDGE_CURVE('',#1998,#1999,#2356,.T.);
#1513=EDGE_CURVE('',#1999,#2000,#106,.T.);
#1514=EDGE_CURVE('',#2000,#2001,#2357,.F.);
#1515=EDGE_CURVE('',#2001,#1998,#288,.T.);
#1516=EDGE_CURVE('',#2002,#2003,#2358,.T.);
#1517=EDGE_CURVE('',#2003,#2004,#289,.T.);
#1518=EDGE_CURVE('',#2004,#2005,#2359,.F.);
#1519=EDGE_CURVE('',#2002,#2005,#107,.T.);
#1520=EDGE_CURVE('',#1980,#2006,#2360,.T.);
#1521=EDGE_CURVE('',#2006,#2007,#290,.T.);
#1522=EDGE_CURVE('',#2007,#1981,#2361,.F.);
#1523=EDGE_CURVE('',#2008,#2008,#291,.F.);
#1524=EDGE_CURVE('',#2009,#2009,#292,.F.);
#1525=EDGE_CURVE('',#2010,#2010,#293,.F.);
#1526=EDGE_CURVE('',#2011,#2011,#294,.F.);
#1527=EDGE_CURVE('',#2012,#2012,#295,.F.);
#1528=EDGE_CURVE('',#2013,#2013,#296,.F.);
#1529=EDGE_CURVE('',#2014,#2015,#2362,.T.);
#1530=EDGE_CURVE('',#2015,#2016,#297,.F.);
#1531=EDGE_CURVE('',#2016,#2017,#2363,.T.);
#1532=EDGE_CURVE('',#2017,#2018,#298,.F.);
#1533=EDGE_CURVE('',#2018,#2019,#2364,.T.);
#1534=EDGE_CURVE('',#2019,#2020,#299,.F.);
#1535=EDGE_CURVE('',#2020,#2021,#2365,.T.);
#1536=EDGE_CURVE('',#2021,#2014,#300,.F.);
#1537=EDGE_CURVE('',#2022,#1997,#2366,.T.);
#1538=EDGE_CURVE('',#2023,#2022,#301,.T.);
#1539=EDGE_CURVE('',#1998,#2023,#2367,.T.);
#1540=EDGE_CURVE('',#2024,#2001,#2368,.T.);
#1541=EDGE_CURVE('',#2025,#2024,#302,.T.);
#1542=EDGE_CURVE('',#1994,#2025,#2369,.T.);
#1543=EDGE_CURVE('',#2026,#2026,#303,.T.);
#1544=EDGE_CURVE('',#2027,#2027,#108,.T.);
#1545=EDGE_CURVE('',#1988,#2028,#2370,.T.);
#1546=EDGE_CURVE('',#2028,#2029,#304,.T.);
#1547=EDGE_CURVE('',#2029,#1989,#2371,.F.);
#1548=EDGE_CURVE('',#2029,#2006,#2372,.T.);
#1549=EDGE_CURVE('',#2030,#1979,#305,.F.);
#1550=EDGE_CURVE('',#2031,#2030,#2373,.T.);
#1551=EDGE_CURVE('',#1984,#2031,#306,.F.);
#1552=EDGE_CURVE('',#2032,#2033,#2374,.T.);
#1553=EDGE_CURVE('',#2033,#2034,#307,.T.);
#1554=EDGE_CURVE('',#2034,#2035,#2375,.F.);
#1555=EDGE_CURVE('',#2032,#2035,#109,.T.);
#1556=EDGE_CURVE('',#2034,#2028,#2376,.T.);
#1557=EDGE_CURVE('',#1987,#2036,#2377,.T.);
#1558=EDGE_CURVE('',#2036,#2035,#2378,.T.);
#1559=EDGE_CURVE('',#2007,#2003,#2379,.T.);
#1560=EDGE_CURVE('',#2002,#2037,#2380,.F.);
#1561=EDGE_CURVE('',#2037,#1982,#2381,.T.);
#1562=EDGE_CURVE('',#2038,#2038,#308,.T.);
#1563=EDGE_CURVE('',#2039,#2039,#110,.T.);
#1564=EDGE_CURVE('',#2004,#2033,#2382,.T.);
#1565=EDGE_CURVE('',#2005,#2032,#309,.F.);
#1566=EDGE_CURVE('',#2040,#2040,#310,.T.);
#1567=EDGE_CURVE('',#2041,#2041,#111,.T.);
#1568=EDGE_CURVE('',#2042,#2042,#311,.T.);
#1569=EDGE_CURVE('',#2043,#2043,#112,.T.);
#1570=EDGE_CURVE('',#2024,#2044,#2383,.T.);
#1571=EDGE_CURVE('',#2044,#2045,#113,.T.);
#1572=EDGE_CURVE('',#2045,#2025,#2384,.F.);
#1573=EDGE_CURVE('',#2000,#2044,#2385,.T.);
#1574=EDGE_CURVE('',#2045,#1995,#312,.F.);
#1575=EDGE_CURVE('',#2022,#2046,#2386,.T.);
#1576=EDGE_CURVE('',#2046,#2047,#114,.T.);
#1577=EDGE_CURVE('',#2047,#2023,#2387,.F.);
#1578=EDGE_CURVE('',#1996,#2046,#2388,.T.);
#1579=EDGE_CURVE('',#2047,#1999,#313,.F.);
#1580=EDGE_CURVE('',#2048,#2048,#314,.T.);
#1581=EDGE_CURVE('',#2049,#2049,#315,.T.);
#1582=EDGE_CURVE('',#2050,#2050,#316,.T.);
#1583=EDGE_CURVE('',#2051,#2051,#317,.T.);
#1584=EDGE_CURVE('',#2052,#2052,#318,.T.);
#1585=EDGE_CURVE('',#2053,#2053,#319,.T.);
#1586=EDGE_CURVE('',#2054,#2054,#320,.T.);
#1587=EDGE_CURVE('',#2055,#2055,#321,.T.);
#1588=EDGE_CURVE('',#2056,#2056,#322,.T.);
#1589=EDGE_CURVE('',#2057,#2057,#323,.T.);
#1590=EDGE_CURVE('',#2058,#2058,#324,.T.);
#1591=EDGE_CURVE('',#2059,#2059,#325,.T.);
#1592=EDGE_CURVE('',#2060,#2060,#326,.F.);
#1593=EDGE_CURVE('',#2061,#2061,#327,.T.);
#1594=EDGE_CURVE('',#2062,#2062,#328,.T.);
#1595=EDGE_CURVE('',#2063,#2063,#329,.T.);
#1596=EDGE_CURVE('',#2064,#2064,#330,.T.);
#1597=EDGE_CURVE('',#2065,#2065,#331,.T.);
#1598=EDGE_CURVE('',#2066,#2066,#332,.T.);
#1599=EDGE_CURVE('',#2067,#2067,#333,.T.);
#1600=EDGE_CURVE('',#2068,#2068,#334,.T.);
#1601=EDGE_CURVE('',#2069,#2069,#335,.T.);
#1602=EDGE_CURVE('',#2070,#2070,#336,.T.);
#1603=EDGE_CURVE('',#2071,#2071,#337,.T.);
#1604=EDGE_CURVE('',#2072,#2072,#338,.T.);
#1605=EDGE_CURVE('',#2073,#2073,#339,.T.);
#1606=EDGE_CURVE('',#2074,#2074,#340,.T.);
#1607=EDGE_CURVE('',#2075,#2075,#341,.T.);
#1608=EDGE_CURVE('',#2076,#2076,#342,.T.);
#1609=EDGE_CURVE('',#2077,#2077,#343,.T.);
#1610=EDGE_CURVE('',#2078,#2078,#344,.T.);
#1611=EDGE_CURVE('',#2079,#2079,#345,.T.);
#1612=EDGE_CURVE('',#2080,#2080,#346,.T.);
#1613=EDGE_CURVE('',#2081,#2081,#347,.T.);
#1614=EDGE_CURVE('',#2082,#2082,#348,.T.);
#1615=EDGE_CURVE('',#2083,#2083,#349,.T.);
#1616=EDGE_CURVE('',#2084,#2084,#350,.T.);
#1617=EDGE_CURVE('',#2085,#2085,#351,.T.);
#1618=EDGE_CURVE('',#2086,#2086,#352,.T.);
#1619=EDGE_CURVE('',#2087,#2087,#353,.T.);
#1620=EDGE_CURVE('',#2088,#2088,#354,.T.);
#1621=EDGE_CURVE('',#2089,#2089,#355,.T.);
#1622=EDGE_CURVE('',#2090,#2090,#356,.T.);
#1623=EDGE_CURVE('',#2091,#2091,#357,.T.);
#1624=EDGE_CURVE('',#2092,#2092,#358,.T.);
#1625=EDGE_CURVE('',#2093,#2093,#359,.T.);
#1626=EDGE_CURVE('',#2094,#2094,#115,.T.);
#1627=EDGE_CURVE('',#2095,#2095,#116,.T.);
#1628=EDGE_CURVE('',#2096,#2096,#360,.T.);
#1629=EDGE_CURVE('',#2097,#2097,#361,.T.);
#1630=EDGE_CURVE('',#2098,#2098,#117,.T.);
#1631=EDGE_CURVE('',#2099,#2099,#118,.T.);
#1632=EDGE_CURVE('',#2100,#2100,#362,.T.);
#1633=EDGE_CURVE('',#2101,#2101,#363,.T.);
#1634=EDGE_CURVE('',#2102,#2102,#364,.T.);
#1635=EDGE_CURVE('',#2103,#2103,#365,.T.);
#1636=EDGE_CURVE('',#2104,#2104,#366,.T.);
#1637=EDGE_CURVE('',#2105,#2105,#367,.T.);
#1638=EDGE_CURVE('',#2106,#2106,#368,.T.);
#1639=EDGE_CURVE('',#2107,#2107,#369,.T.);
#1640=EDGE_CURVE('',#2108,#2108,#370,.T.);
#1641=EDGE_CURVE('',#2109,#2109,#371,.T.);
#1642=EDGE_CURVE('',#2110,#2110,#372,.T.);
#1643=EDGE_CURVE('',#2111,#2111,#373,.F.);
#1644=EDGE_CURVE('',#2112,#2112,#374,.F.);
#1645=EDGE_CURVE('',#2113,#2113,#375,.F.);
#1646=EDGE_CURVE('',#2114,#2114,#376,.F.);
#1647=EDGE_CURVE('',#2115,#2115,#377,.F.);
#1648=EDGE_CURVE('',#2116,#2116,#378,.F.);
#1649=EDGE_CURVE('',#2117,#2117,#379,.F.);
#1650=EDGE_CURVE('',#2118,#2118,#380,.F.);
#1651=EDGE_CURVE('',#2119,#2119,#381,.T.);
#1652=EDGE_CURVE('',#2120,#2120,#382,.F.);
#1653=EDGE_CURVE('',#2121,#2121,#383,.T.);
#1654=EDGE_CURVE('',#2122,#2122,#384,.T.);
#1655=EDGE_CURVE('',#2123,#2123,#385,.T.);
#1656=EDGE_CURVE('',#2124,#2124,#386,.T.);
#1657=EDGE_CURVE('',#2125,#2125,#387,.T.);
#1658=EDGE_CURVE('',#2126,#2126,#388,.T.);
#1659=EDGE_CURVE('',#2127,#2127,#389,.T.);
#1660=EDGE_CURVE('',#2128,#2128,#390,.T.);
#1661=EDGE_CURVE('',#2129,#2129,#391,.F.);
#1662=EDGE_CURVE('',#2130,#2130,#392,.F.);
#1663=EDGE_CURVE('',#2131,#2132,#2389,.T.);
#1664=EDGE_CURVE('',#2131,#2132,#393,.F.);
#1665=EDGE_CURVE('',#2133,#2134,#2390,.T.);
#1666=EDGE_CURVE('',#2133,#2134,#394,.F.);
#1667=EDGE_CURVE('',#2135,#2135,#395,.T.);
#1668=EDGE_CURVE('',#2136,#2136,#396,.T.);
#1669=EDGE_CURVE('',#2137,#2137,#397,.T.);
#1670=EDGE_CURVE('',#2138,#2138,#398,.T.);
#1671=EDGE_CURVE('',#2139,#2139,#399,.T.);
#1672=EDGE_CURVE('',#2140,#2140,#400,.T.);
#1673=EDGE_CURVE('',#2141,#2141,#401,.T.);
#1674=EDGE_CURVE('',#2142,#2142,#402,.T.);
#1675=EDGE_CURVE('',#2143,#2143,#403,.F.);
#1676=EDGE_CURVE('',#2144,#2144,#404,.F.);
#1677=EDGE_CURVE('',#2145,#2146,#2391,.T.);
#1678=EDGE_CURVE('',#2145,#2146,#405,.F.);
#1679=EDGE_CURVE('',#2147,#2148,#2392,.T.);
#1680=EDGE_CURVE('',#2147,#2148,#406,.F.);
#1681=EDGE_CURVE('',#2149,#2149,#407,.T.);
#1682=EDGE_CURVE('',#2150,#2150,#408,.T.);
#1683=EDGE_CURVE('',#2151,#2151,#409,.T.);
#1684=EDGE_CURVE('',#2152,#2152,#410,.T.);
#1685=EDGE_CURVE('',#2153,#2153,#411,.T.);
#1686=EDGE_CURVE('',#2154,#2154,#412,.T.);
#1687=EDGE_CURVE('',#2155,#2155,#413,.T.);
#1688=EDGE_CURVE('',#2156,#2156,#414,.T.);
#1689=EDGE_CURVE('',#2157,#2157,#415,.F.);
#1690=EDGE_CURVE('',#2158,#2158,#416,.F.);
#1691=EDGE_CURVE('',#2159,#2159,#417,.T.);
#1692=EDGE_CURVE('',#2160,#2161,#418,.F.);
#1693=EDGE_CURVE('',#2162,#2161,#2393,.T.);
#1694=EDGE_CURVE('',#2162,#2163,#419,.T.);
#1695=EDGE_CURVE('',#2163,#2160,#2394,.T.);
#1696=EDGE_CURVE('',#2164,#2162,#119,.T.);
#1697=EDGE_CURVE('',#2165,#2164,#420,.F.);
#1698=EDGE_CURVE('',#2163,#2165,#120,.T.);
#1699=EDGE_CURVE('',#2166,#2167,#421,.T.);
#1700=EDGE_CURVE('',#2168,#2166,#121,.T.);
#1701=EDGE_CURVE('',#2169,#2168,#422,.F.);
#1702=EDGE_CURVE('',#2167,#2169,#122,.T.);
#1703=EDGE_CURVE('',#2170,#2171,#423,.F.);
#1704=EDGE_CURVE('',#2166,#2171,#2395,.T.);
#1705=EDGE_CURVE('',#2167,#2170,#2396,.T.);
#1706=EDGE_CURVE('',#2172,#2172,#424,.T.);
#1707=EDGE_CURVE('',#2173,#2173,#425,.T.);
#1708=EDGE_CURVE('',#2174,#2174,#426,.F.);
#1709=EDGE_CURVE('',#2175,#2175,#427,.F.);
#1710=EDGE_CURVE('',#2176,#2176,#428,.F.);
#1711=EDGE_CURVE('',#2177,#2177,#429,.F.);
#1712=EDGE_CURVE('',#2178,#2178,#430,.F.);
#1713=EDGE_CURVE('',#2179,#2179,#431,.F.);
#1714=EDGE_CURVE('',#2180,#2181,#432,.F.);
#1715=EDGE_CURVE('',#2181,#2182,#2397,.T.);
#1716=EDGE_CURVE('',#2182,#2183,#433,.F.);
#1717=EDGE_CURVE('',#2183,#2184,#2398,.T.);
#1718=EDGE_CURVE('',#2184,#2185,#434,.F.);
#1719=EDGE_CURVE('',#2185,#2186,#2399,.T.);
#1720=EDGE_CURVE('',#2186,#2187,#435,.F.);
#1721=EDGE_CURVE('',#2187,#2180,#2400,.T.);
#1722=EDGE_CURVE('',#2188,#2189,#2401,.T.);
#1723=EDGE_CURVE('',#2189,#2190,#436,.T.);
#1724=EDGE_CURVE('',#2190,#2191,#2402,.T.);
#1725=EDGE_CURVE('',#2191,#2192,#437,.T.);
#1726=EDGE_CURVE('',#2192,#2193,#2403,.T.);
#1727=EDGE_CURVE('',#2193,#2194,#438,.T.);
#1728=EDGE_CURVE('',#2194,#2195,#2404,.T.);
#1729=EDGE_CURVE('',#2195,#2188,#439,.T.);
#1730=EDGE_CURVE('',#2196,#2196,#440,.T.);
#1731=EDGE_CURVE('',#2197,#2197,#441,.T.);
#1732=EDGE_CURVE('',#2198,#2198,#442,.T.);
#1733=EDGE_CURVE('',#2199,#2199,#443,.T.);
#1734=EDGE_CURVE('',#2200,#2200,#444,.F.);
#1735=EDGE_CURVE('',#2201,#2201,#445,.F.);
#1736=EDGE_CURVE('',#2202,#2202,#446,.F.);
#1737=EDGE_CURVE('',#2203,#2204,#447,.T.);
#1738=EDGE_CURVE('',#2204,#2205,#2405,.T.);
#1739=EDGE_CURVE('',#2205,#2206,#2406,.T.);
#1740=EDGE_CURVE('',#2206,#2203,#2407,.T.);
#1741=EDGE_CURVE('',#2207,#2164,#2408,.T.);
#1742=EDGE_CURVE('',#2207,#2208,#448,.T.);
#1743=EDGE_CURVE('',#2165,#2208,#2409,.F.);
#1744=EDGE_CURVE('',#2209,#2209,#449,.F.);
#1745=EDGE_CURVE('',#2210,#2210,#450,.F.);
#1746=EDGE_CURVE('',#2211,#2211,#451,.F.);
#1747=EDGE_CURVE('',#2212,#2213,#452,.T.);
#1748=EDGE_CURVE('',#2213,#2214,#2410,.T.);
#1749=EDGE_CURVE('',#2214,#2215,#2411,.T.);
#1750=EDGE_CURVE('',#2215,#2212,#2412,.T.);
#1751=EDGE_CURVE('',#2216,#2217,#453,.T.);
#1752=EDGE_CURVE('',#2216,#2217,#123,.T.);
#1753=EDGE_CURVE('',#2216,#2217,#2413,.T.);
#1754=EDGE_CURVE('',#2218,#2219,#454,.T.);
#1755=EDGE_CURVE('',#2218,#2219,#124,.T.);
#1756=EDGE_CURVE('',#2218,#2219,#2414,.F.);
#1757=EDGE_CURVE('',#2220,#2133,#125,.T.);
#1758=EDGE_CURVE('',#2221,#2220,#455,.T.);
#1759=EDGE_CURVE('',#2134,#2221,#126,.T.);
#1760=EDGE_CURVE('',#2222,#2131,#127,.T.);
#1761=EDGE_CURVE('',#2223,#2222,#456,.T.);
#1762=EDGE_CURVE('',#2132,#2223,#128,.T.);
#1763=EDGE_CURVE('',#2224,#2224,#457,.F.);
#1764=EDGE_CURVE('',#2225,#2225,#458,.F.);
#1765=EDGE_CURVE('',#2226,#2226,#459,.F.);
#1766=EDGE_CURVE('',#2227,#2227,#460,.F.);
#1767=EDGE_CURVE('',#2228,#2228,#461,.F.);
#1768=EDGE_CURVE('',#2229,#2229,#462,.F.);
#1769=EDGE_CURVE('',#2230,#2230,#463,.F.);
#1770=EDGE_CURVE('',#2231,#2231,#464,.F.);
#1771=EDGE_CURVE('',#2220,#2223,#2415,.F.);
#1772=EDGE_CURVE('',#2222,#2221,#2416,.T.);
#1773=EDGE_CURVE('',#2232,#2233,#465,.T.);
#1774=EDGE_CURVE('',#2232,#2233,#129,.T.);
#1775=EDGE_CURVE('',#2232,#2233,#2417,.T.);
#1776=EDGE_CURVE('',#2234,#2147,#130,.T.);
#1777=EDGE_CURVE('',#2235,#2234,#466,.T.);
#1778=EDGE_CURVE('',#2148,#2235,#131,.T.);
#1779=EDGE_CURVE('',#2236,#2145,#132,.T.);
#1780=EDGE_CURVE('',#2237,#2236,#467,.T.);
#1781=EDGE_CURVE('',#2146,#2237,#133,.T.);
#1782=EDGE_CURVE('',#2238,#2238,#468,.F.);
#1783=EDGE_CURVE('',#2239,#2239,#469,.F.);
#1784=EDGE_CURVE('',#2240,#2240,#470,.F.);
#1785=EDGE_CURVE('',#2241,#2241,#471,.F.);
#1786=EDGE_CURVE('',#2242,#2242,#472,.F.);
#1787=EDGE_CURVE('',#2243,#2243,#473,.F.);
#1788=EDGE_CURVE('',#2244,#2244,#474,.F.);
#1789=EDGE_CURVE('',#2245,#2245,#475,.F.);
#1790=EDGE_CURVE('',#2234,#2237,#2418,.F.);
#1791=EDGE_CURVE('',#2236,#2235,#2419,.T.);
#1792=EDGE_CURVE('',#2246,#2247,#476,.T.);
#1793=EDGE_CURVE('',#2246,#2247,#134,.T.);
#1794=EDGE_CURVE('',#2246,#2247,#2420,.F.);
#1795=EDGE_CURVE('',#2248,#2248,#477,.F.);
#1796=EDGE_CURVE('',#2171,#2249,#135,.T.);
#1797=EDGE_CURVE('',#2249,#2250,#2421,.T.);
#1798=EDGE_CURVE('',#2212,#2250,#2422,.T.);
#1799=EDGE_CURVE('',#2251,#2215,#2423,.T.);
#1800=EDGE_CURVE('',#2251,#2168,#2424,.T.);
#1801=EDGE_CURVE('',#2250,#2252,#136,.T.);
#1802=EDGE_CURVE('',#2213,#2252,#2425,.T.);
#1803=EDGE_CURVE('',#2252,#2253,#2426,.T.);
#1804=EDGE_CURVE('',#2253,#2160,#137,.T.);
#1805=EDGE_CURVE('',#2214,#2208,#2427,.T.);
#1806=EDGE_CURVE('',#2254,#2255,#478,.T.);
#1807=EDGE_CURVE('',#2254,#2256,#138,.T.);
#1808=EDGE_CURVE('',#2161,#2256,#139,.T.);
#1809=EDGE_CURVE('',#2253,#2255,#140,.T.);
#1810=EDGE_CURVE('',#2256,#2257,#2428,.T.);
#1811=EDGE_CURVE('',#2203,#2257,#2429,.T.);
#1812=EDGE_CURVE('',#2207,#2206,#2430,.T.);
#1813=EDGE_CURVE('',#2257,#2258,#141,.T.);
#1814=EDGE_CURVE('',#2204,#2258,#2431,.T.);
#1815=EDGE_CURVE('',#2258,#2259,#2432,.T.);
#1816=EDGE_CURVE('',#2259,#2170,#142,.T.);
#1817=EDGE_CURVE('',#2169,#2260,#2433,.F.);
#1818=EDGE_CURVE('',#2205,#2260,#2434,.T.);
#1819=EDGE_CURVE('',#2259,#2261,#143,.T.);
#1820=EDGE_CURVE('',#2262,#2261,#479,.T.);
#1821=EDGE_CURVE('',#2262,#2249,#144,.T.);
#1822=EDGE_CURVE('',#2263,#2189,#2435,.F.);
#1823=EDGE_CURVE('',#2263,#2264,#145,.T.);
#1824=EDGE_CURVE('',#2190,#2264,#2436,.T.);
#1825=EDGE_CURVE('',#2264,#2265,#480,.F.);
#1826=EDGE_CURVE('',#2265,#2191,#2437,.F.);
#1827=EDGE_CURVE('',#2265,#2266,#146,.T.);
#1828=EDGE_CURVE('',#2192,#2266,#2438,.T.);
#1829=EDGE_CURVE('',#2266,#2267,#2439,.T.);
#1830=EDGE_CURVE('',#2267,#2193,#2440,.F.);
#1831=EDGE_CURVE('',#2267,#2268,#147,.T.);
#1832=EDGE_CURVE('',#2194,#2268,#2441,.T.);
#1833=EDGE_CURVE('',#2268,#2269,#481,.F.);
#1834=EDGE_CURVE('',#2269,#2195,#2442,.F.);
#1835=EDGE_CURVE('',#2269,#2270,#148,.T.);
#1836=EDGE_CURVE('',#2188,#2270,#2443,.T.);
#1837=EDGE_CURVE('',#2270,#2263,#2444,.T.);
#1838=EDGE_CURVE('',#2271,#2272,#2445,.F.);
#1839=EDGE_CURVE('',#2272,#2273,#149,.T.);
#1840=EDGE_CURVE('',#2273,#2274,#482,.T.);
#1841=EDGE_CURVE('',#2274,#2275,#150,.T.);
#1842=EDGE_CURVE('',#2275,#2276,#2446,.T.);
#1843=EDGE_CURVE('',#2276,#2277,#151,.T.);
#1844=EDGE_CURVE('',#2277,#2278,#483,.T.);
#1845=EDGE_CURVE('',#2278,#2271,#152,.T.);
#1846=EDGE_CURVE('',#2279,#2280,#484,.T.);
#1847=EDGE_CURVE('',#2280,#2281,#153,.T.);
#1848=EDGE_CURVE('',#2281,#2282,#2447,.F.);
#1849=EDGE_CURVE('',#2282,#2283,#154,.T.);
#1850=EDGE_CURVE('',#2283,#2284,#485,.T.);
#1851=EDGE_CURVE('',#2284,#2285,#155,.T.);
#1852=EDGE_CURVE('',#2285,#2286,#2448,.T.);
#1853=EDGE_CURVE('',#2286,#2279,#156,.T.);
#1854=EDGE_CURVE('',#2287,#2288,#157,.T.);
#1855=EDGE_CURVE('',#2288,#2254,#2449,.F.);
#1856=EDGE_CURVE('',#2255,#2289,#2450,.T.);
#1857=EDGE_CURVE('',#2289,#2290,#158,.T.);
#1858=EDGE_CURVE('',#2290,#2262,#2451,.F.);
#1859=EDGE_CURVE('',#2261,#2287,#2452,.T.);
#1860=EDGE_CURVE('',#2251,#2260,#486,.T.);
#1861=EDGE_CURVE('',#2291,#2291,#487,.T.);
#1862=EDGE_CURVE('',#2292,#2292,#159,.T.);
#1863=EDGE_CURVE('',#2293,#2293,#488,.T.);
#1864=EDGE_CURVE('',#2294,#2294,#160,.T.);
#1865=EDGE_CURVE('',#2295,#2295,#161,.T.);
#1866=EDGE_CURVE('',#2296,#2296,#489,.F.);
#1867=EDGE_CURVE('',#2297,#2297,#162,.T.);
#1868=EDGE_CURVE('',#2298,#2299,#2453,.F.);
#1869=EDGE_CURVE('',#2298,#2300,#490,.T.);
#1870=EDGE_CURVE('',#2301,#2300,#2454,.T.);
#1871=EDGE_CURVE('',#2299,#2301,#163,.T.);
#1872=EDGE_CURVE('',#2302,#2303,#2455,.T.);
#1873=EDGE_CURVE('',#2303,#2298,#2456,.T.);
#1874=EDGE_CURVE('',#2302,#2299,#2457,.T.);
#1875=EDGE_CURVE('',#2304,#2305,#2458,.F.);
#1876=EDGE_CURVE('',#2304,#2303,#491,.T.);
#1877=EDGE_CURVE('',#2305,#2302,#164,.T.);
#1878=EDGE_CURVE('',#2306,#2307,#2459,.T.);
#1879=EDGE_CURVE('',#2307,#2304,#2460,.T.);
#1880=EDGE_CURVE('',#2306,#2305,#492,.F.);
#1881=EDGE_CURVE('',#2308,#2309,#2461,.F.);
#1882=EDGE_CURVE('',#2308,#2307,#493,.T.);
#1883=EDGE_CURVE('',#2309,#2306,#165,.T.);
#1884=EDGE_CURVE('',#2310,#2311,#2462,.T.);
#1885=EDGE_CURVE('',#2311,#2308,#2463,.T.);
#1886=EDGE_CURVE('',#2310,#2309,#2464,.F.);
#1887=EDGE_CURVE('',#2312,#2313,#2465,.F.);
#1888=EDGE_CURVE('',#2312,#2311,#494,.T.);
#1889=EDGE_CURVE('',#2313,#2310,#166,.T.);
#1890=EDGE_CURVE('',#2300,#2312,#2466,.T.);
#1891=EDGE_CURVE('',#2301,#2313,#495,.F.);
#1892=EDGE_CURVE('',#2314,#2314,#496,.T.);
#1893=EDGE_CURVE('',#2315,#2315,#497,.T.);
#1894=EDGE_CURVE('',#2316,#2316,#498,.T.);
#1895=EDGE_CURVE('',#2317,#2317,#499,.T.);
#1896=EDGE_CURVE('',#2318,#2318,#500,.T.);
#1897=EDGE_CURVE('',#2319,#2319,#501,.T.);
#1898=EDGE_CURVE('',#2320,#2320,#502,.F.);
#1899=EDGE_CURVE('',#2321,#2321,#503,.T.);
#1900=EDGE_CURVE('',#2322,#2323,#2467,.F.);
#1901=EDGE_CURVE('',#2323,#2324,#504,.F.);
#1902=EDGE_CURVE('',#2324,#2325,#2468,.T.);
#1903=EDGE_CURVE('',#2037,#2325,#505,.F.);
#1904=EDGE_CURVE('',#2322,#2036,#506,.F.);
#1905=EDGE_CURVE('',#2324,#2326,#2469,.T.);
#1906=EDGE_CURVE('',#2327,#2326,#2470,.T.);
#1907=EDGE_CURVE('',#2325,#2327,#2471,.T.);
#1908=EDGE_CURVE('',#2326,#1977,#507,.F.);
#1909=EDGE_CURVE('',#2327,#1976,#508,.T.);
#1910=EDGE_CURVE('',#2328,#2329,#509,.T.);
#1911=EDGE_CURVE('',#2329,#2330,#2472,.T.);
#1912=EDGE_CURVE('',#2330,#2331,#510,.T.);
#1913=EDGE_CURVE('',#2331,#2332,#2473,.T.);
#1914=EDGE_CURVE('',#2332,#2333,#511,.T.);
#1915=EDGE_CURVE('',#2333,#2334,#2474,.T.);
#1916=EDGE_CURVE('',#2334,#2335,#512,.T.);
#1917=EDGE_CURVE('',#2335,#2336,#2475,.T.);
#1918=EDGE_CURVE('',#2336,#2337,#513,.T.);
#1919=EDGE_CURVE('',#2337,#2328,#2476,.T.);
#1920=EDGE_CURVE('',#1986,#2338,#514,.T.);
#1921=EDGE_CURVE('',#2338,#2322,#2477,.T.);
#1922=EDGE_CURVE('',#2338,#2339,#2478,.T.);
#1923=EDGE_CURVE('',#2339,#2323,#2479,.T.);
#1924=EDGE_CURVE('',#1985,#2339,#515,.F.);
#1925=EDGE_CURVE('',#2340,#2030,#2480,.T.);
#1926=EDGE_CURVE('',#2340,#2341,#2481,.T.);
#1927=EDGE_CURVE('',#2341,#2031,#2482,.T.);
#1928=EDGE_CURVE('',#1978,#2340,#516,.F.);
#1929=EDGE_CURVE('',#2341,#1983,#517,.F.);
#1930=EDGE_CURVE('',#2340,#2334,#2483,.T.);
#1931=EDGE_CURVE('',#2335,#1978,#167,.T.);
#1932=EDGE_CURVE('',#2336,#1977,#2484,.T.);
#1933=EDGE_CURVE('',#2341,#2333,#2485,.T.);
#1934=EDGE_CURVE('',#2337,#2326,#2486,.T.);
#1935=EDGE_CURVE('',#1983,#2332,#168,.F.);
#1936=EDGE_CURVE('',#2328,#2324,#169,.T.);
#1937=EDGE_CURVE('',#1985,#2331,#2487,.T.);
#1938=EDGE_CURVE('',#2329,#2323,#170,.F.);
#1939=EDGE_CURVE('',#2339,#2330,#2488,.T.);
#1940=EDGE_CURVE('',#2287,#2258,#171,.F.);
#1941=EDGE_CURVE('',#2288,#2257,#172,.T.);
#1942=EDGE_CURVE('',#2277,#1999,#173,.T.);
#1943=EDGE_CURVE('',#2000,#2276,#174,.T.);
#1944=EDGE_CURVE('',#2044,#2275,#175,.F.);
#1945=EDGE_CURVE('',#2278,#2047,#176,.F.);
#1946=EDGE_CURVE('',#2045,#2274,#177,.T.);
#1947=EDGE_CURVE('',#2271,#2046,#178,.T.);
#1948=EDGE_CURVE('',#1995,#2273,#179,.F.);
#1949=EDGE_CURVE('',#2272,#1996,#180,.F.);
#1950=EDGE_CURVE('',#2020,#2033,#2489,.T.);
#1951=EDGE_CURVE('',#2034,#2019,#2490,.T.);
#1952=EDGE_CURVE('',#2028,#2018,#2491,.T.);
#1953=EDGE_CURVE('',#2021,#2004,#2492,.T.);
#1954=EDGE_CURVE('',#2029,#2017,#2493,.T.);
#1955=EDGE_CURVE('',#2014,#2003,#2494,.T.);
#1956=EDGE_CURVE('',#2006,#2016,#2495,.T.);
#1957=EDGE_CURVE('',#2015,#2007,#2496,.T.);
#1958=EDGE_CURVE('',#2289,#2252,#181,.F.);
#1959=EDGE_CURVE('',#2290,#2250,#182,.T.);
#1960=EDGE_CURVE('',#2304,#2185,#2497,.T.);
#1961=EDGE_CURVE('',#2186,#2307,#2498,.T.);
#1962=EDGE_CURVE('',#2187,#2308,#2499,.T.);
#1963=EDGE_CURVE('',#2303,#2184,#2500,.T.);
#1964=EDGE_CURVE('',#2180,#2311,#2501,.T.);
#1965=EDGE_CURVE('',#2298,#2183,#2502,.T.);
#1966=EDGE_CURVE('',#2181,#2312,#2503,.T.);
#1967=EDGE_CURVE('',#2300,#2182,#2504,.T.);
#1968=EDGE_CURVE('',#2264,#2284,#183,.T.);
#1969=EDGE_CURVE('',#2285,#2263,#184,.T.);
#1970=EDGE_CURVE('',#2286,#2270,#185,.F.);
#1971=EDGE_CURVE('',#2265,#2283,#186,.F.);
#1972=EDGE_CURVE('',#2279,#2269,#187,.T.);
#1973=EDGE_CURVE('',#2266,#2282,#188,.T.);
#1974=EDGE_CURVE('',#2280,#2268,#189,.F.);
#1975=EDGE_CURVE('',#2267,#2281,#190,.F.);
#1976=VERTEX_POINT('',#7717);
#1977=VERTEX_POINT('',#7718);
#1978=VERTEX_POINT('',#7720);
#1979=VERTEX_POINT('',#7722);
#1980=VERTEX_POINT('',#7724);
#1981=VERTEX_POINT('',#7726);
#1982=VERTEX_POINT('',#7728);
#1983=VERTEX_POINT('',#7732);
#1984=VERTEX_POINT('',#7733);
#1985=VERTEX_POINT('',#7735);
#1986=VERTEX_POINT('',#7737);
#1987=VERTEX_POINT('',#7739);
#1988=VERTEX_POINT('',#7741);
#1989=VERTEX_POINT('',#7743);
#1990=VERTEX_POINT('',#7747);
#1991=VERTEX_POINT('',#7750);
#1992=VERTEX_POINT('',#7753);
#1993=VERTEX_POINT('',#7756);
#1994=VERTEX_POINT('',#7759);
#1995=VERTEX_POINT('',#7760);
#1996=VERTEX_POINT('',#7772);
#1997=VERTEX_POINT('',#7774);
#1998=VERTEX_POINT('',#7778);
#1999=VERTEX_POINT('',#7779);
#2000=VERTEX_POINT('',#7791);
#2001=VERTEX_POINT('',#7793);
#2002=VERTEX_POINT('',#7797);
#2003=VERTEX_POINT('',#7798);
#2004=VERTEX_POINT('',#7800);
#2005=VERTEX_POINT('',#7802);
#2006=VERTEX_POINT('',#7811);
#2007=VERTEX_POINT('',#7813);
#2008=VERTEX_POINT('',#7817);
#2009=VERTEX_POINT('',#7819);
#2010=VERTEX_POINT('',#7821);
#2011=VERTEX_POINT('',#7823);
#2012=VERTEX_POINT('',#7825);
#2013=VERTEX_POINT('',#7827);
#2014=VERTEX_POINT('',#7829);
#2015=VERTEX_POINT('',#7830);
#2016=VERTEX_POINT('',#7832);
#2017=VERTEX_POINT('',#7834);
#2018=VERTEX_POINT('',#7836);
#2019=VERTEX_POINT('',#7838);
#2020=VERTEX_POINT('',#7840);
#2021=VERTEX_POINT('',#7842);
#2022=VERTEX_POINT('',#7845);
#2023=VERTEX_POINT('',#7847);
#2024=VERTEX_POINT('',#7850);
#2025=VERTEX_POINT('',#7852);
#2026=VERTEX_POINT('',#7856);
#2027=VERTEX_POINT('',#7870);
#2028=VERTEX_POINT('',#7873);
#2029=VERTEX_POINT('',#7875);
#2030=VERTEX_POINT('',#7880);
#2031=VERTEX_POINT('',#7882);
#2032=VERTEX_POINT('',#7886);
#2033=VERTEX_POINT('',#7887);
#2034=VERTEX_POINT('',#7889);
#2035=VERTEX_POINT('',#7891);
#2036=VERTEX_POINT('',#7902);
#2037=VERTEX_POINT('',#7907);
#2038=VERTEX_POINT('',#7911);
#2039=VERTEX_POINT('',#7924);
#2040=VERTEX_POINT('',#7930);
#2041=VERTEX_POINT('',#7950);
#2042=VERTEX_POINT('',#7953);
#2043=VERTEX_POINT('',#7973);
#2044=VERTEX_POINT('',#7976);
#2045=VERTEX_POINT('',#7993);
#2046=VERTEX_POINT('',#8001);
#2047=VERTEX_POINT('',#8018);
#2048=VERTEX_POINT('',#8026);
#2049=VERTEX_POINT('',#8029);
#2050=VERTEX_POINT('',#8032);
#2051=VERTEX_POINT('',#8035);
#2052=VERTEX_POINT('',#8038);
#2053=VERTEX_POINT('',#8041);
#2054=VERTEX_POINT('',#8044);
#2055=VERTEX_POINT('',#8047);
#2056=VERTEX_POINT('',#8050);
#2057=VERTEX_POINT('',#8053);
#2058=VERTEX_POINT('',#8056);
#2059=VERTEX_POINT('',#8059);
#2060=VERTEX_POINT('',#8062);
#2061=VERTEX_POINT('',#8064);
#2062=VERTEX_POINT('',#8067);
#2063=VERTEX_POINT('',#8070);
#2064=VERTEX_POINT('',#8073);
#2065=VERTEX_POINT('',#8076);
#2066=VERTEX_POINT('',#8079);
#2067=VERTEX_POINT('',#8082);
#2068=VERTEX_POINT('',#8085);
#2069=VERTEX_POINT('',#8088);
#2070=VERTEX_POINT('',#8091);
#2071=VERTEX_POINT('',#8094);
#2072=VERTEX_POINT('',#8097);
#2073=VERTEX_POINT('',#8100);
#2074=VERTEX_POINT('',#8103);
#2075=VERTEX_POINT('',#8106);
#2076=VERTEX_POINT('',#8109);
#2077=VERTEX_POINT('',#8112);
#2078=VERTEX_POINT('',#8115);
#2079=VERTEX_POINT('',#8118);
#2080=VERTEX_POINT('',#8121);
#2081=VERTEX_POINT('',#8124);
#2082=VERTEX_POINT('',#8127);
#2083=VERTEX_POINT('',#8130);
#2084=VERTEX_POINT('',#8133);
#2085=VERTEX_POINT('',#8136);
#2086=VERTEX_POINT('',#8139);
#2087=VERTEX_POINT('',#8142);
#2088=VERTEX_POINT('',#8145);
#2089=VERTEX_POINT('',#8148);
#2090=VERTEX_POINT('',#8151);
#2091=VERTEX_POINT('',#8154);
#2092=VERTEX_POINT('',#8157);
#2093=VERTEX_POINT('',#8160);
#2094=VERTEX_POINT('',#8172);
#2095=VERTEX_POINT('',#8184);
#2096=VERTEX_POINT('',#8186);
#2097=VERTEX_POINT('',#8189);
#2098=VERTEX_POINT('',#8201);
#2099=VERTEX_POINT('',#8213);
#2100=VERTEX_POINT('',#8215);
#2101=VERTEX_POINT('',#8218);
#2102=VERTEX_POINT('',#8221);
#2103=VERTEX_POINT('',#8224);
#2104=VERTEX_POINT('',#8227);
#2105=VERTEX_POINT('',#8230);
#2106=VERTEX_POINT('',#8232);
#2107=VERTEX_POINT('',#8234);
#2108=VERTEX_POINT('',#8236);
#2109=VERTEX_POINT('',#8238);
#2110=VERTEX_POINT('',#8240);
#2111=VERTEX_POINT('',#8242);
#2112=VERTEX_POINT('',#8244);
#2113=VERTEX_POINT('',#8246);
#2114=VERTEX_POINT('',#8248);
#2115=VERTEX_POINT('',#8250);
#2116=VERTEX_POINT('',#8252);
#2117=VERTEX_POINT('',#8254);
#2118=VERTEX_POINT('',#8256);
#2119=VERTEX_POINT('',#8258);
#2120=VERTEX_POINT('',#8260);
#2121=VERTEX_POINT('',#8263);
#2122=VERTEX_POINT('',#8266);
#2123=VERTEX_POINT('',#8269);
#2124=VERTEX_POINT('',#8272);
#2125=VERTEX_POINT('',#8275);
#2126=VERTEX_POINT('',#8278);
#2127=VERTEX_POINT('',#8281);
#2128=VERTEX_POINT('',#8284);
#2129=VERTEX_POINT('',#8287);
#2130=VERTEX_POINT('',#8290);
#2131=VERTEX_POINT('',#8293);
#2132=VERTEX_POINT('',#8294);
#2133=VERTEX_POINT('',#8298);
#2134=VERTEX_POINT('',#8299);
#2135=VERTEX_POINT('',#8303);
#2136=VERTEX_POINT('',#8306);
#2137=VERTEX_POINT('',#8309);
#2138=VERTEX_POINT('',#8312);
#2139=VERTEX_POINT('',#8315);
#2140=VERTEX_POINT('',#8318);
#2141=VERTEX_POINT('',#8321);
#2142=VERTEX_POINT('',#8324);
#2143=VERTEX_POINT('',#8327);
#2144=VERTEX_POINT('',#8330);
#2145=VERTEX_POINT('',#8333);
#2146=VERTEX_POINT('',#8334);
#2147=VERTEX_POINT('',#8338);
#2148=VERTEX_POINT('',#8339);
#2149=VERTEX_POINT('',#8343);
#2150=VERTEX_POINT('',#8346);
#2151=VERTEX_POINT('',#8349);
#2152=VERTEX_POINT('',#8352);
#2153=VERTEX_POINT('',#8355);
#2154=VERTEX_POINT('',#8358);
#2155=VERTEX_POINT('',#8361);
#2156=VERTEX_POINT('',#8364);
#2157=VERTEX_POINT('',#8367);
#2158=VERTEX_POINT('',#8370);
#2159=VERTEX_POINT('',#8373);
#2160=VERTEX_POINT('',#8376);
#2161=VERTEX_POINT('',#8377);
#2162=VERTEX_POINT('',#8379);
#2163=VERTEX_POINT('',#8381);
#2164=VERTEX_POINT('',#8388);
#2165=VERTEX_POINT('',#8390);
#2166=VERTEX_POINT('',#8397);
#2167=VERTEX_POINT('',#8398);
#2168=VERTEX_POINT('',#8403);
#2169=VERTEX_POINT('',#8405);
#2170=VERTEX_POINT('',#8412);
#2171=VERTEX_POINT('',#8413);
#2172=VERTEX_POINT('',#8418);
#2173=VERTEX_POINT('',#8421);
#2174=VERTEX_POINT('',#8424);
#2175=VERTEX_POINT('',#8426);
#2176=VERTEX_POINT('',#8428);
#2177=VERTEX_POINT('',#8430);
#2178=VERTEX_POINT('',#8432);
#2179=VERTEX_POINT('',#8434);
#2180=VERTEX_POINT('',#8436);
#2181=VERTEX_POINT('',#8437);
#2182=VERTEX_POINT('',#8439);
#2183=VERTEX_POINT('',#8441);
#2184=VERTEX_POINT('',#8443);
#2185=VERTEX_POINT('',#8445);
#2186=VERTEX_POINT('',#8447);
#2187=VERTEX_POINT('',#8449);
#2188=VERTEX_POINT('',#8452);
#2189=VERTEX_POINT('',#8453);
#2190=VERTEX_POINT('',#8455);
#2191=VERTEX_POINT('',#8457);
#2192=VERTEX_POINT('',#8459);
#2193=VERTEX_POINT('',#8461);
#2194=VERTEX_POINT('',#8463);
#2195=VERTEX_POINT('',#8465);
#2196=VERTEX_POINT('',#8469);
#2197=VERTEX_POINT('',#8471);
#2198=VERTEX_POINT('',#8474);
#2199=VERTEX_POINT('',#8477);
#2200=VERTEX_POINT('',#8480);
#2201=VERTEX_POINT('',#8482);
#2202=VERTEX_POINT('',#8484);
#2203=VERTEX_POINT('',#8486);
#2204=VERTEX_POINT('',#8487);
#2205=VERTEX_POINT('',#8489);
#2206=VERTEX_POINT('',#8491);
#2207=VERTEX_POINT('',#8495);
#2208=VERTEX_POINT('',#8497);
#2209=VERTEX_POINT('',#8501);
#2210=VERTEX_POINT('',#8503);
#2211=VERTEX_POINT('',#8505);
#2212=VERTEX_POINT('',#8507);
#2213=VERTEX_POINT('',#8508);
#2214=VERTEX_POINT('',#8510);
#2215=VERTEX_POINT('',#8512);
#2216=VERTEX_POINT('',#8516);
#2217=VERTEX_POINT('',#8517);
#2218=VERTEX_POINT('',#8543);
#2219=VERTEX_POINT('',#8544);
#2220=VERTEX_POINT('',#8573);
#2221=VERTEX_POINT('',#8575);
#2222=VERTEX_POINT('',#8585);
#2223=VERTEX_POINT('',#8587);
#2224=VERTEX_POINT('',#8594);
#2225=VERTEX_POINT('',#8596);
#2226=VERTEX_POINT('',#8598);
#2227=VERTEX_POINT('',#8600);
#2228=VERTEX_POINT('',#8602);
#2229=VERTEX_POINT('',#8604);
#2230=VERTEX_POINT('',#8606);
#2231=VERTEX_POINT('',#8608);
#2232=VERTEX_POINT('',#8613);
#2233=VERTEX_POINT('',#8614);
#2234=VERTEX_POINT('',#8643);
#2235=VERTEX_POINT('',#8645);
#2236=VERTEX_POINT('',#8655);
#2237=VERTEX_POINT('',#8657);
#2238=VERTEX_POINT('',#8664);
#2239=VERTEX_POINT('',#8666);
#2240=VERTEX_POINT('',#8668);
#2241=VERTEX_POINT('',#8670);
#2242=VERTEX_POINT('',#8672);
#2243=VERTEX_POINT('',#8674);
#2244=VERTEX_POINT('',#8676);
#2245=VERTEX_POINT('',#8678);
#2246=VERTEX_POINT('',#8683);
#2247=VERTEX_POINT('',#8684);
#2248=VERTEX_POINT('',#8710);
#2249=VERTEX_POINT('',#8716);
#2250=VERTEX_POINT('',#8718);
#2251=VERTEX_POINT('',#8721);
#2252=VERTEX_POINT('',#8745);
#2253=VERTEX_POINT('',#8749);
#2254=VERTEX_POINT('',#8757);
#2255=VERTEX_POINT('',#8758);
#2256=VERTEX_POINT('',#8763);
#2257=VERTEX_POINT('',#8774);
#2258=VERTEX_POINT('',#8799);
#2259=VERTEX_POINT('',#8803);
#2260=VERTEX_POINT('',#8809);
#2261=VERTEX_POINT('',#8816);
#2262=VERTEX_POINT('',#8818);
#2263=VERTEX_POINT('',#8825);
#2264=VERTEX_POINT('',#8842);
#2265=VERTEX_POINT('',#8846);
#2266=VERTEX_POINT('',#8860);
#2267=VERTEX_POINT('',#8864);
#2268=VERTEX_POINT('',#8883);
#2269=VERTEX_POINT('',#8887);
#2270=VERTEX_POINT('',#8901);
#2271=VERTEX_POINT('',#8907);
#2272=VERTEX_POINT('',#8908);
#2273=VERTEX_POINT('',#8919);
#2274=VERTEX_POINT('',#8921);
#2275=VERTEX_POINT('',#8932);
#2276=VERTEX_POINT('',#8934);
#2277=VERTEX_POINT('',#8945);
#2278=VERTEX_POINT('',#8947);
#2279=VERTEX_POINT('',#8959);
#2280=VERTEX_POINT('',#8960);
#2281=VERTEX_POINT('',#8971);
#2282=VERTEX_POINT('',#8973);
#2283=VERTEX_POINT('',#8984);
#2284=VERTEX_POINT('',#8986);
#2285=VERTEX_POINT('',#8997);
#2286=VERTEX_POINT('',#8999);
#2287=VERTEX_POINT('',#9027);
#2288=VERTEX_POINT('',#9028);
#2289=VERTEX_POINT('',#9031);
#2290=VERTEX_POINT('',#9049);
#2291=VERTEX_POINT('',#9056);
#2292=VERTEX_POINT('',#9076);
#2293=VERTEX_POINT('',#9079);
#2294=VERTEX_POINT('',#9099);
#2295=VERTEX_POINT('',#9148);
#2296=VERTEX_POINT('',#9151);
#2297=VERTEX_POINT('',#9198);
#2298=VERTEX_POINT('',#9201);
#2299=VERTEX_POINT('',#9202);
#2300=VERTEX_POINT('',#9204);
#2301=VERTEX_POINT('',#9206);
#2302=VERTEX_POINT('',#9215);
#2303=VERTEX_POINT('',#9216);
#2304=VERTEX_POINT('',#9221);
#2305=VERTEX_POINT('',#9222);
#2306=VERTEX_POINT('',#9233);
#2307=VERTEX_POINT('',#9234);
#2308=VERTEX_POINT('',#9239);
#2309=VERTEX_POINT('',#9240);
#2310=VERTEX_POINT('',#9250);
#2311=VERTEX_POINT('',#9251);
#2312=VERTEX_POINT('',#9256);
#2313=VERTEX_POINT('',#9257);
#2314=VERTEX_POINT('',#9271);
#2315=VERTEX_POINT('',#9273);
#2316=VERTEX_POINT('',#9275);
#2317=VERTEX_POINT('',#9277);
#2318=VERTEX_POINT('',#9279);
#2319=VERTEX_POINT('',#9281);
#2320=VERTEX_POINT('',#9283);
#2321=VERTEX_POINT('',#9285);
#2322=VERTEX_POINT('',#9288);
#2323=VERTEX_POINT('',#9289);
#2324=VERTEX_POINT('',#9291);
#2325=VERTEX_POINT('',#9293);
#2326=VERTEX_POINT('',#9298);
#2327=VERTEX_POINT('',#9300);
#2328=VERTEX_POINT('',#9308);
#2329=VERTEX_POINT('',#9309);
#2330=VERTEX_POINT('',#9311);
#2331=VERTEX_POINT('',#9313);
#2332=VERTEX_POINT('',#9315);
#2333=VERTEX_POINT('',#9317);
#2334=VERTEX_POINT('',#9319);
#2335=VERTEX_POINT('',#9321);
#2336=VERTEX_POINT('',#9323);
#2337=VERTEX_POINT('',#9325);
#2338=VERTEX_POINT('',#9329);
#2339=VERTEX_POINT('',#9333);
#2340=VERTEX_POINT('',#9339);
#2341=VERTEX_POINT('',#9341);
#2342=LINE('',#7716,#2505);
#2343=LINE('',#7719,#2506);
#2344=LINE('',#7721,#2507);
#2345=LINE('',#7723,#2508);
#2346=LINE('',#7727,#2509);
#2347=LINE('',#7729,#2510);
#2348=LINE('',#7731,#2511);
#2349=LINE('',#7734,#2512);
#2350=LINE('',#7736,#2513);
#2351=LINE('',#7738,#2514);
#2352=LINE('',#7740,#2515);
#2353=LINE('',#7744,#2516);
#2354=LINE('',#7758,#2517);
#2355=LINE('',#7773,#2518);
#2356=LINE('',#7777,#2519);
#2357=LINE('',#7792,#2520);
#2358=LINE('',#7796,#2521);
#2359=LINE('',#7801,#2522);
#2360=LINE('',#7810,#2523);
#2361=LINE('',#7814,#2524);
#2362=LINE('',#7828,#2525);
#2363=LINE('',#7833,#2526);
#2364=LINE('',#7837,#2527);
#2365=LINE('',#7841,#2528);
#2366=LINE('',#7844,#2529);
#2367=LINE('',#7848,#2530);
#2368=LINE('',#7849,#2531);
#2369=LINE('',#7853,#2532);
#2370=LINE('',#7872,#2533);
#2371=LINE('',#7876,#2534);
#2372=LINE('',#7878,#2535);
#2373=LINE('',#7881,#2536);
#2374=LINE('',#7885,#2537);
#2375=LINE('',#7890,#2538);
#2376=LINE('',#7900,#2539);
#2377=LINE('',#7901,#2540);
#2378=LINE('',#7903,#2541);
#2379=LINE('',#7905,#2542);
#2380=LINE('',#7906,#2543);
#2381=LINE('',#7908,#2544);
#2382=LINE('',#7926,#2545);
#2383=LINE('',#7975,#2546);
#2384=LINE('',#7994,#2547);
#2385=LINE('',#7996,#2548);
#2386=LINE('',#8000,#2549);
#2387=LINE('',#8019,#2550);
#2388=LINE('',#8021,#2551);
#2389=LINE('',#8292,#2552);
#2390=LINE('',#8297,#2553);
#2391=LINE('',#8332,#2554);
#2392=LINE('',#8337,#2555);
#2393=LINE('',#8378,#2556);
#2394=LINE('',#8382,#2557);
#2395=LINE('',#8414,#2558);
#2396=LINE('',#8415,#2559);
#2397=LINE('',#8438,#2560);
#2398=LINE('',#8442,#2561);
#2399=LINE('',#8446,#2562);
#2400=LINE('',#8450,#2563);
#2401=LINE('',#8451,#2564);
#2402=LINE('',#8456,#2565);
#2403=LINE('',#8460,#2566);
#2404=LINE('',#8464,#2567);
#2405=LINE('',#8488,#2568);
#2406=LINE('',#8490,#2569);
#2407=LINE('',#8492,#2570);
#2408=LINE('',#8494,#2571);
#2409=LINE('',#8498,#2572);
#2410=LINE('',#8509,#2573);
#2411=LINE('',#8511,#2574);
#2412=LINE('',#8513,#2575);
#2413=LINE('',#8540,#2576);
#2414=LINE('',#8567,#2577);
#2415=LINE('',#8609,#2578);
#2416=LINE('',#8610,#2579);
#2417=LINE('',#8637,#2580);
#2418=LINE('',#8679,#2581);
#2419=LINE('',#8680,#2582);
#2420=LINE('',#8707,#2583);
#2421=LINE('',#8717,#2584);
#2422=LINE('',#8719,#2585);
#2423=LINE('',#8720,#2586);
#2424=LINE('',#8722,#2587);
#2425=LINE('',#8746,#2588);
#2426=LINE('',#8748,#2589);
#2427=LINE('',#8754,#2590);
#2428=LINE('',#8773,#2591);
#2429=LINE('',#8775,#2592);
#2430=LINE('',#8776,#2593);
#2431=LINE('',#8800,#2594);
#2432=LINE('',#8802,#2595);
#2433=LINE('',#8808,#2596);
#2434=LINE('',#8810,#2597);
#2435=LINE('',#8824,#2598);
#2436=LINE('',#8843,#2599);
#2437=LINE('',#8847,#2600);
#2438=LINE('',#8861,#2601);
#2439=LINE('',#8863,#2602);
#2440=LINE('',#8865,#2603);
#2441=LINE('',#8884,#2604);
#2442=LINE('',#8888,#2605);
#2443=LINE('',#8902,#2606);
#2444=LINE('',#8904,#2607);
#2445=LINE('',#8906,#2608);
#2446=LINE('',#8933,#2609);
#2447=LINE('',#8972,#2610);
#2448=LINE('',#8998,#2611);
#2449=LINE('',#9029,#2612);
#2450=LINE('',#9030,#2613);
#2451=LINE('',#9050,#2614);
#2452=LINE('',#9051,#2615);
#2453=LINE('',#9200,#2616);
#2454=LINE('',#9205,#2617);
#2455=LINE('',#9214,#2618);
#2456=LINE('',#9217,#2619);
#2457=LINE('',#9218,#2620);
#2458=LINE('',#9220,#2621);
#2459=LINE('',#9232,#2622);
#2460=LINE('',#9235,#2623);
#2461=LINE('',#9238,#2624);
#2462=LINE('',#9249,#2625);
#2463=LINE('',#9252,#2626);
#2464=LINE('',#9253,#2627);
#2465=LINE('',#9255,#2628);
#2466=LINE('',#9267,#2629);
#2467=LINE('',#9287,#2630);
#2468=LINE('',#9292,#2631);
#2469=LINE('',#9297,#2632);
#2470=LINE('',#9299,#2633);
#2471=LINE('',#9301,#2634);
#2472=LINE('',#9310,#2635);
#2473=LINE('',#9314,#2636);
#2474=LINE('',#9318,#2637);
#2475=LINE('',#9322,#2638);
#2476=LINE('',#9326,#2639);
#2477=LINE('',#9330,#2640);
#2478=LINE('',#9332,#2641);
#2479=LINE('',#9334,#2642);
#2480=LINE('',#9338,#2643);
#2481=LINE('',#9340,#2644);
#2482=LINE('',#9342,#2645);
#2483=LINE('',#9350,#2646);
#2484=LINE('',#9356,#2647);
#2485=LINE('',#9358,#2648);
#2486=LINE('',#9360,#2649);
#2487=LINE('',#9372,#2650);
#2488=LINE('',#9379,#2651);
#2489=LINE('',#9502,#2652);
#2490=LINE('',#9503,#2653);
#2491=LINE('',#9505,#2654);
#2492=LINE('',#9507,#2655);
#2493=LINE('',#9509,#2656);
#2494=LINE('',#9511,#2657);
#2495=LINE('',#9513,#2658);
#2496=LINE('',#9515,#2659);
#2497=LINE('',#9554,#2660);
#2498=LINE('',#9555,#2661);
#2499=LINE('',#9557,#2662);
#2500=LINE('',#9559,#2663);
#2501=LINE('',#9561,#2664);
#2502=LINE('',#9563,#2665);
#2503=LINE('',#9565,#2666);
#2504=LINE('',#9567,#2667);
#2505=VECTOR('',#6533,1000.);
#2506=VECTOR('',#6534,1000.);
#2507=VECTOR('',#6535,1000.);
#2508=VECTOR('',#6536,1000.);
#2509=VECTOR('',#6539,1000.);
#2510=VECTOR('',#6540,1000.);
#2511=VECTOR('',#6543,1000.);
#2512=VECTOR('',#6544,1000.);
#2513=VECTOR('',#6545,1000.);
#2514=VECTOR('',#6546,1000.);
#2515=VECTOR('',#6547,1000.);
#2516=VECTOR('',#6550,1000.);
#2517=VECTOR('',#6569,1000.);
#2518=VECTOR('',#6570,1000.);
#2519=VECTOR('',#6575,1000.);
#2520=VECTOR('',#6576,1000.);
#2521=VECTOR('',#6581,1000.);
#2522=VECTOR('',#6584,1000.);
#2523=VECTOR('',#6587,1000.);
#2524=VECTOR('',#6590,1000.);
#2525=VECTOR('',#6605,1000.);
#2526=VECTOR('',#6608,1000.);
#2527=VECTOR('',#6611,1000.);
#2528=VECTOR('',#6614,1000.);
#2529=VECTOR('',#6617,1000.);
#2530=VECTOR('',#6620,1000.);
#2531=VECTOR('',#6621,1000.);
#2532=VECTOR('',#6624,1000.);
#2533=VECTOR('',#6631,1000.);
#2534=VECTOR('',#6634,1000.);
#2535=VECTOR('',#6637,1000.);
#2536=VECTOR('',#6640,1000.);
#2537=VECTOR('',#6645,1000.);
#2538=VECTOR('',#6648,1000.);
#2539=VECTOR('',#6651,1000.);
#2540=VECTOR('',#6652,1000.);
#2541=VECTOR('',#6653,1000.);
#2542=VECTOR('',#6656,1000.);
#2543=VECTOR('',#6657,1000.);
#2544=VECTOR('',#6658,1000.);
#2545=VECTOR('',#6665,1000.);
#2546=VECTOR('',#6678,1000.);
#2547=VECTOR('',#6679,1000.);
#2548=VECTOR('',#6682,1000.);
#2549=VECTOR('',#6689,1000.);
#2550=VECTOR('',#6690,1000.);
#2551=VECTOR('',#6693,1000.);
#2552=VECTOR('',#6980,1000.);
#2553=VECTOR('',#6985,1000.);
#2554=VECTOR('',#7030,1000.);
#2555=VECTOR('',#7035,1000.);
#2556=VECTOR('',#7086,1000.);
#2557=VECTOR('',#7089,1000.);
#2558=VECTOR('',#7104,1000.);
#2559=VECTOR('',#7105,1000.);
#2560=VECTOR('',#7130,1000.);
#2561=VECTOR('',#7133,1000.);
#2562=VECTOR('',#7136,1000.);
#2563=VECTOR('',#7139,1000.);
#2564=VECTOR('',#7140,1000.);
#2565=VECTOR('',#7143,1000.);
#2566=VECTOR('',#7146,1000.);
#2567=VECTOR('',#7149,1000.);
#2568=VECTOR('',#7176,1000.);
#2569=VECTOR('',#7177,1000.);
#2570=VECTOR('',#7178,1000.);
#2571=VECTOR('',#7181,1000.);
#2572=VECTOR('',#7184,1000.);
#2573=VECTOR('',#7195,1000.);
#2574=VECTOR('',#7196,1000.);
#2575=VECTOR('',#7197,1000.);
#2576=VECTOR('',#7204,1000.);
#2577=VECTOR('',#7211,1000.);
#2578=VECTOR('',#7238,1000.);
#2579=VECTOR('',#7239,1000.);
#2580=VECTOR('',#7246,1000.);
#2581=VECTOR('',#7273,1000.);
#2582=VECTOR('',#7274,1000.);
#2583=VECTOR('',#7281,1000.);
#2584=VECTOR('',#7288,1000.);
#2585=VECTOR('',#7289,1000.);
#2586=VECTOR('',#7290,1000.);
#2587=VECTOR('',#7291,1000.);
#2588=VECTOR('',#7294,1000.);
#2589=VECTOR('',#7297,1000.);
#2590=VECTOR('',#7298,1000.);
#2591=VECTOR('',#7305,1000.);
#2592=VECTOR('',#7306,1000.);
#2593=VECTOR('',#7307,1000.);
#2594=VECTOR('',#7310,1000.);
#2595=VECTOR('',#7313,1000.);
#2596=VECTOR('',#7314,1000.);
#2597=VECTOR('',#7315,1000.);
#2598=VECTOR('',#7322,1000.);
#2599=VECTOR('',#7323,1000.);
#2600=VECTOR('',#7328,1000.);
#2601=VECTOR('',#7331,1000.);
#2602=VECTOR('',#7334,1000.);
#2603=VECTOR('',#7335,1000.);
#2604=VECTOR('',#7338,1000.);
#2605=VECTOR('',#7343,1000.);
#2606=VECTOR('',#7346,1000.);
#2607=VECTOR('',#7349,1000.);
#2608=VECTOR('',#7352,1000.);
#2609=VECTOR('',#7355,1000.);
#2610=VECTOR('',#7360,1000.);
#2611=VECTOR('',#7363,1000.);
#2612=VECTOR('',#7364,1000.);
#2613=VECTOR('',#7365,1000.);
#2614=VECTOR('',#7366,1000.);
#2615=VECTOR('',#7367,1000.);
#2616=VECTOR('',#7388,1000.);
#2617=VECTOR('',#7391,1000.);
#2618=VECTOR('',#7394,1000.);
#2619=VECTOR('',#7395,1000.);
#2620=VECTOR('',#7396,1000.);
#2621=VECTOR('',#7399,1000.);
#2622=VECTOR('',#7404,1000.);
#2623=VECTOR('',#7405,1000.);
#2624=VECTOR('',#7410,1000.);
#2625=VECTOR('',#7415,1000.);
#2626=VECTOR('',#7416,1000.);
#2627=VECTOR('',#7417,1000.);
#2628=VECTOR('',#7420,1000.);
#2629=VECTOR('',#7425,1000.);
#2630=VECTOR('',#7448,1000.);
#2631=VECTOR('',#7451,1000.);
#2632=VECTOR('',#7458,1000.);
#2633=VECTOR('',#7459,1000.);
#2634=VECTOR('',#7460,1000.);
#2635=VECTOR('',#7473,1000.);
#2636=VECTOR('',#7476,1000.);
#2637=VECTOR('',#7479,1000.);
#2638=VECTOR('',#7482,1000.);
#2639=VECTOR('',#7485,1000.);
#2640=VECTOR('',#7490,1000.);
#2641=VECTOR('',#7493,1000.);
#2642=VECTOR('',#7494,1000.);
#2643=VECTOR('',#7501,1000.);
#2644=VECTOR('',#7502,1000.);
#2645=VECTOR('',#7503,1000.);
#2646=VECTOR('',#7518,1000.);
#2647=VECTOR('',#7521,1000.);
#2648=VECTOR('',#7524,1000.);
#2649=VECTOR('',#7527,1000.);
#2650=VECTOR('',#7534,1000.);
#2651=VECTOR('',#7539,1000.);
#2652=VECTOR('',#7568,1000.);
#2653=VECTOR('',#7569,1000.);
#2654=VECTOR('',#7572,1000.);
#2655=VECTOR('',#7575,1000.);
#2656=VECTOR('',#7578,1000.);
#2657=VECTOR('',#7581,1000.);
#2658=VECTOR('',#7584,1000.);
#2659=VECTOR('',#7587,1000.);
#2660=VECTOR('',#7608,1000.);
#2661=VECTOR('',#7609,1000.);
#2662=VECTOR('',#7612,1000.);
#2663=VECTOR('',#7615,1000.);
#2664=VECTOR('',#7618,1000.);
#2665=VECTOR('',#7621,1000.);
#2666=VECTOR('',#7624,1000.);
#2667=VECTOR('',#7627,1000.);
#2668=EDGE_LOOP('',(#518,#519,#520,#521,#522,#523,#524));
#2669=EDGE_LOOP('',(#525,#526,#527,#528,#529,#530,#531));
#2670=EDGE_LOOP('',(#532));
#2671=EDGE_LOOP('',(#533));
#2672=EDGE_LOOP('',(#534));
#2673=EDGE_LOOP('',(#535));
#2674=EDGE_LOOP('',(#536));
#2675=EDGE_LOOP('',(#537));
#2676=EDGE_LOOP('',(#538,#539,#540,#541));
#2677=EDGE_LOOP('',(#542,#543,#544,#545));
#2678=EDGE_LOOP('',(#546,#547,#548,#549));
#2679=EDGE_LOOP('',(#550,#551,#552,#553));
#2680=EDGE_LOOP('',(#554));
#2681=EDGE_LOOP('',(#555));
#2682=EDGE_LOOP('',(#556));
#2683=EDGE_LOOP('',(#557));
#2684=EDGE_LOOP('',(#558));
#2685=EDGE_LOOP('',(#559));
#2686=EDGE_LOOP('',(#560,#561,#562,#563,#564,#565,#566,#567));
#2687=EDGE_LOOP('',(#568,#569,#570,#571,#572,#573,#574,#575));
#2688=EDGE_LOOP('',(#576));
#2689=EDGE_LOOP('',(#577));
#2690=EDGE_LOOP('',(#578,#579,#580,#581));
#2691=EDGE_LOOP('',(#582,#583,#584,#585,#586,#587,#588,#589));
#2692=EDGE_LOOP('',(#590,#591,#592,#593));
#2693=EDGE_LOOP('',(#594,#595,#596,#597,#598,#599));
#2694=EDGE_LOOP('',(#600,#601,#602,#603,#604,#605));
#2695=EDGE_LOOP('',(#606));
#2696=EDGE_LOOP('',(#607));
#2697=EDGE_LOOP('',(#608,#609,#610,#611));
#2698=EDGE_LOOP('',(#612));
#2699=EDGE_LOOP('',(#613));
#2700=EDGE_LOOP('',(#614));
#2701=EDGE_LOOP('',(#615));
#2702=EDGE_LOOP('',(#616,#617,#618,#619));
#2703=EDGE_LOOP('',(#620,#621,#622,#623));
#2704=EDGE_LOOP('',(#624,#625,#626,#627));
#2705=EDGE_LOOP('',(#628,#629,#630,#631));
#2706=EDGE_LOOP('',(#632,#633,#634,#635));
#2707=EDGE_LOOP('',(#636,#637,#638,#639));
#2708=EDGE_LOOP('',(#640));
#2709=EDGE_LOOP('',(#641));
#2710=EDGE_LOOP('',(#642));
#2711=EDGE_LOOP('',(#643));
#2712=EDGE_LOOP('',(#644));
#2713=EDGE_LOOP('',(#645));
#2714=EDGE_LOOP('',(#646));
#2715=EDGE_LOOP('',(#647));
#2716=EDGE_LOOP('',(#648));
#2717=EDGE_LOOP('',(#649));
#2718=EDGE_LOOP('',(#650));
#2719=EDGE_LOOP('',(#651));
#2720=EDGE_LOOP('',(#652));
#2721=EDGE_LOOP('',(#653));
#2722=EDGE_LOOP('',(#654));
#2723=EDGE_LOOP('',(#655));
#2724=EDGE_LOOP('',(#656));
#2725=EDGE_LOOP('',(#657));
#2726=EDGE_LOOP('',(#658));
#2727=EDGE_LOOP('',(#659));
#2728=EDGE_LOOP('',(#660));
#2729=EDGE_LOOP('',(#661));
#2730=EDGE_LOOP('',(#662));
#2731=EDGE_LOOP('',(#663));
#2732=EDGE_LOOP('',(#664));
#2733=EDGE_LOOP('',(#665));
#2734=EDGE_LOOP('',(#666));
#2735=EDGE_LOOP('',(#667));
#2736=EDGE_LOOP('',(#668));
#2737=EDGE_LOOP('',(#669));
#2738=EDGE_LOOP('',(#670));
#2739=EDGE_LOOP('',(#671));
#2740=EDGE_LOOP('',(#672));
#2741=EDGE_LOOP('',(#673));
#2742=EDGE_LOOP('',(#674));
#2743=EDGE_LOOP('',(#675));
#2744=EDGE_LOOP('',(#676));
#2745=EDGE_LOOP('',(#677));
#2746=EDGE_LOOP('',(#678));
#2747=EDGE_LOOP('',(#679));
#2748=EDGE_LOOP('',(#680));
#2749=EDGE_LOOP('',(#681));
#2750=EDGE_LOOP('',(#682));
#2751=EDGE_LOOP('',(#683));
#2752=EDGE_LOOP('',(#684));
#2753=EDGE_LOOP('',(#685));
#2754=EDGE_LOOP('',(#686));
#2755=EDGE_LOOP('',(#687));
#2756=EDGE_LOOP('',(#688));
#2757=EDGE_LOOP('',(#689));
#2758=EDGE_LOOP('',(#690));
#2759=EDGE_LOOP('',(#691));
#2760=EDGE_LOOP('',(#692));
#2761=EDGE_LOOP('',(#693));
#2762=EDGE_LOOP('',(#694));
#2763=EDGE_LOOP('',(#695));
#2764=EDGE_LOOP('',(#696));
#2765=EDGE_LOOP('',(#697));
#2766=EDGE_LOOP('',(#698));
#2767=EDGE_LOOP('',(#699));
#2768=EDGE_LOOP('',(#700));
#2769=EDGE_LOOP('',(#701));
#2770=EDGE_LOOP('',(#702));
#2771=EDGE_LOOP('',(#703));
#2772=EDGE_LOOP('',(#704));
#2773=EDGE_LOOP('',(#705));
#2774=EDGE_LOOP('',(#706));
#2775=EDGE_LOOP('',(#707));
#2776=EDGE_LOOP('',(#708));
#2777=EDGE_LOOP('',(#709));
#2778=EDGE_LOOP('',(#710));
#2779=EDGE_LOOP('',(#711));
#2780=EDGE_LOOP('',(#712));
#2781=EDGE_LOOP('',(#713));
#2782=EDGE_LOOP('',(#714));
#2783=EDGE_LOOP('',(#715));
#2784=EDGE_LOOP('',(#716));
#2785=EDGE_LOOP('',(#717));
#2786=EDGE_LOOP('',(#718));
#2787=EDGE_LOOP('',(#719));
#2788=EDGE_LOOP('',(#720));
#2789=EDGE_LOOP('',(#721));
#2790=EDGE_LOOP('',(#722));
#2791=EDGE_LOOP('',(#723));
#2792=EDGE_LOOP('',(#724));
#2793=EDGE_LOOP('',(#725));
#2794=EDGE_LOOP('',(#726));
#2795=EDGE_LOOP('',(#727));
#2796=EDGE_LOOP('',(#728));
#2797=EDGE_LOOP('',(#729));
#2798=EDGE_LOOP('',(#730));
#2799=EDGE_LOOP('',(#731));
#2800=EDGE_LOOP('',(#732));
#2801=EDGE_LOOP('',(#733));
#2802=EDGE_LOOP('',(#734));
#2803=EDGE_LOOP('',(#735));
#2804=EDGE_LOOP('',(#736));
#2805=EDGE_LOOP('',(#737));
#2806=EDGE_LOOP('',(#738));
#2807=EDGE_LOOP('',(#739));
#2808=EDGE_LOOP('',(#740));
#2809=EDGE_LOOP('',(#741));
#2810=EDGE_LOOP('',(#742));
#2811=EDGE_LOOP('',(#743));
#2812=EDGE_LOOP('',(#744,#745));
#2813=EDGE_LOOP('',(#746,#747));
#2814=EDGE_LOOP('',(#748));
#2815=EDGE_LOOP('',(#749));
#2816=EDGE_LOOP('',(#750));
#2817=EDGE_LOOP('',(#751));
#2818=EDGE_LOOP('',(#752));
#2819=EDGE_LOOP('',(#753));
#2820=EDGE_LOOP('',(#754));
#2821=EDGE_LOOP('',(#755));
#2822=EDGE_LOOP('',(#756));
#2823=EDGE_LOOP('',(#757));
#2824=EDGE_LOOP('',(#758));
#2825=EDGE_LOOP('',(#759));
#2826=EDGE_LOOP('',(#760));
#2827=EDGE_LOOP('',(#761));
#2828=EDGE_LOOP('',(#762));
#2829=EDGE_LOOP('',(#763));
#2830=EDGE_LOOP('',(#764));
#2831=EDGE_LOOP('',(#765));
#2832=EDGE_LOOP('',(#766));
#2833=EDGE_LOOP('',(#767));
#2834=EDGE_LOOP('',(#768,#769));
#2835=EDGE_LOOP('',(#770,#771));
#2836=EDGE_LOOP('',(#772));
#2837=EDGE_LOOP('',(#773));
#2838=EDGE_LOOP('',(#774));
#2839=EDGE_LOOP('',(#775));
#2840=EDGE_LOOP('',(#776));
#2841=EDGE_LOOP('',(#777));
#2842=EDGE_LOOP('',(#778));
#2843=EDGE_LOOP('',(#779));
#2844=EDGE_LOOP('',(#780));
#2845=EDGE_LOOP('',(#781));
#2846=EDGE_LOOP('',(#782));
#2847=EDGE_LOOP('',(#783));
#2848=EDGE_LOOP('',(#784));
#2849=EDGE_LOOP('',(#785));
#2850=EDGE_LOOP('',(#786));
#2851=EDGE_LOOP('',(#787));
#2852=EDGE_LOOP('',(#788));
#2853=EDGE_LOOP('',(#789));
#2854=EDGE_LOOP('',(#790));
#2855=EDGE_LOOP('',(#791));
#2856=EDGE_LOOP('',(#792));
#2857=EDGE_LOOP('',(#793));
#2858=EDGE_LOOP('',(#794,#795,#796,#797));
#2859=EDGE_LOOP('',(#798,#799,#800,#801));
#2860=EDGE_LOOP('',(#802,#803,#804,#805));
#2861=EDGE_LOOP('',(#806,#807,#808,#809));
#2862=EDGE_LOOP('',(#810));
#2863=EDGE_LOOP('',(#811));
#2864=EDGE_LOOP('',(#812));
#2865=EDGE_LOOP('',(#813));
#2866=EDGE_LOOP('',(#814));
#2867=EDGE_LOOP('',(#815));
#2868=EDGE_LOOP('',(#816));
#2869=EDGE_LOOP('',(#817));
#2870=EDGE_LOOP('',(#818));
#2871=EDGE_LOOP('',(#819));
#2872=EDGE_LOOP('',(#820,#821,#822,#823,#824,#825,#826,#827));
#2873=EDGE_LOOP('',(#828,#829,#830,#831,#832,#833,#834,#835));
#2874=EDGE_LOOP('',(#836));
#2875=EDGE_LOOP('',(#837));
#2876=EDGE_LOOP('',(#838));
#2877=EDGE_LOOP('',(#839));
#2878=EDGE_LOOP('',(#840));
#2879=EDGE_LOOP('',(#841));
#2880=EDGE_LOOP('',(#842));
#2881=EDGE_LOOP('',(#843));
#2882=EDGE_LOOP('',(#844));
#2883=EDGE_LOOP('',(#845,#846,#847,#848));
#2884=EDGE_LOOP('',(#849,#850,#851,#852));
#2885=EDGE_LOOP('',(#853));
#2886=EDGE_LOOP('',(#854));
#2887=EDGE_LOOP('',(#855));
#2888=EDGE_LOOP('',(#856,#857,#858,#859));
#2889=EDGE_LOOP('',(#860,#861));
#2890=EDGE_LOOP('',(#862,#863));
#2891=EDGE_LOOP('',(#864));
#2892=EDGE_LOOP('',(#865,#866));
#2893=EDGE_LOOP('',(#867,#868));
#2894=EDGE_LOOP('',(#869));
#2895=EDGE_LOOP('',(#870,#871,#872,#873));
#2896=EDGE_LOOP('',(#874,#875,#876,#877));
#2897=EDGE_LOOP('',(#878));
#2898=EDGE_LOOP('',(#879));
#2899=EDGE_LOOP('',(#880));
#2900=EDGE_LOOP('',(#881));
#2901=EDGE_LOOP('',(#882));
#2902=EDGE_LOOP('',(#883));
#2903=EDGE_LOOP('',(#884));
#2904=EDGE_LOOP('',(#885));
#2905=EDGE_LOOP('',(#886));
#2906=EDGE_LOOP('',(#887,#888,#889,#890,#891,#892,#893,#894));
#2907=EDGE_LOOP('',(#895,#896));
#2908=EDGE_LOOP('',(#897,#898));
#2909=EDGE_LOOP('',(#899));
#2910=EDGE_LOOP('',(#900,#901,#902,#903));
#2911=EDGE_LOOP('',(#904,#905,#906,#907));
#2912=EDGE_LOOP('',(#908));
#2913=EDGE_LOOP('',(#909));
#2914=EDGE_LOOP('',(#910));
#2915=EDGE_LOOP('',(#911));
#2916=EDGE_LOOP('',(#912));
#2917=EDGE_LOOP('',(#913));
#2918=EDGE_LOOP('',(#914));
#2919=EDGE_LOOP('',(#915));
#2920=EDGE_LOOP('',(#916));
#2921=EDGE_LOOP('',(#917,#918,#919,#920,#921,#922,#923,#924));
#2922=EDGE_LOOP('',(#925,#926));
#2923=EDGE_LOOP('',(#927,#928));
#2924=EDGE_LOOP('',(#929));
#2925=EDGE_LOOP('',(#930));
#2926=EDGE_LOOP('',(#931));
#2927=EDGE_LOOP('',(#932,#933,#934,#935,#936,#937,#938,#939));
#2928=EDGE_LOOP('',(#940,#941,#942,#943));
#2929=EDGE_LOOP('',(#944,#945,#946,#947,#948,#949,#950,#951));
#2930=EDGE_LOOP('',(#952,#953,#954,#955,#956,#957));
#2931=EDGE_LOOP('',(#958,#959,#960,#961,#962,#963,#964,#965));
#2932=EDGE_LOOP('',(#966,#967,#968,#969));
#2933=EDGE_LOOP('',(#970,#971,#972,#973,#974,#975,#976,#977));
#2934=EDGE_LOOP('',(#978,#979,#980,#981,#982,#983));
#2935=EDGE_LOOP('',(#984,#985,#986,#987));
#2936=EDGE_LOOP('',(#988,#989,#990,#991));
#2937=EDGE_LOOP('',(#992,#993,#994,#995));
#2938=EDGE_LOOP('',(#996,#997,#998,#999));
#2939=EDGE_LOOP('',(#1000,#1001,#1002,#1003));
#2940=EDGE_LOOP('',(#1004,#1005,#1006,#1007));
#2941=EDGE_LOOP('',(#1008,#1009,#1010,#1011));
#2942=EDGE_LOOP('',(#1012,#1013,#1014,#1015));
#2943=EDGE_LOOP('',(#1016,#1017,#1018,#1019,#1020,#1021,#1022,#1023));
#2944=EDGE_LOOP('',(#1024,#1025,#1026,#1027,#1028,#1029,#1030,#1031));
#2945=EDGE_LOOP('',(#1032,#1033,#1034,#1035,#1036,#1037,#1038,#1039));
#2946=EDGE_LOOP('',(#1040));
#2947=EDGE_LOOP('',(#1041,#1042));
#2948=EDGE_LOOP('',(#1043,#1044,#1045,#1046));
#2949=EDGE_LOOP('',(#1047,#1048));
#2950=EDGE_LOOP('',(#1049,#1050,#1051,#1052));
#2951=EDGE_LOOP('',(#1053,#1054));
#2952=EDGE_LOOP('',(#1055,#1056));
#2953=EDGE_LOOP('',(#1057,#1058,#1059,#1060));
#2954=EDGE_LOOP('',(#1061));
#2955=EDGE_LOOP('',(#1062));
#2956=EDGE_LOOP('',(#1063));
#2957=EDGE_LOOP('',(#1064));
#2958=EDGE_LOOP('',(#1065));
#2959=EDGE_LOOP('',(#1066));
#2960=EDGE_LOOP('',(#1067));
#2961=EDGE_LOOP('',(#1068));
#2962=EDGE_LOOP('',(#1069,#1070,#1071,#1072));
#2963=EDGE_LOOP('',(#1073,#1074,#1075,#1076));
#2964=EDGE_LOOP('',(#1077,#1078,#1079,#1080));
#2965=EDGE_LOOP('',(#1081,#1082,#1083,#1084));
#2966=EDGE_LOOP('',(#1085,#1086,#1087,#1088));
#2967=EDGE_LOOP('',(#1089,#1090,#1091,#1092));
#2968=EDGE_LOOP('',(#1093,#1094,#1095,#1096));
#2969=EDGE_LOOP('',(#1097,#1098,#1099,#1100));
#2970=EDGE_LOOP('',(#1101));
#2971=EDGE_LOOP('',(#1102));
#2972=EDGE_LOOP('',(#1103));
#2973=EDGE_LOOP('',(#1104));
#2974=EDGE_LOOP('',(#1105));
#2975=EDGE_LOOP('',(#1106));
#2976=EDGE_LOOP('',(#1107));
#2977=EDGE_LOOP('',(#1108));
#2978=EDGE_LOOP('',(#1109));
#2979=EDGE_LOOP('',(#1110));
#2980=EDGE_LOOP('',(#1111));
#2981=EDGE_LOOP('',(#1112,#1113,#1114,#1115,#1116,#1117,#1118,#1119));
#2982=EDGE_LOOP('',(#1120));
#2983=EDGE_LOOP('',(#1121));
#2984=EDGE_LOOP('',(#1122));
#2985=EDGE_LOOP('',(#1123));
#2986=EDGE_LOOP('',(#1124,#1125,#1126,#1127,#1128,#1129,#1130,#1131,#1132,
#1133));
#2987=EDGE_LOOP('',(#1134,#1135,#1136,#1137));
#2988=EDGE_LOOP('',(#1138));
#2989=EDGE_LOOP('',(#1139,#1140,#1141,#1142));
#2990=EDGE_LOOP('',(#1143,#1144,#1145,#1146,#1147));
#2991=EDGE_LOOP('',(#1148,#1149,#1150,#1151,#1152,#1153,#1154,#1155,#1156,
#1157));
#2992=EDGE_LOOP('',(#1158,#1159,#1160,#1161,#1162,#1163,#1164,#1165));
#2993=EDGE_LOOP('',(#1166));
#2994=EDGE_LOOP('',(#1167));
#2995=EDGE_LOOP('',(#1168,#1169,#1170,#1171,#1172));
#2996=EDGE_LOOP('',(#1173,#1174,#1175,#1176));
#2997=EDGE_LOOP('',(#1177));
#2998=EDGE_LOOP('',(#1178,#1179,#1180,#1181));
#2999=EDGE_LOOP('',(#1182,#1183,#1184,#1185));
#3000=EDGE_LOOP('',(#1186,#1187,#1188,#1189));
#3001=EDGE_LOOP('',(#1190,#1191,#1192,#1193));
#3002=EDGE_LOOP('',(#1194));
#3003=EDGE_LOOP('',(#1195));
#3004=EDGE_LOOP('',(#1196));
#3005=EDGE_LOOP('',(#1197));
#3006=EDGE_LOOP('',(#1198,#1199,#1200,#1201));
#3007=EDGE_LOOP('',(#1202,#1203,#1204,#1205));
#3008=EDGE_LOOP('',(#1206,#1207,#1208,#1209));
#3009=EDGE_LOOP('',(#1210,#1211,#1212,#1213));
#3010=EDGE_LOOP('',(#1214,#1215,#1216,#1217));
#3011=EDGE_LOOP('',(#1218,#1219,#1220,#1221));
#3012=EDGE_LOOP('',(#1222,#1223,#1224,#1225));
#3013=EDGE_LOOP('',(#1226,#1227,#1228,#1229));
#3014=EDGE_LOOP('',(#1230,#1231,#1232,#1233));
#3015=EDGE_LOOP('',(#1234,#1235,#1236,#1237));
#3016=EDGE_LOOP('',(#1238,#1239,#1240,#1241));
#3017=EDGE_LOOP('',(#1242,#1243,#1244,#1245));
#3018=EDGE_LOOP('',(#1246,#1247,#1248,#1249));
#3019=EDGE_LOOP('',(#1250));
#3020=EDGE_LOOP('',(#1251));
#3021=EDGE_LOOP('',(#1252));
#3022=EDGE_LOOP('',(#1253));
#3023=EDGE_LOOP('',(#1254));
#3024=EDGE_LOOP('',(#1255));
#3025=EDGE_LOOP('',(#1256));
#3026=EDGE_LOOP('',(#1257));
#3027=EDGE_LOOP('',(#1258));
#3028=EDGE_LOOP('',(#1259));
#3029=EDGE_LOOP('',(#1260));
#3030=EDGE_LOOP('',(#1261));
#3031=EDGE_LOOP('',(#1262,#1263,#1264,#1265));
#3032=EDGE_LOOP('',(#1266,#1267,#1268,#1269));
#3033=EDGE_LOOP('',(#1270,#1271,#1272,#1273));
#3034=EDGE_LOOP('',(#1274,#1275,#1276,#1277));
#3035=EDGE_LOOP('',(#1278,#1279,#1280,#1281));
#3036=EDGE_LOOP('',(#1282,#1283,#1284,#1285));
#3037=EDGE_LOOP('',(#1286,#1287,#1288,#1289));
#3038=EDGE_LOOP('',(#1290,#1291,#1292,#1293));
#3039=EDGE_LOOP('',(#1294,#1295,#1296,#1297));
#3040=EDGE_LOOP('',(#1298,#1299,#1300,#1301));
#3041=EDGE_LOOP('',(#1302,#1303,#1304,#1305));
#3042=EDGE_LOOP('',(#1306,#1307,#1308,#1309));
#3043=EDGE_LOOP('',(#1310,#1311,#1312,#1313));
#3044=EDGE_LOOP('',(#1314,#1315,#1316,#1317));
#3045=EDGE_LOOP('',(#1318,#1319,#1320,#1321));
#3046=EDGE_LOOP('',(#1322,#1323,#1324,#1325));
#3047=EDGE_LOOP('',(#1326,#1327,#1328,#1329));
#3048=EDGE_LOOP('',(#1330,#1331,#1332,#1333));
#3049=EDGE_LOOP('',(#1334,#1335,#1336,#1337));
#3050=EDGE_LOOP('',(#1338));
#3051=EDGE_LOOP('',(#1339));
#3052=EDGE_LOOP('',(#1340));
#3053=EDGE_LOOP('',(#1341));
#3054=EDGE_LOOP('',(#1342));
#3055=EDGE_LOOP('',(#1343));
#3056=EDGE_LOOP('',(#1344));
#3057=EDGE_LOOP('',(#1345));
#3058=EDGE_LOOP('',(#1346));
#3059=EDGE_LOOP('',(#1347));
#3060=EDGE_LOOP('',(#1348));
#3061=EDGE_LOOP('',(#1349));
#3062=EDGE_LOOP('',(#1350,#1351,#1352,#1353));
#3063=EDGE_LOOP('',(#1354,#1355,#1356,#1357));
#3064=EDGE_LOOP('',(#1358,#1359,#1360,#1361));
#3065=EDGE_LOOP('',(#1362,#1363,#1364,#1365));
#3066=EDGE_LOOP('',(#1366,#1367,#1368,#1369));
#3067=EDGE_LOOP('',(#1370,#1371,#1372,#1373));
#3068=EDGE_LOOP('',(#1374,#1375,#1376,#1377));
#3069=EDGE_LOOP('',(#1378,#1379,#1380,#1381));
#3070=EDGE_LOOP('',(#1382,#1383,#1384,#1385));
#3071=EDGE_LOOP('',(#1386,#1387,#1388,#1389));
#3072=EDGE_LOOP('',(#1390,#1391,#1392,#1393));
#3073=EDGE_LOOP('',(#1394,#1395,#1396,#1397));
#3074=EDGE_LOOP('',(#1398,#1399,#1400,#1401));
#3075=EDGE_LOOP('',(#1402,#1403,#1404,#1405));
#3076=EDGE_LOOP('',(#1406,#1407,#1408,#1409));
#3077=EDGE_LOOP('',(#1410,#1411,#1412,#1413));
#3078=EDGE_LOOP('',(#1414));
#3079=EDGE_LOOP('',(#1415));
#3080=EDGE_LOOP('',(#1416));
#3081=EDGE_LOOP('',(#1417));
#3082=EDGE_LOOP('',(#1418));
#3083=EDGE_LOOP('',(#1419));
#3084=EDGE_LOOP('',(#1420));
#3085=EDGE_LOOP('',(#1421));
#3086=EDGE_LOOP('',(#1422));
#3087=EDGE_LOOP('',(#1423));
#3088=EDGE_LOOP('',(#1424));
#3089=EDGE_LOOP('',(#1425));
#3090=EDGE_LOOP('',(#1426));
#3091=EDGE_LOOP('',(#1427));
#3092=EDGE_LOOP('',(#1428));
#3093=EDGE_LOOP('',(#1429));
#3094=EDGE_LOOP('',(#1430));
#3095=EDGE_LOOP('',(#1431));
#3096=EDGE_LOOP('',(#1432));
#3097=EDGE_LOOP('',(#1433));
#3098=EDGE_LOOP('',(#1434));
#3099=EDGE_LOOP('',(#1435));
#3100=EDGE_LOOP('',(#1436));
#3101=EDGE_LOOP('',(#1437));
#3102=EDGE_LOOP('',(#1438));
#3103=EDGE_LOOP('',(#1439));
#3104=EDGE_LOOP('',(#1440));
#3105=EDGE_LOOP('',(#1441));
#3106=EDGE_LOOP('',(#1442));
#3107=EDGE_LOOP('',(#1443));
#3108=EDGE_LOOP('',(#1444));
#3109=EDGE_LOOP('',(#1445));
#3110=EDGE_LOOP('',(#1446));
#3111=EDGE_LOOP('',(#1447));
#3112=EDGE_LOOP('',(#1448));
#3113=EDGE_LOOP('',(#1449));
#3114=EDGE_LOOP('',(#1450));
#3115=EDGE_LOOP('',(#1451));
#3116=EDGE_LOOP('',(#1452));
#3117=EDGE_LOOP('',(#1453));
#3118=EDGE_LOOP('',(#1454));
#3119=EDGE_LOOP('',(#1455));
#3120=EDGE_LOOP('',(#1456));
#3121=EDGE_LOOP('',(#1457));
#3122=EDGE_LOOP('',(#1458));
#3123=EDGE_LOOP('',(#1459));
#3124=EDGE_LOOP('',(#1460));
#3125=EDGE_LOOP('',(#1461));
#3126=EDGE_LOOP('',(#1462));
#3127=EDGE_LOOP('',(#1463));
#3128=EDGE_LOOP('',(#1464));
#3129=EDGE_LOOP('',(#1465));
#3130=EDGE_LOOP('',(#1466));
#3131=EDGE_LOOP('',(#1467));
#3132=EDGE_LOOP('',(#1468));
#3133=EDGE_LOOP('',(#1469));
#3134=EDGE_LOOP('',(#1470));
#3135=EDGE_LOOP('',(#1471));
#3136=EDGE_LOOP('',(#1472));
#3137=EDGE_LOOP('',(#1473));
#3138=EDGE_LOOP('',(#1474));
#3139=EDGE_LOOP('',(#1475));
#3140=EDGE_LOOP('',(#1476));
#3141=EDGE_LOOP('',(#1477));
#3142=EDGE_LOOP('',(#1478));
#3143=EDGE_LOOP('',(#1479));
#3144=EDGE_LOOP('',(#1480));
#3145=EDGE_LOOP('',(#1481));
#3146=EDGE_LOOP('',(#1482));
#3147=EDGE_LOOP('',(#1483));
#3148=EDGE_LOOP('',(#1484));
#3149=EDGE_LOOP('',(#1485));
#3150=EDGE_LOOP('',(#1486));
#3151=EDGE_LOOP('',(#1487));
#3152=EDGE_LOOP('',(#1488));
#3153=EDGE_LOOP('',(#1489));
#3154=FACE_BOUND('',#2668,.T.);
#3155=FACE_BOUND('',#2669,.T.);
#3156=FACE_BOUND('',#2670,.T.);
#3157=FACE_BOUND('',#2671,.T.);
#3158=FACE_BOUND('',#2672,.T.);
#3159=FACE_BOUND('',#2673,.T.);
#3160=FACE_BOUND('',#2674,.T.);
#3161=FACE_BOUND('',#2675,.T.);
#3162=FACE_BOUND('',#2676,.T.);
#3163=FACE_BOUND('',#2677,.T.);
#3164=FACE_BOUND('',#2678,.T.);
#3165=FACE_BOUND('',#2679,.T.);
#3166=FACE_BOUND('',#2680,.T.);
#3167=FACE_BOUND('',#2681,.T.);
#3168=FACE_BOUND('',#2682,.T.);
#3169=FACE_BOUND('',#2683,.T.);
#3170=FACE_BOUND('',#2684,.T.);
#3171=FACE_BOUND('',#2685,.T.);
#3172=FACE_BOUND('',#2686,.T.);
#3173=FACE_BOUND('',#2687,.T.);
#3174=FACE_BOUND('',#2688,.T.);
#3175=FACE_BOUND('',#2689,.T.);
#3176=FACE_BOUND('',#2690,.T.);
#3177=FACE_BOUND('',#2691,.T.);
#3178=FACE_BOUND('',#2692,.T.);
#3179=FACE_BOUND('',#2693,.T.);
#3180=FACE_BOUND('',#2694,.T.);
#3181=FACE_BOUND('',#2695,.T.);
#3182=FACE_BOUND('',#2696,.T.);
#3183=FACE_BOUND('',#2697,.T.);
#3184=FACE_BOUND('',#2698,.T.);
#3185=FACE_BOUND('',#2699,.T.);
#3186=FACE_BOUND('',#2700,.T.);
#3187=FACE_BOUND('',#2701,.T.);
#3188=FACE_BOUND('',#2702,.T.);
#3189=FACE_BOUND('',#2703,.T.);
#3190=FACE_BOUND('',#2704,.T.);
#3191=FACE_BOUND('',#2705,.T.);
#3192=FACE_BOUND('',#2706,.T.);
#3193=FACE_BOUND('',#2707,.T.);
#3194=FACE_BOUND('',#2708,.T.);
#3195=FACE_BOUND('',#2709,.T.);
#3196=FACE_BOUND('',#2710,.T.);
#3197=FACE_BOUND('',#2711,.T.);
#3198=FACE_BOUND('',#2712,.T.);
#3199=FACE_BOUND('',#2713,.T.);
#3200=FACE_BOUND('',#2714,.T.);
#3201=FACE_BOUND('',#2715,.T.);
#3202=FACE_BOUND('',#2716,.T.);
#3203=FACE_BOUND('',#2717,.T.);
#3204=FACE_BOUND('',#2718,.T.);
#3205=FACE_BOUND('',#2719,.T.);
#3206=FACE_BOUND('',#2720,.T.);
#3207=FACE_BOUND('',#2721,.T.);
#3208=FACE_BOUND('',#2722,.T.);
#3209=FACE_BOUND('',#2723,.T.);
#3210=FACE_BOUND('',#2724,.T.);
#3211=FACE_BOUND('',#2725,.T.);
#3212=FACE_BOUND('',#2726,.T.);
#3213=FACE_BOUND('',#2727,.T.);
#3214=FACE_BOUND('',#2728,.T.);
#3215=FACE_BOUND('',#2729,.T.);
#3216=FACE_BOUND('',#2730,.T.);
#3217=FACE_BOUND('',#2731,.T.);
#3218=FACE_BOUND('',#2732,.T.);
#3219=FACE_BOUND('',#2733,.T.);
#3220=FACE_BOUND('',#2734,.T.);
#3221=FACE_BOUND('',#2735,.T.);
#3222=FACE_BOUND('',#2736,.T.);
#3223=FACE_BOUND('',#2737,.T.);
#3224=FACE_BOUND('',#2738,.T.);
#3225=FACE_BOUND('',#2739,.T.);
#3226=FACE_BOUND('',#2740,.T.);
#3227=FACE_BOUND('',#2741,.T.);
#3228=FACE_BOUND('',#2742,.T.);
#3229=FACE_BOUND('',#2743,.T.);
#3230=FACE_BOUND('',#2744,.T.);
#3231=FACE_BOUND('',#2745,.T.);
#3232=FACE_BOUND('',#2746,.T.);
#3233=FACE_BOUND('',#2747,.T.);
#3234=FACE_BOUND('',#2748,.T.);
#3235=FACE_BOUND('',#2749,.T.);
#3236=FACE_BOUND('',#2750,.T.);
#3237=FACE_BOUND('',#2751,.T.);
#3238=FACE_BOUND('',#2752,.T.);
#3239=FACE_BOUND('',#2753,.T.);
#3240=FACE_BOUND('',#2754,.T.);
#3241=FACE_BOUND('',#2755,.T.);
#3242=FACE_BOUND('',#2756,.T.);
#3243=FACE_BOUND('',#2757,.T.);
#3244=FACE_BOUND('',#2758,.T.);
#3245=FACE_BOUND('',#2759,.T.);
#3246=FACE_BOUND('',#2760,.T.);
#3247=FACE_BOUND('',#2761,.T.);
#3248=FACE_BOUND('',#2762,.T.);
#3249=FACE_BOUND('',#2763,.T.);
#3250=FACE_BOUND('',#2764,.T.);
#3251=FACE_BOUND('',#2765,.T.);
#3252=FACE_BOUND('',#2766,.T.);
#3253=FACE_BOUND('',#2767,.T.);
#3254=FACE_BOUND('',#2768,.T.);
#3255=FACE_BOUND('',#2769,.T.);
#3256=FACE_BOUND('',#2770,.T.);
#3257=FACE_BOUND('',#2771,.T.);
#3258=FACE_BOUND('',#2772,.T.);
#3259=FACE_BOUND('',#2773,.T.);
#3260=FACE_BOUND('',#2774,.T.);
#3261=FACE_BOUND('',#2775,.T.);
#3262=FACE_BOUND('',#2776,.T.);
#3263=FACE_BOUND('',#2777,.T.);
#3264=FACE_BOUND('',#2778,.T.);
#3265=FACE_BOUND('',#2779,.T.);
#3266=FACE_BOUND('',#2780,.T.);
#3267=FACE_BOUND('',#2781,.T.);
#3268=FACE_BOUND('',#2782,.T.);
#3269=FACE_BOUND('',#2783,.T.);
#3270=FACE_BOUND('',#2784,.T.);
#3271=FACE_BOUND('',#2785,.T.);
#3272=FACE_BOUND('',#2786,.T.);
#3273=FACE_BOUND('',#2787,.T.);
#3274=FACE_BOUND('',#2788,.T.);
#3275=FACE_BOUND('',#2789,.T.);
#3276=FACE_BOUND('',#2790,.T.);
#3277=FACE_BOUND('',#2791,.T.);
#3278=FACE_BOUND('',#2792,.T.);
#3279=FACE_BOUND('',#2793,.T.);
#3280=FACE_BOUND('',#2794,.T.);
#3281=FACE_BOUND('',#2795,.T.);
#3282=FACE_BOUND('',#2796,.T.);
#3283=FACE_BOUND('',#2797,.T.);
#3284=FACE_BOUND('',#2798,.T.);
#3285=FACE_BOUND('',#2799,.T.);
#3286=FACE_BOUND('',#2800,.T.);
#3287=FACE_BOUND('',#2801,.T.);
#3288=FACE_BOUND('',#2802,.T.);
#3289=FACE_BOUND('',#2803,.T.);
#3290=FACE_BOUND('',#2804,.T.);
#3291=FACE_BOUND('',#2805,.T.);
#3292=FACE_BOUND('',#2806,.T.);
#3293=FACE_BOUND('',#2807,.T.);
#3294=FACE_BOUND('',#2808,.T.);
#3295=FACE_BOUND('',#2809,.T.);
#3296=FACE_BOUND('',#2810,.T.);
#3297=FACE_BOUND('',#2811,.T.);
#3298=FACE_BOUND('',#2812,.T.);
#3299=FACE_BOUND('',#2813,.T.);
#3300=FACE_BOUND('',#2814,.T.);
#3301=FACE_BOUND('',#2815,.T.);
#3302=FACE_BOUND('',#2816,.T.);
#3303=FACE_BOUND('',#2817,.T.);
#3304=FACE_BOUND('',#2818,.T.);
#3305=FACE_BOUND('',#2819,.T.);
#3306=FACE_BOUND('',#2820,.T.);
#3307=FACE_BOUND('',#2821,.T.);
#3308=FACE_BOUND('',#2822,.T.);
#3309=FACE_BOUND('',#2823,.T.);
#3310=FACE_BOUND('',#2824,.T.);
#3311=FACE_BOUND('',#2825,.T.);
#3312=FACE_BOUND('',#2826,.T.);
#3313=FACE_BOUND('',#2827,.T.);
#3314=FACE_BOUND('',#2828,.T.);
#3315=FACE_BOUND('',#2829,.T.);
#3316=FACE_BOUND('',#2830,.T.);
#3317=FACE_BOUND('',#2831,.T.);
#3318=FACE_BOUND('',#2832,.T.);
#3319=FACE_BOUND('',#2833,.T.);
#3320=FACE_BOUND('',#2834,.T.);
#3321=FACE_BOUND('',#2835,.T.);
#3322=FACE_BOUND('',#2836,.T.);
#3323=FACE_BOUND('',#2837,.T.);
#3324=FACE_BOUND('',#2838,.T.);
#3325=FACE_BOUND('',#2839,.T.);
#3326=FACE_BOUND('',#2840,.T.);
#3327=FACE_BOUND('',#2841,.T.);
#3328=FACE_BOUND('',#2842,.T.);
#3329=FACE_BOUND('',#2843,.T.);
#3330=FACE_BOUND('',#2844,.T.);
#3331=FACE_BOUND('',#2845,.T.);
#3332=FACE_BOUND('',#2846,.T.);
#3333=FACE_BOUND('',#2847,.T.);
#3334=FACE_BOUND('',#2848,.T.);
#3335=FACE_BOUND('',#2849,.T.);
#3336=FACE_BOUND('',#2850,.T.);
#3337=FACE_BOUND('',#2851,.T.);
#3338=FACE_BOUND('',#2852,.T.);
#3339=FACE_BOUND('',#2853,.T.);
#3340=FACE_BOUND('',#2854,.T.);
#3341=FACE_BOUND('',#2855,.T.);
#3342=FACE_BOUND('',#2856,.T.);
#3343=FACE_BOUND('',#2857,.T.);
#3344=FACE_BOUND('',#2858,.T.);
#3345=FACE_BOUND('',#2859,.T.);
#3346=FACE_BOUND('',#2860,.T.);
#3347=FACE_BOUND('',#2861,.T.);
#3348=FACE_BOUND('',#2862,.T.);
#3349=FACE_BOUND('',#2863,.T.);
#3350=FACE_BOUND('',#2864,.T.);
#3351=FACE_BOUND('',#2865,.T.);
#3352=FACE_BOUND('',#2866,.T.);
#3353=FACE_BOUND('',#2867,.T.);
#3354=FACE_BOUND('',#2868,.T.);
#3355=FACE_BOUND('',#2869,.T.);
#3356=FACE_BOUND('',#2870,.T.);
#3357=FACE_BOUND('',#2871,.T.);
#3358=FACE_BOUND('',#2872,.T.);
#3359=FACE_BOUND('',#2873,.T.);
#3360=FACE_BOUND('',#2874,.T.);
#3361=FACE_BOUND('',#2875,.T.);
#3362=FACE_BOUND('',#2876,.T.);
#3363=FACE_BOUND('',#2877,.T.);
#3364=FACE_BOUND('',#2878,.T.);
#3365=FACE_BOUND('',#2879,.T.);
#3366=FACE_BOUND('',#2880,.T.);
#3367=FACE_BOUND('',#2881,.T.);
#3368=FACE_BOUND('',#2882,.T.);
#3369=FACE_BOUND('',#2883,.T.);
#3370=FACE_BOUND('',#2884,.T.);
#3371=FACE_BOUND('',#2885,.T.);
#3372=FACE_BOUND('',#2886,.T.);
#3373=FACE_BOUND('',#2887,.T.);
#3374=FACE_BOUND('',#2888,.T.);
#3375=FACE_BOUND('',#2889,.T.);
#3376=FACE_BOUND('',#2890,.T.);
#3377=FACE_BOUND('',#2891,.T.);
#3378=FACE_BOUND('',#2892,.T.);
#3379=FACE_BOUND('',#2893,.T.);
#3380=FACE_BOUND('',#2894,.T.);
#3381=FACE_BOUND('',#2895,.T.);
#3382=FACE_BOUND('',#2896,.T.);
#3383=FACE_BOUND('',#2897,.T.);
#3384=FACE_BOUND('',#2898,.T.);
#3385=FACE_BOUND('',#2899,.T.);
#3386=FACE_BOUND('',#2900,.T.);
#3387=FACE_BOUND('',#2901,.T.);
#3388=FACE_BOUND('',#2902,.T.);
#3389=FACE_BOUND('',#2903,.T.);
#3390=FACE_BOUND('',#2904,.T.);
#3391=FACE_BOUND('',#2905,.T.);
#3392=FACE_BOUND('',#2906,.T.);
#3393=FACE_BOUND('',#2907,.T.);
#3394=FACE_BOUND('',#2908,.T.);
#3395=FACE_BOUND('',#2909,.T.);
#3396=FACE_BOUND('',#2910,.T.);
#3397=FACE_BOUND('',#2911,.T.);
#3398=FACE_BOUND('',#2912,.T.);
#3399=FACE_BOUND('',#2913,.T.);
#3400=FACE_BOUND('',#2914,.T.);
#3401=FACE_BOUND('',#2915,.T.);
#3402=FACE_BOUND('',#2916,.T.);
#3403=FACE_BOUND('',#2917,.T.);
#3404=FACE_BOUND('',#2918,.T.);
#3405=FACE_BOUND('',#2919,.T.);
#3406=FACE_BOUND('',#2920,.T.);
#3407=FACE_BOUND('',#2921,.T.);
#3408=FACE_BOUND('',#2922,.T.);
#3409=FACE_BOUND('',#2923,.T.);
#3410=FACE_BOUND('',#2924,.T.);
#3411=FACE_BOUND('',#2925,.T.);
#3412=FACE_BOUND('',#2926,.T.);
#3413=FACE_BOUND('',#2927,.T.);
#3414=FACE_BOUND('',#2928,.T.);
#3415=FACE_BOUND('',#2929,.T.);
#3416=FACE_BOUND('',#2930,.T.);
#3417=FACE_BOUND('',#2931,.T.);
#3418=FACE_BOUND('',#2932,.T.);
#3419=FACE_BOUND('',#2933,.T.);
#3420=FACE_BOUND('',#2934,.T.);
#3421=FACE_BOUND('',#2935,.T.);
#3422=FACE_BOUND('',#2936,.T.);
#3423=FACE_BOUND('',#2937,.T.);
#3424=FACE_BOUND('',#2938,.T.);
#3425=FACE_BOUND('',#2939,.T.);
#3426=FACE_BOUND('',#2940,.T.);
#3427=FACE_BOUND('',#2941,.T.);
#3428=FACE_BOUND('',#2942,.T.);
#3429=FACE_BOUND('',#2943,.T.);
#3430=FACE_BOUND('',#2944,.T.);
#3431=FACE_BOUND('',#2945,.T.);
#3432=FACE_BOUND('',#2946,.T.);
#3433=FACE_BOUND('',#2947,.T.);
#3434=FACE_BOUND('',#2948,.T.);
#3435=FACE_BOUND('',#2949,.T.);
#3436=FACE_BOUND('',#2950,.T.);
#3437=FACE_BOUND('',#2951,.T.);
#3438=FACE_BOUND('',#2952,.T.);
#3439=FACE_BOUND('',#2953,.T.);
#3440=FACE_BOUND('',#2954,.T.);
#3441=FACE_BOUND('',#2955,.T.);
#3442=FACE_BOUND('',#2956,.T.);
#3443=FACE_BOUND('',#2957,.T.);
#3444=FACE_BOUND('',#2958,.T.);
#3445=FACE_BOUND('',#2959,.T.);
#3446=FACE_BOUND('',#2960,.T.);
#3447=FACE_BOUND('',#2961,.T.);
#3448=FACE_BOUND('',#2962,.T.);
#3449=FACE_BOUND('',#2963,.T.);
#3450=FACE_BOUND('',#2964,.T.);
#3451=FACE_BOUND('',#2965,.T.);
#3452=FACE_BOUND('',#2966,.T.);
#3453=FACE_BOUND('',#2967,.T.);
#3454=FACE_BOUND('',#2968,.T.);
#3455=FACE_BOUND('',#2969,.T.);
#3456=FACE_BOUND('',#2970,.T.);
#3457=FACE_BOUND('',#2971,.T.);
#3458=FACE_BOUND('',#2972,.T.);
#3459=FACE_BOUND('',#2973,.T.);
#3460=FACE_BOUND('',#2974,.T.);
#3461=FACE_BOUND('',#2975,.T.);
#3462=FACE_BOUND('',#2976,.T.);
#3463=FACE_BOUND('',#2977,.T.);
#3464=FACE_BOUND('',#2978,.T.);
#3465=FACE_BOUND('',#2979,.T.);
#3466=FACE_BOUND('',#2980,.T.);
#3467=FACE_BOUND('',#2981,.T.);
#3468=FACE_BOUND('',#2982,.T.);
#3469=FACE_BOUND('',#2983,.T.);
#3470=FACE_BOUND('',#2984,.T.);
#3471=FACE_BOUND('',#2985,.T.);
#3472=FACE_BOUND('',#2986,.T.);
#3473=FACE_BOUND('',#2987,.T.);
#3474=FACE_BOUND('',#2988,.T.);
#3475=FACE_BOUND('',#2989,.T.);
#3476=FACE_BOUND('',#2990,.T.);
#3477=FACE_BOUND('',#2991,.T.);
#3478=FACE_BOUND('',#2992,.T.);
#3479=FACE_BOUND('',#2993,.T.);
#3480=FACE_BOUND('',#2994,.T.);
#3481=FACE_BOUND('',#2995,.T.);
#3482=FACE_BOUND('',#2996,.T.);
#3483=FACE_BOUND('',#2997,.T.);
#3484=FACE_BOUND('',#2998,.T.);
#3485=FACE_BOUND('',#2999,.T.);
#3486=FACE_BOUND('',#3000,.T.);
#3487=FACE_BOUND('',#3001,.T.);
#3488=FACE_BOUND('',#3002,.T.);
#3489=FACE_BOUND('',#3003,.T.);
#3490=FACE_BOUND('',#3004,.T.);
#3491=FACE_BOUND('',#3005,.T.);
#3492=FACE_BOUND('',#3006,.T.);
#3493=FACE_BOUND('',#3007,.T.);
#3494=FACE_BOUND('',#3008,.T.);
#3495=FACE_BOUND('',#3009,.T.);
#3496=FACE_BOUND('',#3010,.T.);
#3497=FACE_BOUND('',#3011,.T.);
#3498=FACE_BOUND('',#3012,.T.);
#3499=FACE_BOUND('',#3013,.T.);
#3500=FACE_BOUND('',#3014,.T.);
#3501=FACE_BOUND('',#3015,.T.);
#3502=FACE_BOUND('',#3016,.T.);
#3503=FACE_BOUND('',#3017,.T.);
#3504=FACE_BOUND('',#3018,.T.);
#3505=FACE_BOUND('',#3019,.T.);
#3506=FACE_BOUND('',#3020,.T.);
#3507=FACE_BOUND('',#3021,.T.);
#3508=FACE_BOUND('',#3022,.T.);
#3509=FACE_BOUND('',#3023,.T.);
#3510=FACE_BOUND('',#3024,.T.);
#3511=FACE_BOUND('',#3025,.T.);
#3512=FACE_BOUND('',#3026,.T.);
#3513=FACE_BOUND('',#3027,.T.);
#3514=FACE_BOUND('',#3028,.T.);
#3515=FACE_BOUND('',#3029,.T.);
#3516=FACE_BOUND('',#3030,.T.);
#3517=FACE_BOUND('',#3031,.T.);
#3518=FACE_BOUND('',#3032,.T.);
#3519=FACE_BOUND('',#3033,.T.);
#3520=FACE_BOUND('',#3034,.T.);
#3521=FACE_BOUND('',#3035,.T.);
#3522=FACE_BOUND('',#3036,.T.);
#3523=FACE_BOUND('',#3037,.T.);
#3524=FACE_BOUND('',#3038,.T.);
#3525=FACE_BOUND('',#3039,.T.);
#3526=FACE_BOUND('',#3040,.T.);
#3527=FACE_BOUND('',#3041,.T.);
#3528=FACE_BOUND('',#3042,.T.);
#3529=FACE_BOUND('',#3043,.T.);
#3530=FACE_BOUND('',#3044,.T.);
#3531=FACE_BOUND('',#3045,.T.);
#3532=FACE_BOUND('',#3046,.T.);
#3533=FACE_BOUND('',#3047,.T.);
#3534=FACE_BOUND('',#3048,.T.);
#3535=FACE_BOUND('',#3049,.T.);
#3536=FACE_BOUND('',#3050,.T.);
#3537=FACE_BOUND('',#3051,.T.);
#3538=FACE_BOUND('',#3052,.T.);
#3539=FACE_BOUND('',#3053,.T.);
#3540=FACE_BOUND('',#3054,.T.);
#3541=FACE_BOUND('',#3055,.T.);
#3542=FACE_BOUND('',#3056,.T.);
#3543=FACE_BOUND('',#3057,.T.);
#3544=FACE_BOUND('',#3058,.T.);
#3545=FACE_BOUND('',#3059,.T.);
#3546=FACE_BOUND('',#3060,.T.);
#3547=FACE_BOUND('',#3061,.T.);
#3548=FACE_BOUND('',#3062,.T.);
#3549=FACE_BOUND('',#3063,.T.);
#3550=FACE_BOUND('',#3064,.T.);
#3551=FACE_BOUND('',#3065,.T.);
#3552=FACE_BOUND('',#3066,.T.);
#3553=FACE_BOUND('',#3067,.T.);
#3554=FACE_BOUND('',#3068,.T.);
#3555=FACE_BOUND('',#3069,.T.);
#3556=FACE_BOUND('',#3070,.T.);
#3557=FACE_BOUND('',#3071,.T.);
#3558=FACE_BOUND('',#3072,.T.);
#3559=FACE_BOUND('',#3073,.T.);
#3560=FACE_BOUND('',#3074,.T.);
#3561=FACE_BOUND('',#3075,.T.);
#3562=FACE_BOUND('',#3076,.T.);
#3563=FACE_BOUND('',#3077,.T.);
#3564=FACE_BOUND('',#3078,.T.);
#3565=FACE_BOUND('',#3079,.T.);
#3566=FACE_BOUND('',#3080,.T.);
#3567=FACE_BOUND('',#3081,.T.);
#3568=FACE_BOUND('',#3082,.T.);
#3569=FACE_BOUND('',#3083,.T.);
#3570=FACE_BOUND('',#3084,.T.);
#3571=FACE_BOUND('',#3085,.T.);
#3572=FACE_BOUND('',#3086,.T.);
#3573=FACE_BOUND('',#3087,.T.);
#3574=FACE_BOUND('',#3088,.T.);
#3575=FACE_BOUND('',#3089,.T.);
#3576=FACE_BOUND('',#3090,.T.);
#3577=FACE_BOUND('',#3091,.T.);
#3578=FACE_BOUND('',#3092,.T.);
#3579=FACE_BOUND('',#3093,.T.);
#3580=FACE_BOUND('',#3094,.T.);
#3581=FACE_BOUND('',#3095,.T.);
#3582=FACE_BOUND('',#3096,.T.);
#3583=FACE_BOUND('',#3097,.T.);
#3584=FACE_BOUND('',#3098,.T.);
#3585=FACE_BOUND('',#3099,.T.);
#3586=FACE_BOUND('',#3100,.T.);
#3587=FACE_BOUND('',#3101,.T.);
#3588=FACE_BOUND('',#3102,.T.);
#3589=FACE_BOUND('',#3103,.T.);
#3590=FACE_BOUND('',#3104,.T.);
#3591=FACE_BOUND('',#3105,.T.);
#3592=FACE_BOUND('',#3106,.T.);
#3593=FACE_BOUND('',#3107,.T.);
#3594=FACE_BOUND('',#3108,.T.);
#3595=FACE_BOUND('',#3109,.T.);
#3596=FACE_BOUND('',#3110,.T.);
#3597=FACE_BOUND('',#3111,.T.);
#3598=FACE_BOUND('',#3112,.T.);
#3599=FACE_BOUND('',#3113,.T.);
#3600=FACE_BOUND('',#3114,.T.);
#3601=FACE_BOUND('',#3115,.T.);
#3602=FACE_BOUND('',#3116,.T.);
#3603=FACE_BOUND('',#3117,.T.);
#3604=FACE_BOUND('',#3118,.T.);
#3605=FACE_BOUND('',#3119,.T.);
#3606=FACE_BOUND('',#3120,.T.);
#3607=FACE_BOUND('',#3121,.T.);
#3608=FACE_BOUND('',#3122,.T.);
#3609=FACE_BOUND('',#3123,.T.);
#3610=FACE_BOUND('',#3124,.T.);
#3611=FACE_BOUND('',#3125,.T.);
#3612=FACE_BOUND('',#3126,.T.);
#3613=FACE_BOUND('',#3127,.T.);
#3614=FACE_BOUND('',#3128,.T.);
#3615=FACE_BOUND('',#3129,.T.);
#3616=FACE_BOUND('',#3130,.T.);
#3617=FACE_BOUND('',#3131,.T.);
#3618=FACE_BOUND('',#3132,.T.);
#3619=FACE_BOUND('',#3133,.T.);
#3620=FACE_BOUND('',#3134,.T.);
#3621=FACE_BOUND('',#3135,.T.);
#3622=FACE_BOUND('',#3136,.T.);
#3623=FACE_BOUND('',#3137,.T.);
#3624=FACE_BOUND('',#3138,.T.);
#3625=FACE_BOUND('',#3139,.T.);
#3626=FACE_BOUND('',#3140,.T.);
#3627=FACE_BOUND('',#3141,.T.);
#3628=FACE_BOUND('',#3142,.T.);
#3629=FACE_BOUND('',#3143,.T.);
#3630=FACE_BOUND('',#3144,.T.);
#3631=FACE_BOUND('',#3145,.T.);
#3632=FACE_BOUND('',#3146,.T.);
#3633=FACE_BOUND('',#3147,.T.);
#3634=FACE_BOUND('',#3148,.T.);
#3635=FACE_BOUND('',#3149,.T.);
#3636=FACE_BOUND('',#3150,.T.);
#3637=FACE_BOUND('',#3151,.T.);
#3638=FACE_BOUND('',#3152,.T.);
#3639=FACE_BOUND('',#3153,.T.);
#3640=PLANE('',#6019);
#3641=PLANE('',#6021);
#3642=PLANE('',#6023);
#3643=PLANE('',#6025);
#3644=PLANE('',#6039);
#3645=PLANE('',#6056);
#3646=PLANE('',#6061);
#3647=PLANE('',#6062);
#3648=PLANE('',#6065);
#3649=PLANE('',#6072);
#3650=PLANE('',#6073);
#3651=PLANE('',#6076);
#3652=PLANE('',#6077);
#3653=PLANE('',#6079);
#3654=PLANE('',#6081);
#3655=PLANE('',#6083);
#3656=PLANE('',#6085);
#3657=PLANE('',#6087);
#3658=PLANE('',#6089);
#3659=PLANE('',#6091);
#3660=PLANE('',#6093);
#3661=PLANE('',#6095);
#3662=PLANE('',#6097);
#3663=PLANE('',#6099);
#3664=PLANE('',#6101);
#3665=PLANE('',#6122);
#3666=PLANE('',#6124);
#3667=PLANE('',#6126);
#3668=PLANE('',#6128);
#3669=PLANE('',#6130);
#3670=PLANE('',#6132);
#3671=PLANE('',#6134);
#3672=PLANE('',#6136);
#3673=PLANE('',#6138);
#3674=PLANE('',#6140);
#3675=PLANE('',#6142);
#3676=PLANE('',#6144);
#3677=PLANE('',#6146);
#3678=PLANE('',#6148);
#3679=PLANE('',#6150);
#3680=PLANE('',#6152);
#3681=PLANE('',#6154);
#3682=PLANE('',#6156);
#3683=PLANE('',#6158);
#3684=PLANE('',#6160);
#3685=PLANE('',#6162);
#3686=PLANE('',#6164);
#3687=PLANE('',#6182);
#3688=PLANE('',#6199);
#3689=PLANE('',#6201);
#3690=PLANE('',#6219);
#3691=PLANE('',#6221);
#3692=PLANE('',#6243);
#3693=PLANE('',#6245);
#3694=PLANE('',#6267);
#3695=PLANE('',#6269);
#3696=PLANE('',#6277);
#3697=PLANE('',#6279);
#3698=PLANE('',#6281);
#3699=PLANE('',#6283);
#3700=PLANE('',#6305);
#3701=PLANE('',#6312);
#3702=PLANE('',#6319);
#3703=PLANE('',#6322);
#3704=PLANE('',#6327);
#3705=PLANE('',#6338);
#3706=PLANE('',#6343);
#3707=PLANE('',#6354);
#3708=PLANE('',#6357);
#3709=PLANE('',#6359);
#3710=PLANE('',#6362);
#3711=PLANE('',#6364);
#3712=PLANE('',#6368);
#3713=PLANE('',#6371);
#3714=PLANE('',#6373);
#3715=PLANE('',#6376);
#3716=PLANE('',#6393);
#3717=PLANE('',#6396);
#3718=PLANE('',#6400);
#3719=PLANE('',#6403);
#3720=PLANE('',#6405);
#3721=PLANE('',#6418);
#3722=PLANE('',#6422);
#3723=PLANE('',#6423);
#3724=PLANE('',#6429);
#3725=PLANE('',#6431);
#3726=PLANE('',#6434);
#3727=PLANE('',#6442);
#3728=PLANE('',#6443);
#3729=PLANE('',#6446);
#3730=PLANE('',#6447);
#3731=PLANE('',#6450);
#3732=PLANE('',#6451);
#3733=PLANE('',#6452);
#3734=PLANE('',#6459);
#3735=PLANE('',#6462);
#3736=PLANE('',#6464);
#3737=PLANE('',#6465);
#3738=PLANE('',#6468);
#3739=PLANE('',#6469);
#3740=PLANE('',#6471);
#3741=PLANE('',#6472);
#3742=PLANE('',#6479);
#3743=PLANE('',#6482);
#3744=PLANE('',#6483);
#3745=PLANE('',#6486);
#3746=PLANE('',#6487);
#3747=PLANE('',#6490);
#3748=STYLED_ITEM('',(#4031),#5731);
#3749=STYLED_ITEM('',(#4032),#5732);
#3750=STYLED_ITEM('',(#4033),#5733);
#3751=STYLED_ITEM('',(#4034),#5734);
#3752=STYLED_ITEM('',(#4035),#5735);
#3753=STYLED_ITEM('',(#4036),#5736);
#3754=STYLED_ITEM('',(#4037),#5737);
#3755=STYLED_ITEM('',(#4038),#5738);
#3756=STYLED_ITEM('',(#4039),#5739);
#3757=STYLED_ITEM('',(#4040),#5740);
#3758=STYLED_ITEM('',(#4041),#5741);
#3759=STYLED_ITEM('',(#4042),#5742);
#3760=STYLED_ITEM('',(#4043),#5743);
#3761=STYLED_ITEM('',(#4044),#5744);
#3762=STYLED_ITEM('',(#4045),#5745);
#3763=STYLED_ITEM('',(#4046),#5746);
#3764=STYLED_ITEM('',(#4047),#5747);
#3765=STYLED_ITEM('',(#4048),#5748);
#3766=STYLED_ITEM('',(#4049),#5749);
#3767=STYLED_ITEM('',(#4050),#5750);
#3768=STYLED_ITEM('',(#4051),#5751);
#3769=STYLED_ITEM('',(#4052),#5752);
#3770=STYLED_ITEM('',(#4053),#5753);
#3771=STYLED_ITEM('',(#4054),#5754);
#3772=STYLED_ITEM('',(#4055),#5755);
#3773=STYLED_ITEM('',(#4056),#5756);
#3774=STYLED_ITEM('',(#4057),#5757);
#3775=STYLED_ITEM('',(#4058),#5758);
#3776=STYLED_ITEM('',(#4059),#5759);
#3777=STYLED_ITEM('',(#4060),#5760);
#3778=STYLED_ITEM('',(#4061),#5761);
#3779=STYLED_ITEM('',(#4062),#5762);
#3780=STYLED_ITEM('',(#4063),#5763);
#3781=STYLED_ITEM('',(#4064),#5764);
#3782=STYLED_ITEM('',(#4065),#5765);
#3783=STYLED_ITEM('',(#4066),#5766);
#3784=STYLED_ITEM('',(#4067),#5767);
#3785=STYLED_ITEM('',(#4068),#5768);
#3786=STYLED_ITEM('',(#4069),#5769);
#3787=STYLED_ITEM('',(#4070),#5770);
#3788=STYLED_ITEM('',(#4071),#5771);
#3789=STYLED_ITEM('',(#4072),#5772);
#3790=STYLED_ITEM('',(#4073),#5773);
#3791=STYLED_ITEM('',(#4074),#5774);
#3792=STYLED_ITEM('',(#4075),#5775);
#3793=STYLED_ITEM('',(#4076),#5776);
#3794=STYLED_ITEM('',(#4077),#5777);
#3795=STYLED_ITEM('',(#4078),#5778);
#3796=STYLED_ITEM('',(#4079),#5779);
#3797=STYLED_ITEM('',(#4080),#5780);
#3798=STYLED_ITEM('',(#4081),#5781);
#3799=STYLED_ITEM('',(#4082),#5782);
#3800=STYLED_ITEM('',(#4083),#5783);
#3801=STYLED_ITEM('',(#4084),#5784);
#3802=STYLED_ITEM('',(#4085),#5785);
#3803=STYLED_ITEM('',(#4086),#5786);
#3804=STYLED_ITEM('',(#4087),#5787);
#3805=STYLED_ITEM('',(#4088),#5788);
#3806=STYLED_ITEM('',(#4089),#5789);
#3807=STYLED_ITEM('',(#4090),#5790);
#3808=STYLED_ITEM('',(#4091),#5791);
#3809=STYLED_ITEM('',(#4092),#5792);
#3810=STYLED_ITEM('',(#4093),#5793);
#3811=STYLED_ITEM('',(#4094),#5794);
#3812=STYLED_ITEM('',(#4095),#5795);
#3813=STYLED_ITEM('',(#4096),#5796);
#3814=STYLED_ITEM('',(#4097),#5797);
#3815=STYLED_ITEM('',(#4098),#5798);
#3816=STYLED_ITEM('',(#4099),#5799);
#3817=STYLED_ITEM('',(#4100),#5800);
#3818=STYLED_ITEM('',(#4101),#5801);
#3819=STYLED_ITEM('',(#4102),#5802);
#3820=STYLED_ITEM('',(#4103),#5803);
#3821=STYLED_ITEM('',(#4104),#5804);
#3822=STYLED_ITEM('',(#4105),#5805);
#3823=STYLED_ITEM('',(#4106),#5806);
#3824=STYLED_ITEM('',(#4107),#5807);
#3825=STYLED_ITEM('',(#4108),#5808);
#3826=STYLED_ITEM('',(#4109),#5809);
#3827=STYLED_ITEM('',(#4110),#5810);
#3828=STYLED_ITEM('',(#4111),#5811);
#3829=STYLED_ITEM('',(#4112),#5812);
#3830=STYLED_ITEM('',(#4113),#5813);
#3831=STYLED_ITEM('',(#4114),#5814);
#3832=STYLED_ITEM('',(#4115),#5815);
#3833=STYLED_ITEM('',(#4116),#5816);
#3834=STYLED_ITEM('',(#4117),#5817);
#3835=STYLED_ITEM('',(#4118),#5818);
#3836=STYLED_ITEM('',(#4119),#5819);
#3837=STYLED_ITEM('',(#4120),#5820);
#3838=STYLED_ITEM('',(#4121),#5821);
#3839=STYLED_ITEM('',(#4122),#5822);
#3840=STYLED_ITEM('',(#4123),#5823);
#3841=STYLED_ITEM('',(#4124),#5824);
#3842=STYLED_ITEM('',(#4125),#5825);
#3843=STYLED_ITEM('',(#4126),#5826);
#3844=STYLED_ITEM('',(#4127),#5827);
#3845=STYLED_ITEM('',(#4128),#5828);
#3846=STYLED_ITEM('',(#4129),#5829);
#3847=STYLED_ITEM('',(#4130),#5830);
#3848=STYLED_ITEM('',(#4131),#5831);
#3849=STYLED_ITEM('',(#4132),#5832);
#3850=STYLED_ITEM('',(#4133),#5833);
#3851=STYLED_ITEM('',(#4134),#5834);
#3852=STYLED_ITEM('',(#4135),#5835);
#3853=STYLED_ITEM('',(#4136),#5836);
#3854=STYLED_ITEM('',(#4137),#5837);
#3855=STYLED_ITEM('',(#4138),#5838);
#3856=STYLED_ITEM('',(#4139),#5839);
#3857=STYLED_ITEM('',(#4140),#5840);
#3858=STYLED_ITEM('',(#4141),#5841);
#3859=STYLED_ITEM('',(#4142),#5842);
#3860=STYLED_ITEM('',(#4143),#5843);
#3861=STYLED_ITEM('',(#4144),#5844);
#3862=STYLED_ITEM('',(#4145),#5845);
#3863=STYLED_ITEM('',(#4146),#5846);
#3864=STYLED_ITEM('',(#4147),#5847);
#3865=STYLED_ITEM('',(#4148),#5848);
#3866=STYLED_ITEM('',(#4149),#5849);
#3867=STYLED_ITEM('',(#4150),#5850);
#3868=STYLED_ITEM('',(#4151),#5851);
#3869=STYLED_ITEM('',(#4152),#5852);
#3870=STYLED_ITEM('',(#4153),#5853);
#3871=STYLED_ITEM('',(#4154),#5854);
#3872=STYLED_ITEM('',(#4155),#5855);
#3873=STYLED_ITEM('',(#4156),#5856);
#3874=STYLED_ITEM('',(#4157),#5857);
#3875=STYLED_ITEM('',(#4158),#5858);
#3876=STYLED_ITEM('',(#4159),#5859);
#3877=STYLED_ITEM('',(#4160),#5860);
#3878=STYLED_ITEM('',(#4161),#5861);
#3879=STYLED_ITEM('',(#4162),#5862);
#3880=STYLED_ITEM('',(#4163),#5863);
#3881=STYLED_ITEM('',(#4164),#5864);
#3882=STYLED_ITEM('',(#4165),#5865);
#3883=STYLED_ITEM('',(#4166),#5866);
#3884=STYLED_ITEM('',(#4167),#5867);
#3885=STYLED_ITEM('',(#4168),#5868);
#3886=STYLED_ITEM('',(#4169),#5869);
#3887=STYLED_ITEM('',(#4170),#5870);
#3888=STYLED_ITEM('',(#4171),#5871);
#3889=STYLED_ITEM('',(#4172),#5872);
#3890=STYLED_ITEM('',(#4173),#5873);
#3891=STYLED_ITEM('',(#4174),#5874);
#3892=STYLED_ITEM('',(#4175),#5875);
#3893=STYLED_ITEM('',(#4176),#5876);
#3894=STYLED_ITEM('',(#4177),#5877);
#3895=STYLED_ITEM('',(#4178),#5878);
#3896=STYLED_ITEM('',(#4179),#5879);
#3897=STYLED_ITEM('',(#4180),#5880);
#3898=STYLED_ITEM('',(#4181),#5881);
#3899=STYLED_ITEM('',(#4182),#5882);
#3900=STYLED_ITEM('',(#4183),#5883);
#3901=STYLED_ITEM('',(#4184),#5884);
#3902=STYLED_ITEM('',(#4185),#5885);
#3903=STYLED_ITEM('',(#4186),#5886);
#3904=STYLED_ITEM('',(#4187),#5887);
#3905=STYLED_ITEM('',(#4188),#5888);
#3906=STYLED_ITEM('',(#4189),#5889);
#3907=STYLED_ITEM('',(#4190),#5890);
#3908=STYLED_ITEM('',(#4191),#5891);
#3909=STYLED_ITEM('',(#4192),#5892);
#3910=STYLED_ITEM('',(#4193),#5893);
#3911=STYLED_ITEM('',(#4194),#5894);
#3912=STYLED_ITEM('',(#4195),#5895);
#3913=STYLED_ITEM('',(#4196),#5896);
#3914=STYLED_ITEM('',(#4197),#5897);
#3915=STYLED_ITEM('',(#4198),#5898);
#3916=STYLED_ITEM('',(#4199),#5899);
#3917=STYLED_ITEM('',(#4200),#5900);
#3918=STYLED_ITEM('',(#4201),#5901);
#3919=STYLED_ITEM('',(#4202),#5902);
#3920=STYLED_ITEM('',(#4203),#5903);
#3921=STYLED_ITEM('',(#4204),#5904);
#3922=STYLED_ITEM('',(#4205),#5905);
#3923=STYLED_ITEM('',(#4206),#5906);
#3924=STYLED_ITEM('',(#4207),#5907);
#3925=STYLED_ITEM('',(#4208),#5908);
#3926=STYLED_ITEM('',(#4209),#5909);
#3927=STYLED_ITEM('',(#4210),#5910);
#3928=STYLED_ITEM('',(#4211),#5911);
#3929=STYLED_ITEM('',(#4212),#5912);
#3930=STYLED_ITEM('',(#4213),#5913);
#3931=STYLED_ITEM('',(#4214),#5914);
#3932=STYLED_ITEM('',(#4215),#5915);
#3933=STYLED_ITEM('',(#4216),#5916);
#3934=STYLED_ITEM('',(#4217),#5917);
#3935=STYLED_ITEM('',(#4218),#5918);
#3936=STYLED_ITEM('',(#4219),#5919);
#3937=STYLED_ITEM('',(#4220),#5920);
#3938=STYLED_ITEM('',(#4221),#5921);
#3939=STYLED_ITEM('',(#4222),#5922);
#3940=STYLED_ITEM('',(#4223),#5923);
#3941=STYLED_ITEM('',(#4224),#5924);
#3942=STYLED_ITEM('',(#4225),#5925);
#3943=STYLED_ITEM('',(#4226),#5926);
#3944=STYLED_ITEM('',(#4227),#5927);
#3945=STYLED_ITEM('',(#4228),#5928);
#3946=STYLED_ITEM('',(#4229),#5929);
#3947=STYLED_ITEM('',(#4230),#5930);
#3948=STYLED_ITEM('',(#4231),#5931);
#3949=STYLED_ITEM('',(#4232),#5932);
#3950=STYLED_ITEM('',(#4233),#5933);
#3951=STYLED_ITEM('',(#4234),#5934);
#3952=STYLED_ITEM('',(#4235),#5935);
#3953=STYLED_ITEM('',(#4236),#5936);
#3954=STYLED_ITEM('',(#4237),#5937);
#3955=STYLED_ITEM('',(#4238),#5938);
#3956=STYLED_ITEM('',(#4239),#5939);
#3957=STYLED_ITEM('',(#4240),#5940);
#3958=STYLED_ITEM('',(#4241),#5941);
#3959=STYLED_ITEM('',(#4242),#5942);
#3960=STYLED_ITEM('',(#4243),#5943);
#3961=STYLED_ITEM('',(#4244),#5944);
#3962=STYLED_ITEM('',(#4245),#5945);
#3963=STYLED_ITEM('',(#4246),#5946);
#3964=STYLED_ITEM('',(#4247),#5947);
#3965=STYLED_ITEM('',(#4248),#5948);
#3966=STYLED_ITEM('',(#4249),#5949);
#3967=STYLED_ITEM('',(#4250),#5950);
#3968=STYLED_ITEM('',(#4251),#5951);
#3969=STYLED_ITEM('',(#4252),#5952);
#3970=STYLED_ITEM('',(#4253),#5953);
#3971=STYLED_ITEM('',(#4254),#5954);
#3972=STYLED_ITEM('',(#4255),#5955);
#3973=STYLED_ITEM('',(#4256),#5956);
#3974=STYLED_ITEM('',(#4257),#5957);
#3975=STYLED_ITEM('',(#4258),#5958);
#3976=STYLED_ITEM('',(#4259),#5959);
#3977=STYLED_ITEM('',(#4260),#5960);
#3978=STYLED_ITEM('',(#4261),#5961);
#3979=STYLED_ITEM('',(#4262),#5962);
#3980=STYLED_ITEM('',(#4263),#5963);
#3981=STYLED_ITEM('',(#4264),#5964);
#3982=STYLED_ITEM('',(#4265),#5965);
#3983=STYLED_ITEM('',(#4266),#5966);
#3984=STYLED_ITEM('',(#4267),#5967);
#3985=STYLED_ITEM('',(#4268),#5968);
#3986=STYLED_ITEM('',(#4269),#5969);
#3987=STYLED_ITEM('',(#4270),#5970);
#3988=STYLED_ITEM('',(#4271),#5971);
#3989=STYLED_ITEM('',(#4272),#5972);
#3990=STYLED_ITEM('',(#4273),#5973);
#3991=STYLED_ITEM('',(#4274),#5974);
#3992=STYLED_ITEM('',(#4275),#5975);
#3993=STYLED_ITEM('',(#4276),#5976);
#3994=STYLED_ITEM('',(#4277),#5977);
#3995=STYLED_ITEM('',(#4278),#5978);
#3996=STYLED_ITEM('',(#4279),#5979);
#3997=STYLED_ITEM('',(#4280),#5980);
#3998=STYLED_ITEM('',(#4281),#5981);
#3999=STYLED_ITEM('',(#4282),#5982);
#4000=STYLED_ITEM('',(#4283),#5983);
#4001=STYLED_ITEM('',(#4284),#5984);
#4002=STYLED_ITEM('',(#4285),#5985);
#4003=STYLED_ITEM('',(#4286),#5986);
#4004=STYLED_ITEM('',(#4287),#5987);
#4005=STYLED_ITEM('',(#4288),#5988);
#4006=STYLED_ITEM('',(#4289),#5989);
#4007=STYLED_ITEM('',(#4290),#5990);
#4008=STYLED_ITEM('',(#4291),#5991);
#4009=STYLED_ITEM('',(#4292),#5992);
#4010=STYLED_ITEM('',(#4293),#5993);
#4011=STYLED_ITEM('',(#4294),#5994);
#4012=STYLED_ITEM('',(#4295),#5995);
#4013=STYLED_ITEM('',(#4296),#5996);
#4014=STYLED_ITEM('',(#4297),#5997);
#4015=STYLED_ITEM('',(#4298),#5998);
#4016=STYLED_ITEM('',(#4299),#5999);
#4017=STYLED_ITEM('',(#4300),#6000);
#4018=STYLED_ITEM('',(#4301),#6001);
#4019=STYLED_ITEM('',(#4302),#6002);
#4020=STYLED_ITEM('',(#4303),#6003);
#4021=STYLED_ITEM('',(#4304),#6004);
#4022=STYLED_ITEM('',(#4305),#6005);
#4023=STYLED_ITEM('',(#4306),#6006);
#4024=STYLED_ITEM('',(#4307),#6007);
#4025=STYLED_ITEM('',(#4308),#6008);
#4026=STYLED_ITEM('',(#4309),#6009);
#4027=STYLED_ITEM('',(#4310),#6010);
#4028=STYLED_ITEM('',(#4311),#6011);
#4029=STYLED_ITEM('',(#4312),#6012);
#4030=STYLED_ITEM('',(#4313),#6013);
#4031=PRESENTATION_STYLE_ASSIGNMENT((#4314));
#4032=PRESENTATION_STYLE_ASSIGNMENT((#4315));
#4033=PRESENTATION_STYLE_ASSIGNMENT((#4316));
#4034=PRESENTATION_STYLE_ASSIGNMENT((#4317));
#4035=PRESENTATION_STYLE_ASSIGNMENT((#4318));
#4036=PRESENTATION_STYLE_ASSIGNMENT((#4319));
#4037=PRESENTATION_STYLE_ASSIGNMENT((#4320));
#4038=PRESENTATION_STYLE_ASSIGNMENT((#4321));
#4039=PRESENTATION_STYLE_ASSIGNMENT((#4322));
#4040=PRESENTATION_STYLE_ASSIGNMENT((#4323));
#4041=PRESENTATION_STYLE_ASSIGNMENT((#4324));
#4042=PRESENTATION_STYLE_ASSIGNMENT((#4325));
#4043=PRESENTATION_STYLE_ASSIGNMENT((#4326));
#4044=PRESENTATION_STYLE_ASSIGNMENT((#4327));
#4045=PRESENTATION_STYLE_ASSIGNMENT((#4328));
#4046=PRESENTATION_STYLE_ASSIGNMENT((#4329));
#4047=PRESENTATION_STYLE_ASSIGNMENT((#4330));
#4048=PRESENTATION_STYLE_ASSIGNMENT((#4331));
#4049=PRESENTATION_STYLE_ASSIGNMENT((#4332));
#4050=PRESENTATION_STYLE_ASSIGNMENT((#4333));
#4051=PRESENTATION_STYLE_ASSIGNMENT((#4334));
#4052=PRESENTATION_STYLE_ASSIGNMENT((#4335));
#4053=PRESENTATION_STYLE_ASSIGNMENT((#4336));
#4054=PRESENTATION_STYLE_ASSIGNMENT((#4337));
#4055=PRESENTATION_STYLE_ASSIGNMENT((#4338));
#4056=PRESENTATION_STYLE_ASSIGNMENT((#4339));
#4057=PRESENTATION_STYLE_ASSIGNMENT((#4340));
#4058=PRESENTATION_STYLE_ASSIGNMENT((#4341));
#4059=PRESENTATION_STYLE_ASSIGNMENT((#4342));
#4060=PRESENTATION_STYLE_ASSIGNMENT((#4343));
#4061=PRESENTATION_STYLE_ASSIGNMENT((#4344));
#4062=PRESENTATION_STYLE_ASSIGNMENT((#4345));
#4063=PRESENTATION_STYLE_ASSIGNMENT((#4346));
#4064=PRESENTATION_STYLE_ASSIGNMENT((#4347));
#4065=PRESENTATION_STYLE_ASSIGNMENT((#4348));
#4066=PRESENTATION_STYLE_ASSIGNMENT((#4349));
#4067=PRESENTATION_STYLE_ASSIGNMENT((#4350));
#4068=PRESENTATION_STYLE_ASSIGNMENT((#4351));
#4069=PRESENTATION_STYLE_ASSIGNMENT((#4352));
#4070=PRESENTATION_STYLE_ASSIGNMENT((#4353));
#4071=PRESENTATION_STYLE_ASSIGNMENT((#4354));
#4072=PRESENTATION_STYLE_ASSIGNMENT((#4355));
#4073=PRESENTATION_STYLE_ASSIGNMENT((#4356));
#4074=PRESENTATION_STYLE_ASSIGNMENT((#4357));
#4075=PRESENTATION_STYLE_ASSIGNMENT((#4358));
#4076=PRESENTATION_STYLE_ASSIGNMENT((#4359));
#4077=PRESENTATION_STYLE_ASSIGNMENT((#4360));
#4078=PRESENTATION_STYLE_ASSIGNMENT((#4361));
#4079=PRESENTATION_STYLE_ASSIGNMENT((#4362));
#4080=PRESENTATION_STYLE_ASSIGNMENT((#4363));
#4081=PRESENTATION_STYLE_ASSIGNMENT((#4364));
#4082=PRESENTATION_STYLE_ASSIGNMENT((#4365));
#4083=PRESENTATION_STYLE_ASSIGNMENT((#4366));
#4084=PRESENTATION_STYLE_ASSIGNMENT((#4367));
#4085=PRESENTATION_STYLE_ASSIGNMENT((#4368));
#4086=PRESENTATION_STYLE_ASSIGNMENT((#4369));
#4087=PRESENTATION_STYLE_ASSIGNMENT((#4370));
#4088=PRESENTATION_STYLE_ASSIGNMENT((#4371));
#4089=PRESENTATION_STYLE_ASSIGNMENT((#4372));
#4090=PRESENTATION_STYLE_ASSIGNMENT((#4373));
#4091=PRESENTATION_STYLE_ASSIGNMENT((#4374));
#4092=PRESENTATION_STYLE_ASSIGNMENT((#4375));
#4093=PRESENTATION_STYLE_ASSIGNMENT((#4376));
#4094=PRESENTATION_STYLE_ASSIGNMENT((#4377));
#4095=PRESENTATION_STYLE_ASSIGNMENT((#4378));
#4096=PRESENTATION_STYLE_ASSIGNMENT((#4379));
#4097=PRESENTATION_STYLE_ASSIGNMENT((#4380));
#4098=PRESENTATION_STYLE_ASSIGNMENT((#4381));
#4099=PRESENTATION_STYLE_ASSIGNMENT((#4382));
#4100=PRESENTATION_STYLE_ASSIGNMENT((#4383));
#4101=PRESENTATION_STYLE_ASSIGNMENT((#4384));
#4102=PRESENTATION_STYLE_ASSIGNMENT((#4385));
#4103=PRESENTATION_STYLE_ASSIGNMENT((#4386));
#4104=PRESENTATION_STYLE_ASSIGNMENT((#4387));
#4105=PRESENTATION_STYLE_ASSIGNMENT((#4388));
#4106=PRESENTATION_STYLE_ASSIGNMENT((#4389));
#4107=PRESENTATION_STYLE_ASSIGNMENT((#4390));
#4108=PRESENTATION_STYLE_ASSIGNMENT((#4391));
#4109=PRESENTATION_STYLE_ASSIGNMENT((#4392));
#4110=PRESENTATION_STYLE_ASSIGNMENT((#4393));
#4111=PRESENTATION_STYLE_ASSIGNMENT((#4394));
#4112=PRESENTATION_STYLE_ASSIGNMENT((#4395));
#4113=PRESENTATION_STYLE_ASSIGNMENT((#4396));
#4114=PRESENTATION_STYLE_ASSIGNMENT((#4397));
#4115=PRESENTATION_STYLE_ASSIGNMENT((#4398));
#4116=PRESENTATION_STYLE_ASSIGNMENT((#4399));
#4117=PRESENTATION_STYLE_ASSIGNMENT((#4400));
#4118=PRESENTATION_STYLE_ASSIGNMENT((#4401));
#4119=PRESENTATION_STYLE_ASSIGNMENT((#4402));
#4120=PRESENTATION_STYLE_ASSIGNMENT((#4403));
#4121=PRESENTATION_STYLE_ASSIGNMENT((#4404));
#4122=PRESENTATION_STYLE_ASSIGNMENT((#4405));
#4123=PRESENTATION_STYLE_ASSIGNMENT((#4406));
#4124=PRESENTATION_STYLE_ASSIGNMENT((#4407));
#4125=PRESENTATION_STYLE_ASSIGNMENT((#4408));
#4126=PRESENTATION_STYLE_ASSIGNMENT((#4409));
#4127=PRESENTATION_STYLE_ASSIGNMENT((#4410));
#4128=PRESENTATION_STYLE_ASSIGNMENT((#4411));
#4129=PRESENTATION_STYLE_ASSIGNMENT((#4412));
#4130=PRESENTATION_STYLE_ASSIGNMENT((#4413));
#4131=PRESENTATION_STYLE_ASSIGNMENT((#4414));
#4132=PRESENTATION_STYLE_ASSIGNMENT((#4415));
#4133=PRESENTATION_STYLE_ASSIGNMENT((#4416));
#4134=PRESENTATION_STYLE_ASSIGNMENT((#4417));
#4135=PRESENTATION_STYLE_ASSIGNMENT((#4418));
#4136=PRESENTATION_STYLE_ASSIGNMENT((#4419));
#4137=PRESENTATION_STYLE_ASSIGNMENT((#4420));
#4138=PRESENTATION_STYLE_ASSIGNMENT((#4421));
#4139=PRESENTATION_STYLE_ASSIGNMENT((#4422));
#4140=PRESENTATION_STYLE_ASSIGNMENT((#4423));
#4141=PRESENTATION_STYLE_ASSIGNMENT((#4424));
#4142=PRESENTATION_STYLE_ASSIGNMENT((#4425));
#4143=PRESENTATION_STYLE_ASSIGNMENT((#4426));
#4144=PRESENTATION_STYLE_ASSIGNMENT((#4427));
#4145=PRESENTATION_STYLE_ASSIGNMENT((#4428));
#4146=PRESENTATION_STYLE_ASSIGNMENT((#4429));
#4147=PRESENTATION_STYLE_ASSIGNMENT((#4430));
#4148=PRESENTATION_STYLE_ASSIGNMENT((#4431));
#4149=PRESENTATION_STYLE_ASSIGNMENT((#4432));
#4150=PRESENTATION_STYLE_ASSIGNMENT((#4433));
#4151=PRESENTATION_STYLE_ASSIGNMENT((#4434));
#4152=PRESENTATION_STYLE_ASSIGNMENT((#4435));
#4153=PRESENTATION_STYLE_ASSIGNMENT((#4436));
#4154=PRESENTATION_STYLE_ASSIGNMENT((#4437));
#4155=PRESENTATION_STYLE_ASSIGNMENT((#4438));
#4156=PRESENTATION_STYLE_ASSIGNMENT((#4439));
#4157=PRESENTATION_STYLE_ASSIGNMENT((#4440));
#4158=PRESENTATION_STYLE_ASSIGNMENT((#4441));
#4159=PRESENTATION_STYLE_ASSIGNMENT((#4442));
#4160=PRESENTATION_STYLE_ASSIGNMENT((#4443));
#4161=PRESENTATION_STYLE_ASSIGNMENT((#4444));
#4162=PRESENTATION_STYLE_ASSIGNMENT((#4445));
#4163=PRESENTATION_STYLE_ASSIGNMENT((#4446));
#4164=PRESENTATION_STYLE_ASSIGNMENT((#4447));
#4165=PRESENTATION_STYLE_ASSIGNMENT((#4448));
#4166=PRESENTATION_STYLE_ASSIGNMENT((#4449));
#4167=PRESENTATION_STYLE_ASSIGNMENT((#4450));
#4168=PRESENTATION_STYLE_ASSIGNMENT((#4451));
#4169=PRESENTATION_STYLE_ASSIGNMENT((#4452));
#4170=PRESENTATION_STYLE_ASSIGNMENT((#4453));
#4171=PRESENTATION_STYLE_ASSIGNMENT((#4454));
#4172=PRESENTATION_STYLE_ASSIGNMENT((#4455));
#4173=PRESENTATION_STYLE_ASSIGNMENT((#4456));
#4174=PRESENTATION_STYLE_ASSIGNMENT((#4457));
#4175=PRESENTATION_STYLE_ASSIGNMENT((#4458));
#4176=PRESENTATION_STYLE_ASSIGNMENT((#4459));
#4177=PRESENTATION_STYLE_ASSIGNMENT((#4460));
#4178=PRESENTATION_STYLE_ASSIGNMENT((#4461));
#4179=PRESENTATION_STYLE_ASSIGNMENT((#4462));
#4180=PRESENTATION_STYLE_ASSIGNMENT((#4463));
#4181=PRESENTATION_STYLE_ASSIGNMENT((#4464));
#4182=PRESENTATION_STYLE_ASSIGNMENT((#4465));
#4183=PRESENTATION_STYLE_ASSIGNMENT((#4466));
#4184=PRESENTATION_STYLE_ASSIGNMENT((#4467));
#4185=PRESENTATION_STYLE_ASSIGNMENT((#4468));
#4186=PRESENTATION_STYLE_ASSIGNMENT((#4469));
#4187=PRESENTATION_STYLE_ASSIGNMENT((#4470));
#4188=PRESENTATION_STYLE_ASSIGNMENT((#4471));
#4189=PRESENTATION_STYLE_ASSIGNMENT((#4472));
#4190=PRESENTATION_STYLE_ASSIGNMENT((#4473));
#4191=PRESENTATION_STYLE_ASSIGNMENT((#4474));
#4192=PRESENTATION_STYLE_ASSIGNMENT((#4475));
#4193=PRESENTATION_STYLE_ASSIGNMENT((#4476));
#4194=PRESENTATION_STYLE_ASSIGNMENT((#4477));
#4195=PRESENTATION_STYLE_ASSIGNMENT((#4478));
#4196=PRESENTATION_STYLE_ASSIGNMENT((#4479));
#4197=PRESENTATION_STYLE_ASSIGNMENT((#4480));
#4198=PRESENTATION_STYLE_ASSIGNMENT((#4481));
#4199=PRESENTATION_STYLE_ASSIGNMENT((#4482));
#4200=PRESENTATION_STYLE_ASSIGNMENT((#4483));
#4201=PRESENTATION_STYLE_ASSIGNMENT((#4484));
#4202=PRESENTATION_STYLE_ASSIGNMENT((#4485));
#4203=PRESENTATION_STYLE_ASSIGNMENT((#4486));
#4204=PRESENTATION_STYLE_ASSIGNMENT((#4487));
#4205=PRESENTATION_STYLE_ASSIGNMENT((#4488));
#4206=PRESENTATION_STYLE_ASSIGNMENT((#4489));
#4207=PRESENTATION_STYLE_ASSIGNMENT((#4490));
#4208=PRESENTATION_STYLE_ASSIGNMENT((#4491));
#4209=PRESENTATION_STYLE_ASSIGNMENT((#4492));
#4210=PRESENTATION_STYLE_ASSIGNMENT((#4493));
#4211=PRESENTATION_STYLE_ASSIGNMENT((#4494));
#4212=PRESENTATION_STYLE_ASSIGNMENT((#4495));
#4213=PRESENTATION_STYLE_ASSIGNMENT((#4496));
#4214=PRESENTATION_STYLE_ASSIGNMENT((#4497));
#4215=PRESENTATION_STYLE_ASSIGNMENT((#4498));
#4216=PRESENTATION_STYLE_ASSIGNMENT((#4499));
#4217=PRESENTATION_STYLE_ASSIGNMENT((#4500));
#4218=PRESENTATION_STYLE_ASSIGNMENT((#4501));
#4219=PRESENTATION_STYLE_ASSIGNMENT((#4502));
#4220=PRESENTATION_STYLE_ASSIGNMENT((#4503));
#4221=PRESENTATION_STYLE_ASSIGNMENT((#4504));
#4222=PRESENTATION_STYLE_ASSIGNMENT((#4505));
#4223=PRESENTATION_STYLE_ASSIGNMENT((#4506));
#4224=PRESENTATION_STYLE_ASSIGNMENT((#4507));
#4225=PRESENTATION_STYLE_ASSIGNMENT((#4508));
#4226=PRESENTATION_STYLE_ASSIGNMENT((#4509));
#4227=PRESENTATION_STYLE_ASSIGNMENT((#4510));
#4228=PRESENTATION_STYLE_ASSIGNMENT((#4511));
#4229=PRESENTATION_STYLE_ASSIGNMENT((#4512));
#4230=PRESENTATION_STYLE_ASSIGNMENT((#4513));
#4231=PRESENTATION_STYLE_ASSIGNMENT((#4514));
#4232=PRESENTATION_STYLE_ASSIGNMENT((#4515));
#4233=PRESENTATION_STYLE_ASSIGNMENT((#4516));
#4234=PRESENTATION_STYLE_ASSIGNMENT((#4517));
#4235=PRESENTATION_STYLE_ASSIGNMENT((#4518));
#4236=PRESENTATION_STYLE_ASSIGNMENT((#4519));
#4237=PRESENTATION_STYLE_ASSIGNMENT((#4520));
#4238=PRESENTATION_STYLE_ASSIGNMENT((#4521));
#4239=PRESENTATION_STYLE_ASSIGNMENT((#4522));
#4240=PRESENTATION_STYLE_ASSIGNMENT((#4523));
#4241=PRESENTATION_STYLE_ASSIGNMENT((#4524));
#4242=PRESENTATION_STYLE_ASSIGNMENT((#4525));
#4243=PRESENTATION_STYLE_ASSIGNMENT((#4526));
#4244=PRESENTATION_STYLE_ASSIGNMENT((#4527));
#4245=PRESENTATION_STYLE_ASSIGNMENT((#4528));
#4246=PRESENTATION_STYLE_ASSIGNMENT((#4529));
#4247=PRESENTATION_STYLE_ASSIGNMENT((#4530));
#4248=PRESENTATION_STYLE_ASSIGNMENT((#4531));
#4249=PRESENTATION_STYLE_ASSIGNMENT((#4532));
#4250=PRESENTATION_STYLE_ASSIGNMENT((#4533));
#4251=PRESENTATION_STYLE_ASSIGNMENT((#4534));
#4252=PRESENTATION_STYLE_ASSIGNMENT((#4535));
#4253=PRESENTATION_STYLE_ASSIGNMENT((#4536));
#4254=PRESENTATION_STYLE_ASSIGNMENT((#4537));
#4255=PRESENTATION_STYLE_ASSIGNMENT((#4538));
#4256=PRESENTATION_STYLE_ASSIGNMENT((#4539));
#4257=PRESENTATION_STYLE_ASSIGNMENT((#4540));
#4258=PRESENTATION_STYLE_ASSIGNMENT((#4541));
#4259=PRESENTATION_STYLE_ASSIGNMENT((#4542));
#4260=PRESENTATION_STYLE_ASSIGNMENT((#4543));
#4261=PRESENTATION_STYLE_ASSIGNMENT((#4544));
#4262=PRESENTATION_STYLE_ASSIGNMENT((#4545));
#4263=PRESENTATION_STYLE_ASSIGNMENT((#4546));
#4264=PRESENTATION_STYLE_ASSIGNMENT((#4547));
#4265=PRESENTATION_STYLE_ASSIGNMENT((#4548));
#4266=PRESENTATION_STYLE_ASSIGNMENT((#4549));
#4267=PRESENTATION_STYLE_ASSIGNMENT((#4550));
#4268=PRESENTATION_STYLE_ASSIGNMENT((#4551));
#4269=PRESENTATION_STYLE_ASSIGNMENT((#4552));
#4270=PRESENTATION_STYLE_ASSIGNMENT((#4553));
#4271=PRESENTATION_STYLE_ASSIGNMENT((#4554));
#4272=PRESENTATION_STYLE_ASSIGNMENT((#4555));
#4273=PRESENTATION_STYLE_ASSIGNMENT((#4556));
#4274=PRESENTATION_STYLE_ASSIGNMENT((#4557));
#4275=PRESENTATION_STYLE_ASSIGNMENT((#4558));
#4276=PRESENTATION_STYLE_ASSIGNMENT((#4559));
#4277=PRESENTATION_STYLE_ASSIGNMENT((#4560));
#4278=PRESENTATION_STYLE_ASSIGNMENT((#4561));
#4279=PRESENTATION_STYLE_ASSIGNMENT((#4562));
#4280=PRESENTATION_STYLE_ASSIGNMENT((#4563));
#4281=PRESENTATION_STYLE_ASSIGNMENT((#4564));
#4282=PRESENTATION_STYLE_ASSIGNMENT((#4565));
#4283=PRESENTATION_STYLE_ASSIGNMENT((#4566));
#4284=PRESENTATION_STYLE_ASSIGNMENT((#4567));
#4285=PRESENTATION_STYLE_ASSIGNMENT((#4568));
#4286=PRESENTATION_STYLE_ASSIGNMENT((#4569));
#4287=PRESENTATION_STYLE_ASSIGNMENT((#4570));
#4288=PRESENTATION_STYLE_ASSIGNMENT((#4571));
#4289=PRESENTATION_STYLE_ASSIGNMENT((#4572));
#4290=PRESENTATION_STYLE_ASSIGNMENT((#4573));
#4291=PRESENTATION_STYLE_ASSIGNMENT((#4574));
#4292=PRESENTATION_STYLE_ASSIGNMENT((#4575));
#4293=PRESENTATION_STYLE_ASSIGNMENT((#4576));
#4294=PRESENTATION_STYLE_ASSIGNMENT((#4577));
#4295=PRESENTATION_STYLE_ASSIGNMENT((#4578));
#4296=PRESENTATION_STYLE_ASSIGNMENT((#4579));
#4297=PRESENTATION_STYLE_ASSIGNMENT((#4580));
#4298=PRESENTATION_STYLE_ASSIGNMENT((#4581));
#4299=PRESENTATION_STYLE_ASSIGNMENT((#4582));
#4300=PRESENTATION_STYLE_ASSIGNMENT((#4583));
#4301=PRESENTATION_STYLE_ASSIGNMENT((#4584));
#4302=PRESENTATION_STYLE_ASSIGNMENT((#4585));
#4303=PRESENTATION_STYLE_ASSIGNMENT((#4586));
#4304=PRESENTATION_STYLE_ASSIGNMENT((#4587));
#4305=PRESENTATION_STYLE_ASSIGNMENT((#4588));
#4306=PRESENTATION_STYLE_ASSIGNMENT((#4589));
#4307=PRESENTATION_STYLE_ASSIGNMENT((#4590));
#4308=PRESENTATION_STYLE_ASSIGNMENT((#4591));
#4309=PRESENTATION_STYLE_ASSIGNMENT((#4592));
#4310=PRESENTATION_STYLE_ASSIGNMENT((#4593));
#4311=PRESENTATION_STYLE_ASSIGNMENT((#4594));
#4312=PRESENTATION_STYLE_ASSIGNMENT((#4595));
#4313=PRESENTATION_STYLE_ASSIGNMENT((#4596));
#4314=SURFACE_STYLE_USAGE(.BOTH.,#4597);
#4315=SURFACE_STYLE_USAGE(.BOTH.,#4598);
#4316=SURFACE_STYLE_USAGE(.BOTH.,#4599);
#4317=SURFACE_STYLE_USAGE(.BOTH.,#4600);
#4318=SURFACE_STYLE_USAGE(.BOTH.,#4601);
#4319=SURFACE_STYLE_USAGE(.BOTH.,#4602);
#4320=SURFACE_STYLE_USAGE(.BOTH.,#4603);
#4321=SURFACE_STYLE_USAGE(.BOTH.,#4604);
#4322=SURFACE_STYLE_USAGE(.BOTH.,#4605);
#4323=SURFACE_STYLE_USAGE(.BOTH.,#4606);
#4324=SURFACE_STYLE_USAGE(.BOTH.,#4607);
#4325=SURFACE_STYLE_USAGE(.BOTH.,#4608);
#4326=SURFACE_STYLE_USAGE(.BOTH.,#4609);
#4327=SURFACE_STYLE_USAGE(.BOTH.,#4610);
#4328=SURFACE_STYLE_USAGE(.BOTH.,#4611);
#4329=SURFACE_STYLE_USAGE(.BOTH.,#4612);
#4330=SURFACE_STYLE_USAGE(.BOTH.,#4613);
#4331=SURFACE_STYLE_USAGE(.BOTH.,#4614);
#4332=SURFACE_STYLE_USAGE(.BOTH.,#4615);
#4333=SURFACE_STYLE_USAGE(.BOTH.,#4616);
#4334=SURFACE_STYLE_USAGE(.BOTH.,#4617);
#4335=SURFACE_STYLE_USAGE(.BOTH.,#4618);
#4336=SURFACE_STYLE_USAGE(.BOTH.,#4619);
#4337=SURFACE_STYLE_USAGE(.BOTH.,#4620);
#4338=SURFACE_STYLE_USAGE(.BOTH.,#4621);
#4339=SURFACE_STYLE_USAGE(.BOTH.,#4622);
#4340=SURFACE_STYLE_USAGE(.BOTH.,#4623);
#4341=SURFACE_STYLE_USAGE(.BOTH.,#4624);
#4342=SURFACE_STYLE_USAGE(.BOTH.,#4625);
#4343=SURFACE_STYLE_USAGE(.BOTH.,#4626);
#4344=SURFACE_STYLE_USAGE(.BOTH.,#4627);
#4345=SURFACE_STYLE_USAGE(.BOTH.,#4628);
#4346=SURFACE_STYLE_USAGE(.BOTH.,#4629);
#4347=SURFACE_STYLE_USAGE(.BOTH.,#4630);
#4348=SURFACE_STYLE_USAGE(.BOTH.,#4631);
#4349=SURFACE_STYLE_USAGE(.BOTH.,#4632);
#4350=SURFACE_STYLE_USAGE(.BOTH.,#4633);
#4351=SURFACE_STYLE_USAGE(.BOTH.,#4634);
#4352=SURFACE_STYLE_USAGE(.BOTH.,#4635);
#4353=SURFACE_STYLE_USAGE(.BOTH.,#4636);
#4354=SURFACE_STYLE_USAGE(.BOTH.,#4637);
#4355=SURFACE_STYLE_USAGE(.BOTH.,#4638);
#4356=SURFACE_STYLE_USAGE(.BOTH.,#4639);
#4357=SURFACE_STYLE_USAGE(.BOTH.,#4640);
#4358=SURFACE_STYLE_USAGE(.BOTH.,#4641);
#4359=SURFACE_STYLE_USAGE(.BOTH.,#4642);
#4360=SURFACE_STYLE_USAGE(.BOTH.,#4643);
#4361=SURFACE_STYLE_USAGE(.BOTH.,#4644);
#4362=SURFACE_STYLE_USAGE(.BOTH.,#4645);
#4363=SURFACE_STYLE_USAGE(.BOTH.,#4646);
#4364=SURFACE_STYLE_USAGE(.BOTH.,#4647);
#4365=SURFACE_STYLE_USAGE(.BOTH.,#4648);
#4366=SURFACE_STYLE_USAGE(.BOTH.,#4649);
#4367=SURFACE_STYLE_USAGE(.BOTH.,#4650);
#4368=SURFACE_STYLE_USAGE(.BOTH.,#4651);
#4369=SURFACE_STYLE_USAGE(.BOTH.,#4652);
#4370=SURFACE_STYLE_USAGE(.BOTH.,#4653);
#4371=SURFACE_STYLE_USAGE(.BOTH.,#4654);
#4372=SURFACE_STYLE_USAGE(.BOTH.,#4655);
#4373=SURFACE_STYLE_USAGE(.BOTH.,#4656);
#4374=SURFACE_STYLE_USAGE(.BOTH.,#4657);
#4375=SURFACE_STYLE_USAGE(.BOTH.,#4658);
#4376=SURFACE_STYLE_USAGE(.BOTH.,#4659);
#4377=SURFACE_STYLE_USAGE(.BOTH.,#4660);
#4378=SURFACE_STYLE_USAGE(.BOTH.,#4661);
#4379=SURFACE_STYLE_USAGE(.BOTH.,#4662);
#4380=SURFACE_STYLE_USAGE(.BOTH.,#4663);
#4381=SURFACE_STYLE_USAGE(.BOTH.,#4664);
#4382=SURFACE_STYLE_USAGE(.BOTH.,#4665);
#4383=SURFACE_STYLE_USAGE(.BOTH.,#4666);
#4384=SURFACE_STYLE_USAGE(.BOTH.,#4667);
#4385=SURFACE_STYLE_USAGE(.BOTH.,#4668);
#4386=SURFACE_STYLE_USAGE(.BOTH.,#4669);
#4387=SURFACE_STYLE_USAGE(.BOTH.,#4670);
#4388=SURFACE_STYLE_USAGE(.BOTH.,#4671);
#4389=SURFACE_STYLE_USAGE(.BOTH.,#4672);
#4390=SURFACE_STYLE_USAGE(.BOTH.,#4673);
#4391=SURFACE_STYLE_USAGE(.BOTH.,#4674);
#4392=SURFACE_STYLE_USAGE(.BOTH.,#4675);
#4393=SURFACE_STYLE_USAGE(.BOTH.,#4676);
#4394=SURFACE_STYLE_USAGE(.BOTH.,#4677);
#4395=SURFACE_STYLE_USAGE(.BOTH.,#4678);
#4396=SURFACE_STYLE_USAGE(.BOTH.,#4679);
#4397=SURFACE_STYLE_USAGE(.BOTH.,#4680);
#4398=SURFACE_STYLE_USAGE(.BOTH.,#4681);
#4399=SURFACE_STYLE_USAGE(.BOTH.,#4682);
#4400=SURFACE_STYLE_USAGE(.BOTH.,#4683);
#4401=SURFACE_STYLE_USAGE(.BOTH.,#4684);
#4402=SURFACE_STYLE_USAGE(.BOTH.,#4685);
#4403=SURFACE_STYLE_USAGE(.BOTH.,#4686);
#4404=SURFACE_STYLE_USAGE(.BOTH.,#4687);
#4405=SURFACE_STYLE_USAGE(.BOTH.,#4688);
#4406=SURFACE_STYLE_USAGE(.BOTH.,#4689);
#4407=SURFACE_STYLE_USAGE(.BOTH.,#4690);
#4408=SURFACE_STYLE_USAGE(.BOTH.,#4691);
#4409=SURFACE_STYLE_USAGE(.BOTH.,#4692);
#4410=SURFACE_STYLE_USAGE(.BOTH.,#4693);
#4411=SURFACE_STYLE_USAGE(.BOTH.,#4694);
#4412=SURFACE_STYLE_USAGE(.BOTH.,#4695);
#4413=SURFACE_STYLE_USAGE(.BOTH.,#4696);
#4414=SURFACE_STYLE_USAGE(.BOTH.,#4697);
#4415=SURFACE_STYLE_USAGE(.BOTH.,#4698);
#4416=SURFACE_STYLE_USAGE(.BOTH.,#4699);
#4417=SURFACE_STYLE_USAGE(.BOTH.,#4700);
#4418=SURFACE_STYLE_USAGE(.BOTH.,#4701);
#4419=SURFACE_STYLE_USAGE(.BOTH.,#4702);
#4420=SURFACE_STYLE_USAGE(.BOTH.,#4703);
#4421=SURFACE_STYLE_USAGE(.BOTH.,#4704);
#4422=SURFACE_STYLE_USAGE(.BOTH.,#4705);
#4423=SURFACE_STYLE_USAGE(.BOTH.,#4706);
#4424=SURFACE_STYLE_USAGE(.BOTH.,#4707);
#4425=SURFACE_STYLE_USAGE(.BOTH.,#4708);
#4426=SURFACE_STYLE_USAGE(.BOTH.,#4709);
#4427=SURFACE_STYLE_USAGE(.BOTH.,#4710);
#4428=SURFACE_STYLE_USAGE(.BOTH.,#4711);
#4429=SURFACE_STYLE_USAGE(.BOTH.,#4712);
#4430=SURFACE_STYLE_USAGE(.BOTH.,#4713);
#4431=SURFACE_STYLE_USAGE(.BOTH.,#4714);
#4432=SURFACE_STYLE_USAGE(.BOTH.,#4715);
#4433=SURFACE_STYLE_USAGE(.BOTH.,#4716);
#4434=SURFACE_STYLE_USAGE(.BOTH.,#4717);
#4435=SURFACE_STYLE_USAGE(.BOTH.,#4718);
#4436=SURFACE_STYLE_USAGE(.BOTH.,#4719);
#4437=SURFACE_STYLE_USAGE(.BOTH.,#4720);
#4438=SURFACE_STYLE_USAGE(.BOTH.,#4721);
#4439=SURFACE_STYLE_USAGE(.BOTH.,#4722);
#4440=SURFACE_STYLE_USAGE(.BOTH.,#4723);
#4441=SURFACE_STYLE_USAGE(.BOTH.,#4724);
#4442=SURFACE_STYLE_USAGE(.BOTH.,#4725);
#4443=SURFACE_STYLE_USAGE(.BOTH.,#4726);
#4444=SURFACE_STYLE_USAGE(.BOTH.,#4727);
#4445=SURFACE_STYLE_USAGE(.BOTH.,#4728);
#4446=SURFACE_STYLE_USAGE(.BOTH.,#4729);
#4447=SURFACE_STYLE_USAGE(.BOTH.,#4730);
#4448=SURFACE_STYLE_USAGE(.BOTH.,#4731);
#4449=SURFACE_STYLE_USAGE(.BOTH.,#4732);
#4450=SURFACE_STYLE_USAGE(.BOTH.,#4733);
#4451=SURFACE_STYLE_USAGE(.BOTH.,#4734);
#4452=SURFACE_STYLE_USAGE(.BOTH.,#4735);
#4453=SURFACE_STYLE_USAGE(.BOTH.,#4736);
#4454=SURFACE_STYLE_USAGE(.BOTH.,#4737);
#4455=SURFACE_STYLE_USAGE(.BOTH.,#4738);
#4456=SURFACE_STYLE_USAGE(.BOTH.,#4739);
#4457=SURFACE_STYLE_USAGE(.BOTH.,#4740);
#4458=SURFACE_STYLE_USAGE(.BOTH.,#4741);
#4459=SURFACE_STYLE_USAGE(.BOTH.,#4742);
#4460=SURFACE_STYLE_USAGE(.BOTH.,#4743);
#4461=SURFACE_STYLE_USAGE(.BOTH.,#4744);
#4462=SURFACE_STYLE_USAGE(.BOTH.,#4745);
#4463=SURFACE_STYLE_USAGE(.BOTH.,#4746);
#4464=SURFACE_STYLE_USAGE(.BOTH.,#4747);
#4465=SURFACE_STYLE_USAGE(.BOTH.,#4748);
#4466=SURFACE_STYLE_USAGE(.BOTH.,#4749);
#4467=SURFACE_STYLE_USAGE(.BOTH.,#4750);
#4468=SURFACE_STYLE_USAGE(.BOTH.,#4751);
#4469=SURFACE_STYLE_USAGE(.BOTH.,#4752);
#4470=SURFACE_STYLE_USAGE(.BOTH.,#4753);
#4471=SURFACE_STYLE_USAGE(.BOTH.,#4754);
#4472=SURFACE_STYLE_USAGE(.BOTH.,#4755);
#4473=SURFACE_STYLE_USAGE(.BOTH.,#4756);
#4474=SURFACE_STYLE_USAGE(.BOTH.,#4757);
#4475=SURFACE_STYLE_USAGE(.BOTH.,#4758);
#4476=SURFACE_STYLE_USAGE(.BOTH.,#4759);
#4477=SURFACE_STYLE_USAGE(.BOTH.,#4760);
#4478=SURFACE_STYLE_USAGE(.BOTH.,#4761);
#4479=SURFACE_STYLE_USAGE(.BOTH.,#4762);
#4480=SURFACE_STYLE_USAGE(.BOTH.,#4763);
#4481=SURFACE_STYLE_USAGE(.BOTH.,#4764);
#4482=SURFACE_STYLE_USAGE(.BOTH.,#4765);
#4483=SURFACE_STYLE_USAGE(.BOTH.,#4766);
#4484=SURFACE_STYLE_USAGE(.BOTH.,#4767);
#4485=SURFACE_STYLE_USAGE(.BOTH.,#4768);
#4486=SURFACE_STYLE_USAGE(.BOTH.,#4769);
#4487=SURFACE_STYLE_USAGE(.BOTH.,#4770);
#4488=SURFACE_STYLE_USAGE(.BOTH.,#4771);
#4489=SURFACE_STYLE_USAGE(.BOTH.,#4772);
#4490=SURFACE_STYLE_USAGE(.BOTH.,#4773);
#4491=SURFACE_STYLE_USAGE(.BOTH.,#4774);
#4492=SURFACE_STYLE_USAGE(.BOTH.,#4775);
#4493=SURFACE_STYLE_USAGE(.BOTH.,#4776);
#4494=SURFACE_STYLE_USAGE(.BOTH.,#4777);
#4495=SURFACE_STYLE_USAGE(.BOTH.,#4778);
#4496=SURFACE_STYLE_USAGE(.BOTH.,#4779);
#4497=SURFACE_STYLE_USAGE(.BOTH.,#4780);
#4498=SURFACE_STYLE_USAGE(.BOTH.,#4781);
#4499=SURFACE_STYLE_USAGE(.BOTH.,#4782);
#4500=SURFACE_STYLE_USAGE(.BOTH.,#4783);
#4501=SURFACE_STYLE_USAGE(.BOTH.,#4784);
#4502=SURFACE_STYLE_USAGE(.BOTH.,#4785);
#4503=SURFACE_STYLE_USAGE(.BOTH.,#4786);
#4504=SURFACE_STYLE_USAGE(.BOTH.,#4787);
#4505=SURFACE_STYLE_USAGE(.BOTH.,#4788);
#4506=SURFACE_STYLE_USAGE(.BOTH.,#4789);
#4507=SURFACE_STYLE_USAGE(.BOTH.,#4790);
#4508=SURFACE_STYLE_USAGE(.BOTH.,#4791);
#4509=SURFACE_STYLE_USAGE(.BOTH.,#4792);
#4510=SURFACE_STYLE_USAGE(.BOTH.,#4793);
#4511=SURFACE_STYLE_USAGE(.BOTH.,#4794);
#4512=SURFACE_STYLE_USAGE(.BOTH.,#4795);
#4513=SURFACE_STYLE_USAGE(.BOTH.,#4796);
#4514=SURFACE_STYLE_USAGE(.BOTH.,#4797);
#4515=SURFACE_STYLE_USAGE(.BOTH.,#4798);
#4516=SURFACE_STYLE_USAGE(.BOTH.,#4799);
#4517=SURFACE_STYLE_USAGE(.BOTH.,#4800);
#4518=SURFACE_STYLE_USAGE(.BOTH.,#4801);
#4519=SURFACE_STYLE_USAGE(.BOTH.,#4802);
#4520=SURFACE_STYLE_USAGE(.BOTH.,#4803);
#4521=SURFACE_STYLE_USAGE(.BOTH.,#4804);
#4522=SURFACE_STYLE_USAGE(.BOTH.,#4805);
#4523=SURFACE_STYLE_USAGE(.BOTH.,#4806);
#4524=SURFACE_STYLE_USAGE(.BOTH.,#4807);
#4525=SURFACE_STYLE_USAGE(.BOTH.,#4808);
#4526=SURFACE_STYLE_USAGE(.BOTH.,#4809);
#4527=SURFACE_STYLE_USAGE(.BOTH.,#4810);
#4528=SURFACE_STYLE_USAGE(.BOTH.,#4811);
#4529=SURFACE_STYLE_USAGE(.BOTH.,#4812);
#4530=SURFACE_STYLE_USAGE(.BOTH.,#4813);
#4531=SURFACE_STYLE_USAGE(.BOTH.,#4814);
#4532=SURFACE_STYLE_USAGE(.BOTH.,#4815);
#4533=SURFACE_STYLE_USAGE(.BOTH.,#4816);
#4534=SURFACE_STYLE_USAGE(.BOTH.,#4817);
#4535=SURFACE_STYLE_USAGE(.BOTH.,#4818);
#4536=SURFACE_STYLE_USAGE(.BOTH.,#4819);
#4537=SURFACE_STYLE_USAGE(.BOTH.,#4820);
#4538=SURFACE_STYLE_USAGE(.BOTH.,#4821);
#4539=SURFACE_STYLE_USAGE(.BOTH.,#4822);
#4540=SURFACE_STYLE_USAGE(.BOTH.,#4823);
#4541=SURFACE_STYLE_USAGE(.BOTH.,#4824);
#4542=SURFACE_STYLE_USAGE(.BOTH.,#4825);
#4543=SURFACE_STYLE_USAGE(.BOTH.,#4826);
#4544=SURFACE_STYLE_USAGE(.BOTH.,#4827);
#4545=SURFACE_STYLE_USAGE(.BOTH.,#4828);
#4546=SURFACE_STYLE_USAGE(.BOTH.,#4829);
#4547=SURFACE_STYLE_USAGE(.BOTH.,#4830);
#4548=SURFACE_STYLE_USAGE(.BOTH.,#4831);
#4549=SURFACE_STYLE_USAGE(.BOTH.,#4832);
#4550=SURFACE_STYLE_USAGE(.BOTH.,#4833);
#4551=SURFACE_STYLE_USAGE(.BOTH.,#4834);
#4552=SURFACE_STYLE_USAGE(.BOTH.,#4835);
#4553=SURFACE_STYLE_USAGE(.BOTH.,#4836);
#4554=SURFACE_STYLE_USAGE(.BOTH.,#4837);
#4555=SURFACE_STYLE_USAGE(.BOTH.,#4838);
#4556=SURFACE_STYLE_USAGE(.BOTH.,#4839);
#4557=SURFACE_STYLE_USAGE(.BOTH.,#4840);
#4558=SURFACE_STYLE_USAGE(.BOTH.,#4841);
#4559=SURFACE_STYLE_USAGE(.BOTH.,#4842);
#4560=SURFACE_STYLE_USAGE(.BOTH.,#4843);
#4561=SURFACE_STYLE_USAGE(.BOTH.,#4844);
#4562=SURFACE_STYLE_USAGE(.BOTH.,#4845);
#4563=SURFACE_STYLE_USAGE(.BOTH.,#4846);
#4564=SURFACE_STYLE_USAGE(.BOTH.,#4847);
#4565=SURFACE_STYLE_USAGE(.BOTH.,#4848);
#4566=SURFACE_STYLE_USAGE(.BOTH.,#4849);
#4567=SURFACE_STYLE_USAGE(.BOTH.,#4850);
#4568=SURFACE_STYLE_USAGE(.BOTH.,#4851);
#4569=SURFACE_STYLE_USAGE(.BOTH.,#4852);
#4570=SURFACE_STYLE_USAGE(.BOTH.,#4853);
#4571=SURFACE_STYLE_USAGE(.BOTH.,#4854);
#4572=SURFACE_STYLE_USAGE(.BOTH.,#4855);
#4573=SURFACE_STYLE_USAGE(.BOTH.,#4856);
#4574=SURFACE_STYLE_USAGE(.BOTH.,#4857);
#4575=SURFACE_STYLE_USAGE(.BOTH.,#4858);
#4576=SURFACE_STYLE_USAGE(.BOTH.,#4859);
#4577=SURFACE_STYLE_USAGE(.BOTH.,#4860);
#4578=SURFACE_STYLE_USAGE(.BOTH.,#4861);
#4579=SURFACE_STYLE_USAGE(.BOTH.,#4862);
#4580=SURFACE_STYLE_USAGE(.BOTH.,#4863);
#4581=SURFACE_STYLE_USAGE(.BOTH.,#4864);
#4582=SURFACE_STYLE_USAGE(.BOTH.,#4865);
#4583=SURFACE_STYLE_USAGE(.BOTH.,#4866);
#4584=SURFACE_STYLE_USAGE(.BOTH.,#4867);
#4585=SURFACE_STYLE_USAGE(.BOTH.,#4868);
#4586=SURFACE_STYLE_USAGE(.BOTH.,#4869);
#4587=SURFACE_STYLE_USAGE(.BOTH.,#4870);
#4588=SURFACE_STYLE_USAGE(.BOTH.,#4871);
#4589=SURFACE_STYLE_USAGE(.BOTH.,#4872);
#4590=SURFACE_STYLE_USAGE(.BOTH.,#4873);
#4591=SURFACE_STYLE_USAGE(.BOTH.,#4874);
#4592=SURFACE_STYLE_USAGE(.BOTH.,#4875);
#4593=SURFACE_STYLE_USAGE(.BOTH.,#4876);
#4594=SURFACE_STYLE_USAGE(.BOTH.,#4877);
#4595=SURFACE_STYLE_USAGE(.BOTH.,#4878);
#4596=SURFACE_STYLE_USAGE(.BOTH.,#4879);
#4597=SURFACE_SIDE_STYLE('',(#4880));
#4598=SURFACE_SIDE_STYLE('',(#4881));
#4599=SURFACE_SIDE_STYLE('',(#4882));
#4600=SURFACE_SIDE_STYLE('',(#4883));
#4601=SURFACE_SIDE_STYLE('',(#4884));
#4602=SURFACE_SIDE_STYLE('',(#4885));
#4603=SURFACE_SIDE_STYLE('',(#4886));
#4604=SURFACE_SIDE_STYLE('',(#4887));
#4605=SURFACE_SIDE_STYLE('',(#4888));
#4606=SURFACE_SIDE_STYLE('',(#4889));
#4607=SURFACE_SIDE_STYLE('',(#4890));
#4608=SURFACE_SIDE_STYLE('',(#4891));
#4609=SURFACE_SIDE_STYLE('',(#4892));
#4610=SURFACE_SIDE_STYLE('',(#4893));
#4611=SURFACE_SIDE_STYLE('',(#4894));
#4612=SURFACE_SIDE_STYLE('',(#4895));
#4613=SURFACE_SIDE_STYLE('',(#4896));
#4614=SURFACE_SIDE_STYLE('',(#4897));
#4615=SURFACE_SIDE_STYLE('',(#4898));
#4616=SURFACE_SIDE_STYLE('',(#4899));
#4617=SURFACE_SIDE_STYLE('',(#4900));
#4618=SURFACE_SIDE_STYLE('',(#4901));
#4619=SURFACE_SIDE_STYLE('',(#4902));
#4620=SURFACE_SIDE_STYLE('',(#4903));
#4621=SURFACE_SIDE_STYLE('',(#4904));
#4622=SURFACE_SIDE_STYLE('',(#4905));
#4623=SURFACE_SIDE_STYLE('',(#4906));
#4624=SURFACE_SIDE_STYLE('',(#4907));
#4625=SURFACE_SIDE_STYLE('',(#4908));
#4626=SURFACE_SIDE_STYLE('',(#4909));
#4627=SURFACE_SIDE_STYLE('',(#4910));
#4628=SURFACE_SIDE_STYLE('',(#4911));
#4629=SURFACE_SIDE_STYLE('',(#4912));
#4630=SURFACE_SIDE_STYLE('',(#4913));
#4631=SURFACE_SIDE_STYLE('',(#4914));
#4632=SURFACE_SIDE_STYLE('',(#4915));
#4633=SURFACE_SIDE_STYLE('',(#4916));
#4634=SURFACE_SIDE_STYLE('',(#4917));
#4635=SURFACE_SIDE_STYLE('',(#4918));
#4636=SURFACE_SIDE_STYLE('',(#4919));
#4637=SURFACE_SIDE_STYLE('',(#4920));
#4638=SURFACE_SIDE_STYLE('',(#4921));
#4639=SURFACE_SIDE_STYLE('',(#4922));
#4640=SURFACE_SIDE_STYLE('',(#4923));
#4641=SURFACE_SIDE_STYLE('',(#4924));
#4642=SURFACE_SIDE_STYLE('',(#4925));
#4643=SURFACE_SIDE_STYLE('',(#4926));
#4644=SURFACE_SIDE_STYLE('',(#4927));
#4645=SURFACE_SIDE_STYLE('',(#4928));
#4646=SURFACE_SIDE_STYLE('',(#4929));
#4647=SURFACE_SIDE_STYLE('',(#4930));
#4648=SURFACE_SIDE_STYLE('',(#4931));
#4649=SURFACE_SIDE_STYLE('',(#4932));
#4650=SURFACE_SIDE_STYLE('',(#4933));
#4651=SURFACE_SIDE_STYLE('',(#4934));
#4652=SURFACE_SIDE_STYLE('',(#4935));
#4653=SURFACE_SIDE_STYLE('',(#4936));
#4654=SURFACE_SIDE_STYLE('',(#4937));
#4655=SURFACE_SIDE_STYLE('',(#4938));
#4656=SURFACE_SIDE_STYLE('',(#4939));
#4657=SURFACE_SIDE_STYLE('',(#4940));
#4658=SURFACE_SIDE_STYLE('',(#4941));
#4659=SURFACE_SIDE_STYLE('',(#4942));
#4660=SURFACE_SIDE_STYLE('',(#4943));
#4661=SURFACE_SIDE_STYLE('',(#4944));
#4662=SURFACE_SIDE_STYLE('',(#4945));
#4663=SURFACE_SIDE_STYLE('',(#4946));
#4664=SURFACE_SIDE_STYLE('',(#4947));
#4665=SURFACE_SIDE_STYLE('',(#4948));
#4666=SURFACE_SIDE_STYLE('',(#4949));
#4667=SURFACE_SIDE_STYLE('',(#4950));
#4668=SURFACE_SIDE_STYLE('',(#4951));
#4669=SURFACE_SIDE_STYLE('',(#4952));
#4670=SURFACE_SIDE_STYLE('',(#4953));
#4671=SURFACE_SIDE_STYLE('',(#4954));
#4672=SURFACE_SIDE_STYLE('',(#4955));
#4673=SURFACE_SIDE_STYLE('',(#4956));
#4674=SURFACE_SIDE_STYLE('',(#4957));
#4675=SURFACE_SIDE_STYLE('',(#4958));
#4676=SURFACE_SIDE_STYLE('',(#4959));
#4677=SURFACE_SIDE_STYLE('',(#4960));
#4678=SURFACE_SIDE_STYLE('',(#4961));
#4679=SURFACE_SIDE_STYLE('',(#4962));
#4680=SURFACE_SIDE_STYLE('',(#4963));
#4681=SURFACE_SIDE_STYLE('',(#4964));
#4682=SURFACE_SIDE_STYLE('',(#4965));
#4683=SURFACE_SIDE_STYLE('',(#4966));
#4684=SURFACE_SIDE_STYLE('',(#4967));
#4685=SURFACE_SIDE_STYLE('',(#4968));
#4686=SURFACE_SIDE_STYLE('',(#4969));
#4687=SURFACE_SIDE_STYLE('',(#4970));
#4688=SURFACE_SIDE_STYLE('',(#4971));
#4689=SURFACE_SIDE_STYLE('',(#4972));
#4690=SURFACE_SIDE_STYLE('',(#4973));
#4691=SURFACE_SIDE_STYLE('',(#4974));
#4692=SURFACE_SIDE_STYLE('',(#4975));
#4693=SURFACE_SIDE_STYLE('',(#4976));
#4694=SURFACE_SIDE_STYLE('',(#4977));
#4695=SURFACE_SIDE_STYLE('',(#4978));
#4696=SURFACE_SIDE_STYLE('',(#4979));
#4697=SURFACE_SIDE_STYLE('',(#4980));
#4698=SURFACE_SIDE_STYLE('',(#4981));
#4699=SURFACE_SIDE_STYLE('',(#4982));
#4700=SURFACE_SIDE_STYLE('',(#4983));
#4701=SURFACE_SIDE_STYLE('',(#4984));
#4702=SURFACE_SIDE_STYLE('',(#4985));
#4703=SURFACE_SIDE_STYLE('',(#4986));
#4704=SURFACE_SIDE_STYLE('',(#4987));
#4705=SURFACE_SIDE_STYLE('',(#4988));
#4706=SURFACE_SIDE_STYLE('',(#4989));
#4707=SURFACE_SIDE_STYLE('',(#4990));
#4708=SURFACE_SIDE_STYLE('',(#4991));
#4709=SURFACE_SIDE_STYLE('',(#4992));
#4710=SURFACE_SIDE_STYLE('',(#4993));
#4711=SURFACE_SIDE_STYLE('',(#4994));
#4712=SURFACE_SIDE_STYLE('',(#4995));
#4713=SURFACE_SIDE_STYLE('',(#4996));
#4714=SURFACE_SIDE_STYLE('',(#4997));
#4715=SURFACE_SIDE_STYLE('',(#4998));
#4716=SURFACE_SIDE_STYLE('',(#4999));
#4717=SURFACE_SIDE_STYLE('',(#5000));
#4718=SURFACE_SIDE_STYLE('',(#5001));
#4719=SURFACE_SIDE_STYLE('',(#5002));
#4720=SURFACE_SIDE_STYLE('',(#5003));
#4721=SURFACE_SIDE_STYLE('',(#5004));
#4722=SURFACE_SIDE_STYLE('',(#5005));
#4723=SURFACE_SIDE_STYLE('',(#5006));
#4724=SURFACE_SIDE_STYLE('',(#5007));
#4725=SURFACE_SIDE_STYLE('',(#5008));
#4726=SURFACE_SIDE_STYLE('',(#5009));
#4727=SURFACE_SIDE_STYLE('',(#5010));
#4728=SURFACE_SIDE_STYLE('',(#5011));
#4729=SURFACE_SIDE_STYLE('',(#5012));
#4730=SURFACE_SIDE_STYLE('',(#5013));
#4731=SURFACE_SIDE_STYLE('',(#5014));
#4732=SURFACE_SIDE_STYLE('',(#5015));
#4733=SURFACE_SIDE_STYLE('',(#5016));
#4734=SURFACE_SIDE_STYLE('',(#5017));
#4735=SURFACE_SIDE_STYLE('',(#5018));
#4736=SURFACE_SIDE_STYLE('',(#5019));
#4737=SURFACE_SIDE_STYLE('',(#5020));
#4738=SURFACE_SIDE_STYLE('',(#5021));
#4739=SURFACE_SIDE_STYLE('',(#5022));
#4740=SURFACE_SIDE_STYLE('',(#5023));
#4741=SURFACE_SIDE_STYLE('',(#5024));
#4742=SURFACE_SIDE_STYLE('',(#5025));
#4743=SURFACE_SIDE_STYLE('',(#5026));
#4744=SURFACE_SIDE_STYLE('',(#5027));
#4745=SURFACE_SIDE_STYLE('',(#5028));
#4746=SURFACE_SIDE_STYLE('',(#5029));
#4747=SURFACE_SIDE_STYLE('',(#5030));
#4748=SURFACE_SIDE_STYLE('',(#5031));
#4749=SURFACE_SIDE_STYLE('',(#5032));
#4750=SURFACE_SIDE_STYLE('',(#5033));
#4751=SURFACE_SIDE_STYLE('',(#5034));
#4752=SURFACE_SIDE_STYLE('',(#5035));
#4753=SURFACE_SIDE_STYLE('',(#5036));
#4754=SURFACE_SIDE_STYLE('',(#5037));
#4755=SURFACE_SIDE_STYLE('',(#5038));
#4756=SURFACE_SIDE_STYLE('',(#5039));
#4757=SURFACE_SIDE_STYLE('',(#5040));
#4758=SURFACE_SIDE_STYLE('',(#5041));
#4759=SURFACE_SIDE_STYLE('',(#5042));
#4760=SURFACE_SIDE_STYLE('',(#5043));
#4761=SURFACE_SIDE_STYLE('',(#5044));
#4762=SURFACE_SIDE_STYLE('',(#5045));
#4763=SURFACE_SIDE_STYLE('',(#5046));
#4764=SURFACE_SIDE_STYLE('',(#5047));
#4765=SURFACE_SIDE_STYLE('',(#5048));
#4766=SURFACE_SIDE_STYLE('',(#5049));
#4767=SURFACE_SIDE_STYLE('',(#5050));
#4768=SURFACE_SIDE_STYLE('',(#5051));
#4769=SURFACE_SIDE_STYLE('',(#5052));
#4770=SURFACE_SIDE_STYLE('',(#5053));
#4771=SURFACE_SIDE_STYLE('',(#5054));
#4772=SURFACE_SIDE_STYLE('',(#5055));
#4773=SURFACE_SIDE_STYLE('',(#5056));
#4774=SURFACE_SIDE_STYLE('',(#5057));
#4775=SURFACE_SIDE_STYLE('',(#5058));
#4776=SURFACE_SIDE_STYLE('',(#5059));
#4777=SURFACE_SIDE_STYLE('',(#5060));
#4778=SURFACE_SIDE_STYLE('',(#5061));
#4779=SURFACE_SIDE_STYLE('',(#5062));
#4780=SURFACE_SIDE_STYLE('',(#5063));
#4781=SURFACE_SIDE_STYLE('',(#5064));
#4782=SURFACE_SIDE_STYLE('',(#5065));
#4783=SURFACE_SIDE_STYLE('',(#5066));
#4784=SURFACE_SIDE_STYLE('',(#5067));
#4785=SURFACE_SIDE_STYLE('',(#5068));
#4786=SURFACE_SIDE_STYLE('',(#5069));
#4787=SURFACE_SIDE_STYLE('',(#5070));
#4788=SURFACE_SIDE_STYLE('',(#5071));
#4789=SURFACE_SIDE_STYLE('',(#5072));
#4790=SURFACE_SIDE_STYLE('',(#5073));
#4791=SURFACE_SIDE_STYLE('',(#5074));
#4792=SURFACE_SIDE_STYLE('',(#5075));
#4793=SURFACE_SIDE_STYLE('',(#5076));
#4794=SURFACE_SIDE_STYLE('',(#5077));
#4795=SURFACE_SIDE_STYLE('',(#5078));
#4796=SURFACE_SIDE_STYLE('',(#5079));
#4797=SURFACE_SIDE_STYLE('',(#5080));
#4798=SURFACE_SIDE_STYLE('',(#5081));
#4799=SURFACE_SIDE_STYLE('',(#5082));
#4800=SURFACE_SIDE_STYLE('',(#5083));
#4801=SURFACE_SIDE_STYLE('',(#5084));
#4802=SURFACE_SIDE_STYLE('',(#5085));
#4803=SURFACE_SIDE_STYLE('',(#5086));
#4804=SURFACE_SIDE_STYLE('',(#5087));
#4805=SURFACE_SIDE_STYLE('',(#5088));
#4806=SURFACE_SIDE_STYLE('',(#5089));
#4807=SURFACE_SIDE_STYLE('',(#5090));
#4808=SURFACE_SIDE_STYLE('',(#5091));
#4809=SURFACE_SIDE_STYLE('',(#5092));
#4810=SURFACE_SIDE_STYLE('',(#5093));
#4811=SURFACE_SIDE_STYLE('',(#5094));
#4812=SURFACE_SIDE_STYLE('',(#5095));
#4813=SURFACE_SIDE_STYLE('',(#5096));
#4814=SURFACE_SIDE_STYLE('',(#5097));
#4815=SURFACE_SIDE_STYLE('',(#5098));
#4816=SURFACE_SIDE_STYLE('',(#5099));
#4817=SURFACE_SIDE_STYLE('',(#5100));
#4818=SURFACE_SIDE_STYLE('',(#5101));
#4819=SURFACE_SIDE_STYLE('',(#5102));
#4820=SURFACE_SIDE_STYLE('',(#5103));
#4821=SURFACE_SIDE_STYLE('',(#5104));
#4822=SURFACE_SIDE_STYLE('',(#5105));
#4823=SURFACE_SIDE_STYLE('',(#5106));
#4824=SURFACE_SIDE_STYLE('',(#5107));
#4825=SURFACE_SIDE_STYLE('',(#5108));
#4826=SURFACE_SIDE_STYLE('',(#5109));
#4827=SURFACE_SIDE_STYLE('',(#5110));
#4828=SURFACE_SIDE_STYLE('',(#5111));
#4829=SURFACE_SIDE_STYLE('',(#5112));
#4830=SURFACE_SIDE_STYLE('',(#5113));
#4831=SURFACE_SIDE_STYLE('',(#5114));
#4832=SURFACE_SIDE_STYLE('',(#5115));
#4833=SURFACE_SIDE_STYLE('',(#5116));
#4834=SURFACE_SIDE_STYLE('',(#5117));
#4835=SURFACE_SIDE_STYLE('',(#5118));
#4836=SURFACE_SIDE_STYLE('',(#5119));
#4837=SURFACE_SIDE_STYLE('',(#5120));
#4838=SURFACE_SIDE_STYLE('',(#5121));
#4839=SURFACE_SIDE_STYLE('',(#5122));
#4840=SURFACE_SIDE_STYLE('',(#5123));
#4841=SURFACE_SIDE_STYLE('',(#5124));
#4842=SURFACE_SIDE_STYLE('',(#5125));
#4843=SURFACE_SIDE_STYLE('',(#5126));
#4844=SURFACE_SIDE_STYLE('',(#5127));
#4845=SURFACE_SIDE_STYLE('',(#5128));
#4846=SURFACE_SIDE_STYLE('',(#5129));
#4847=SURFACE_SIDE_STYLE('',(#5130));
#4848=SURFACE_SIDE_STYLE('',(#5131));
#4849=SURFACE_SIDE_STYLE('',(#5132));
#4850=SURFACE_SIDE_STYLE('',(#5133));
#4851=SURFACE_SIDE_STYLE('',(#5134));
#4852=SURFACE_SIDE_STYLE('',(#5135));
#4853=SURFACE_SIDE_STYLE('',(#5136));
#4854=SURFACE_SIDE_STYLE('',(#5137));
#4855=SURFACE_SIDE_STYLE('',(#5138));
#4856=SURFACE_SIDE_STYLE('',(#5139));
#4857=SURFACE_SIDE_STYLE('',(#5140));
#4858=SURFACE_SIDE_STYLE('',(#5141));
#4859=SURFACE_SIDE_STYLE('',(#5142));
#4860=SURFACE_SIDE_STYLE('',(#5143));
#4861=SURFACE_SIDE_STYLE('',(#5144));
#4862=SURFACE_SIDE_STYLE('',(#5145));
#4863=SURFACE_SIDE_STYLE('',(#5146));
#4864=SURFACE_SIDE_STYLE('',(#5147));
#4865=SURFACE_SIDE_STYLE('',(#5148));
#4866=SURFACE_SIDE_STYLE('',(#5149));
#4867=SURFACE_SIDE_STYLE('',(#5150));
#4868=SURFACE_SIDE_STYLE('',(#5151));
#4869=SURFACE_SIDE_STYLE('',(#5152));
#4870=SURFACE_SIDE_STYLE('',(#5153));
#4871=SURFACE_SIDE_STYLE('',(#5154));
#4872=SURFACE_SIDE_STYLE('',(#5155));
#4873=SURFACE_SIDE_STYLE('',(#5156));
#4874=SURFACE_SIDE_STYLE('',(#5157));
#4875=SURFACE_SIDE_STYLE('',(#5158));
#4876=SURFACE_SIDE_STYLE('',(#5159));
#4877=SURFACE_SIDE_STYLE('',(#5160));
#4878=SURFACE_SIDE_STYLE('',(#5161));
#4879=SURFACE_SIDE_STYLE('',(#5162));
#4880=SURFACE_STYLE_FILL_AREA(#5163);
#4881=SURFACE_STYLE_FILL_AREA(#5164);
#4882=SURFACE_STYLE_FILL_AREA(#5165);
#4883=SURFACE_STYLE_FILL_AREA(#5166);
#4884=SURFACE_STYLE_FILL_AREA(#5167);
#4885=SURFACE_STYLE_FILL_AREA(#5168);
#4886=SURFACE_STYLE_FILL_AREA(#5169);
#4887=SURFACE_STYLE_FILL_AREA(#5170);
#4888=SURFACE_STYLE_FILL_AREA(#5171);
#4889=SURFACE_STYLE_FILL_AREA(#5172);
#4890=SURFACE_STYLE_FILL_AREA(#5173);
#4891=SURFACE_STYLE_FILL_AREA(#5174);
#4892=SURFACE_STYLE_FILL_AREA(#5175);
#4893=SURFACE_STYLE_FILL_AREA(#5176);
#4894=SURFACE_STYLE_FILL_AREA(#5177);
#4895=SURFACE_STYLE_FILL_AREA(#5178);
#4896=SURFACE_STYLE_FILL_AREA(#5179);
#4897=SURFACE_STYLE_FILL_AREA(#5180);
#4898=SURFACE_STYLE_FILL_AREA(#5181);
#4899=SURFACE_STYLE_FILL_AREA(#5182);
#4900=SURFACE_STYLE_FILL_AREA(#5183);
#4901=SURFACE_STYLE_FILL_AREA(#5184);
#4902=SURFACE_STYLE_FILL_AREA(#5185);
#4903=SURFACE_STYLE_FILL_AREA(#5186);
#4904=SURFACE_STYLE_FILL_AREA(#5187);
#4905=SURFACE_STYLE_FILL_AREA(#5188);
#4906=SURFACE_STYLE_FILL_AREA(#5189);
#4907=SURFACE_STYLE_FILL_AREA(#5190);
#4908=SURFACE_STYLE_FILL_AREA(#5191);
#4909=SURFACE_STYLE_FILL_AREA(#5192);
#4910=SURFACE_STYLE_FILL_AREA(#5193);
#4911=SURFACE_STYLE_FILL_AREA(#5194);
#4912=SURFACE_STYLE_FILL_AREA(#5195);
#4913=SURFACE_STYLE_FILL_AREA(#5196);
#4914=SURFACE_STYLE_FILL_AREA(#5197);
#4915=SURFACE_STYLE_FILL_AREA(#5198);
#4916=SURFACE_STYLE_FILL_AREA(#5199);
#4917=SURFACE_STYLE_FILL_AREA(#5200);
#4918=SURFACE_STYLE_FILL_AREA(#5201);
#4919=SURFACE_STYLE_FILL_AREA(#5202);
#4920=SURFACE_STYLE_FILL_AREA(#5203);
#4921=SURFACE_STYLE_FILL_AREA(#5204);
#4922=SURFACE_STYLE_FILL_AREA(#5205);
#4923=SURFACE_STYLE_FILL_AREA(#5206);
#4924=SURFACE_STYLE_FILL_AREA(#5207);
#4925=SURFACE_STYLE_FILL_AREA(#5208);
#4926=SURFACE_STYLE_FILL_AREA(#5209);
#4927=SURFACE_STYLE_FILL_AREA(#5210);
#4928=SURFACE_STYLE_FILL_AREA(#5211);
#4929=SURFACE_STYLE_FILL_AREA(#5212);
#4930=SURFACE_STYLE_FILL_AREA(#5213);
#4931=SURFACE_STYLE_FILL_AREA(#5214);
#4932=SURFACE_STYLE_FILL_AREA(#5215);
#4933=SURFACE_STYLE_FILL_AREA(#5216);
#4934=SURFACE_STYLE_FILL_AREA(#5217);
#4935=SURFACE_STYLE_FILL_AREA(#5218);
#4936=SURFACE_STYLE_FILL_AREA(#5219);
#4937=SURFACE_STYLE_FILL_AREA(#5220);
#4938=SURFACE_STYLE_FILL_AREA(#5221);
#4939=SURFACE_STYLE_FILL_AREA(#5222);
#4940=SURFACE_STYLE_FILL_AREA(#5223);
#4941=SURFACE_STYLE_FILL_AREA(#5224);
#4942=SURFACE_STYLE_FILL_AREA(#5225);
#4943=SURFACE_STYLE_FILL_AREA(#5226);
#4944=SURFACE_STYLE_FILL_AREA(#5227);
#4945=SURFACE_STYLE_FILL_AREA(#5228);
#4946=SURFACE_STYLE_FILL_AREA(#5229);
#4947=SURFACE_STYLE_FILL_AREA(#5230);
#4948=SURFACE_STYLE_FILL_AREA(#5231);
#4949=SURFACE_STYLE_FILL_AREA(#5232);
#4950=SURFACE_STYLE_FILL_AREA(#5233);
#4951=SURFACE_STYLE_FILL_AREA(#5234);
#4952=SURFACE_STYLE_FILL_AREA(#5235);
#4953=SURFACE_STYLE_FILL_AREA(#5236);
#4954=SURFACE_STYLE_FILL_AREA(#5237);
#4955=SURFACE_STYLE_FILL_AREA(#5238);
#4956=SURFACE_STYLE_FILL_AREA(#5239);
#4957=SURFACE_STYLE_FILL_AREA(#5240);
#4958=SURFACE_STYLE_FILL_AREA(#5241);
#4959=SURFACE_STYLE_FILL_AREA(#5242);
#4960=SURFACE_STYLE_FILL_AREA(#5243);
#4961=SURFACE_STYLE_FILL_AREA(#5244);
#4962=SURFACE_STYLE_FILL_AREA(#5245);
#4963=SURFACE_STYLE_FILL_AREA(#5246);
#4964=SURFACE_STYLE_FILL_AREA(#5247);
#4965=SURFACE_STYLE_FILL_AREA(#5248);
#4966=SURFACE_STYLE_FILL_AREA(#5249);
#4967=SURFACE_STYLE_FILL_AREA(#5250);
#4968=SURFACE_STYLE_FILL_AREA(#5251);
#4969=SURFACE_STYLE_FILL_AREA(#5252);
#4970=SURFACE_STYLE_FILL_AREA(#5253);
#4971=SURFACE_STYLE_FILL_AREA(#5254);
#4972=SURFACE_STYLE_FILL_AREA(#5255);
#4973=SURFACE_STYLE_FILL_AREA(#5256);
#4974=SURFACE_STYLE_FILL_AREA(#5257);
#4975=SURFACE_STYLE_FILL_AREA(#5258);
#4976=SURFACE_STYLE_FILL_AREA(#5259);
#4977=SURFACE_STYLE_FILL_AREA(#5260);
#4978=SURFACE_STYLE_FILL_AREA(#5261);
#4979=SURFACE_STYLE_FILL_AREA(#5262);
#4980=SURFACE_STYLE_FILL_AREA(#5263);
#4981=SURFACE_STYLE_FILL_AREA(#5264);
#4982=SURFACE_STYLE_FILL_AREA(#5265);
#4983=SURFACE_STYLE_FILL_AREA(#5266);
#4984=SURFACE_STYLE_FILL_AREA(#5267);
#4985=SURFACE_STYLE_FILL_AREA(#5268);
#4986=SURFACE_STYLE_FILL_AREA(#5269);
#4987=SURFACE_STYLE_FILL_AREA(#5270);
#4988=SURFACE_STYLE_FILL_AREA(#5271);
#4989=SURFACE_STYLE_FILL_AREA(#5272);
#4990=SURFACE_STYLE_FILL_AREA(#5273);
#4991=SURFACE_STYLE_FILL_AREA(#5274);
#4992=SURFACE_STYLE_FILL_AREA(#5275);
#4993=SURFACE_STYLE_FILL_AREA(#5276);
#4994=SURFACE_STYLE_FILL_AREA(#5277);
#4995=SURFACE_STYLE_FILL_AREA(#5278);
#4996=SURFACE_STYLE_FILL_AREA(#5279);
#4997=SURFACE_STYLE_FILL_AREA(#5280);
#4998=SURFACE_STYLE_FILL_AREA(#5281);
#4999=SURFACE_STYLE_FILL_AREA(#5282);
#5000=SURFACE_STYLE_FILL_AREA(#5283);
#5001=SURFACE_STYLE_FILL_AREA(#5284);
#5002=SURFACE_STYLE_FILL_AREA(#5285);
#5003=SURFACE_STYLE_FILL_AREA(#5286);
#5004=SURFACE_STYLE_FILL_AREA(#5287);
#5005=SURFACE_STYLE_FILL_AREA(#5288);
#5006=SURFACE_STYLE_FILL_AREA(#5289);
#5007=SURFACE_STYLE_FILL_AREA(#5290);
#5008=SURFACE_STYLE_FILL_AREA(#5291);
#5009=SURFACE_STYLE_FILL_AREA(#5292);
#5010=SURFACE_STYLE_FILL_AREA(#5293);
#5011=SURFACE_STYLE_FILL_AREA(#5294);
#5012=SURFACE_STYLE_FILL_AREA(#5295);
#5013=SURFACE_STYLE_FILL_AREA(#5296);
#5014=SURFACE_STYLE_FILL_AREA(#5297);
#5015=SURFACE_STYLE_FILL_AREA(#5298);
#5016=SURFACE_STYLE_FILL_AREA(#5299);
#5017=SURFACE_STYLE_FILL_AREA(#5300);
#5018=SURFACE_STYLE_FILL_AREA(#5301);
#5019=SURFACE_STYLE_FILL_AREA(#5302);
#5020=SURFACE_STYLE_FILL_AREA(#5303);
#5021=SURFACE_STYLE_FILL_AREA(#5304);
#5022=SURFACE_STYLE_FILL_AREA(#5305);
#5023=SURFACE_STYLE_FILL_AREA(#5306);
#5024=SURFACE_STYLE_FILL_AREA(#5307);
#5025=SURFACE_STYLE_FILL_AREA(#5308);
#5026=SURFACE_STYLE_FILL_AREA(#5309);
#5027=SURFACE_STYLE_FILL_AREA(#5310);
#5028=SURFACE_STYLE_FILL_AREA(#5311);
#5029=SURFACE_STYLE_FILL_AREA(#5312);
#5030=SURFACE_STYLE_FILL_AREA(#5313);
#5031=SURFACE_STYLE_FILL_AREA(#5314);
#5032=SURFACE_STYLE_FILL_AREA(#5315);
#5033=SURFACE_STYLE_FILL_AREA(#5316);
#5034=SURFACE_STYLE_FILL_AREA(#5317);
#5035=SURFACE_STYLE_FILL_AREA(#5318);
#5036=SURFACE_STYLE_FILL_AREA(#5319);
#5037=SURFACE_STYLE_FILL_AREA(#5320);
#5038=SURFACE_STYLE_FILL_AREA(#5321);
#5039=SURFACE_STYLE_FILL_AREA(#5322);
#5040=SURFACE_STYLE_FILL_AREA(#5323);
#5041=SURFACE_STYLE_FILL_AREA(#5324);
#5042=SURFACE_STYLE_FILL_AREA(#5325);
#5043=SURFACE_STYLE_FILL_AREA(#5326);
#5044=SURFACE_STYLE_FILL_AREA(#5327);
#5045=SURFACE_STYLE_FILL_AREA(#5328);
#5046=SURFACE_STYLE_FILL_AREA(#5329);
#5047=SURFACE_STYLE_FILL_AREA(#5330);
#5048=SURFACE_STYLE_FILL_AREA(#5331);
#5049=SURFACE_STYLE_FILL_AREA(#5332);
#5050=SURFACE_STYLE_FILL_AREA(#5333);
#5051=SURFACE_STYLE_FILL_AREA(#5334);
#5052=SURFACE_STYLE_FILL_AREA(#5335);
#5053=SURFACE_STYLE_FILL_AREA(#5336);
#5054=SURFACE_STYLE_FILL_AREA(#5337);
#5055=SURFACE_STYLE_FILL_AREA(#5338);
#5056=SURFACE_STYLE_FILL_AREA(#5339);
#5057=SURFACE_STYLE_FILL_AREA(#5340);
#5058=SURFACE_STYLE_FILL_AREA(#5341);
#5059=SURFACE_STYLE_FILL_AREA(#5342);
#5060=SURFACE_STYLE_FILL_AREA(#5343);
#5061=SURFACE_STYLE_FILL_AREA(#5344);
#5062=SURFACE_STYLE_FILL_AREA(#5345);
#5063=SURFACE_STYLE_FILL_AREA(#5346);
#5064=SURFACE_STYLE_FILL_AREA(#5347);
#5065=SURFACE_STYLE_FILL_AREA(#5348);
#5066=SURFACE_STYLE_FILL_AREA(#5349);
#5067=SURFACE_STYLE_FILL_AREA(#5350);
#5068=SURFACE_STYLE_FILL_AREA(#5351);
#5069=SURFACE_STYLE_FILL_AREA(#5352);
#5070=SURFACE_STYLE_FILL_AREA(#5353);
#5071=SURFACE_STYLE_FILL_AREA(#5354);
#5072=SURFACE_STYLE_FILL_AREA(#5355);
#5073=SURFACE_STYLE_FILL_AREA(#5356);
#5074=SURFACE_STYLE_FILL_AREA(#5357);
#5075=SURFACE_STYLE_FILL_AREA(#5358);
#5076=SURFACE_STYLE_FILL_AREA(#5359);
#5077=SURFACE_STYLE_FILL_AREA(#5360);
#5078=SURFACE_STYLE_FILL_AREA(#5361);
#5079=SURFACE_STYLE_FILL_AREA(#5362);
#5080=SURFACE_STYLE_FILL_AREA(#5363);
#5081=SURFACE_STYLE_FILL_AREA(#5364);
#5082=SURFACE_STYLE_FILL_AREA(#5365);
#5083=SURFACE_STYLE_FILL_AREA(#5366);
#5084=SURFACE_STYLE_FILL_AREA(#5367);
#5085=SURFACE_STYLE_FILL_AREA(#5368);
#5086=SURFACE_STYLE_FILL_AREA(#5369);
#5087=SURFACE_STYLE_FILL_AREA(#5370);
#5088=SURFACE_STYLE_FILL_AREA(#5371);
#5089=SURFACE_STYLE_FILL_AREA(#5372);
#5090=SURFACE_STYLE_FILL_AREA(#5373);
#5091=SURFACE_STYLE_FILL_AREA(#5374);
#5092=SURFACE_STYLE_FILL_AREA(#5375);
#5093=SURFACE_STYLE_FILL_AREA(#5376);
#5094=SURFACE_STYLE_FILL_AREA(#5377);
#5095=SURFACE_STYLE_FILL_AREA(#5378);
#5096=SURFACE_STYLE_FILL_AREA(#5379);
#5097=SURFACE_STYLE_FILL_AREA(#5380);
#5098=SURFACE_STYLE_FILL_AREA(#5381);
#5099=SURFACE_STYLE_FILL_AREA(#5382);
#5100=SURFACE_STYLE_FILL_AREA(#5383);
#5101=SURFACE_STYLE_FILL_AREA(#5384);
#5102=SURFACE_STYLE_FILL_AREA(#5385);
#5103=SURFACE_STYLE_FILL_AREA(#5386);
#5104=SURFACE_STYLE_FILL_AREA(#5387);
#5105=SURFACE_STYLE_FILL_AREA(#5388);
#5106=SURFACE_STYLE_FILL_AREA(#5389);
#5107=SURFACE_STYLE_FILL_AREA(#5390);
#5108=SURFACE_STYLE_FILL_AREA(#5391);
#5109=SURFACE_STYLE_FILL_AREA(#5392);
#5110=SURFACE_STYLE_FILL_AREA(#5393);
#5111=SURFACE_STYLE_FILL_AREA(#5394);
#5112=SURFACE_STYLE_FILL_AREA(#5395);
#5113=SURFACE_STYLE_FILL_AREA(#5396);
#5114=SURFACE_STYLE_FILL_AREA(#5397);
#5115=SURFACE_STYLE_FILL_AREA(#5398);
#5116=SURFACE_STYLE_FILL_AREA(#5399);
#5117=SURFACE_STYLE_FILL_AREA(#5400);
#5118=SURFACE_STYLE_FILL_AREA(#5401);
#5119=SURFACE_STYLE_FILL_AREA(#5402);
#5120=SURFACE_STYLE_FILL_AREA(#5403);
#5121=SURFACE_STYLE_FILL_AREA(#5404);
#5122=SURFACE_STYLE_FILL_AREA(#5405);
#5123=SURFACE_STYLE_FILL_AREA(#5406);
#5124=SURFACE_STYLE_FILL_AREA(#5407);
#5125=SURFACE_STYLE_FILL_AREA(#5408);
#5126=SURFACE_STYLE_FILL_AREA(#5409);
#5127=SURFACE_STYLE_FILL_AREA(#5410);
#5128=SURFACE_STYLE_FILL_AREA(#5411);
#5129=SURFACE_STYLE_FILL_AREA(#5412);
#5130=SURFACE_STYLE_FILL_AREA(#5413);
#5131=SURFACE_STYLE_FILL_AREA(#5414);
#5132=SURFACE_STYLE_FILL_AREA(#5415);
#5133=SURFACE_STYLE_FILL_AREA(#5416);
#5134=SURFACE_STYLE_FILL_AREA(#5417);
#5135=SURFACE_STYLE_FILL_AREA(#5418);
#5136=SURFACE_STYLE_FILL_AREA(#5419);
#5137=SURFACE_STYLE_FILL_AREA(#5420);
#5138=SURFACE_STYLE_FILL_AREA(#5421);
#5139=SURFACE_STYLE_FILL_AREA(#5422);
#5140=SURFACE_STYLE_FILL_AREA(#5423);
#5141=SURFACE_STYLE_FILL_AREA(#5424);
#5142=SURFACE_STYLE_FILL_AREA(#5425);
#5143=SURFACE_STYLE_FILL_AREA(#5426);
#5144=SURFACE_STYLE_FILL_AREA(#5427);
#5145=SURFACE_STYLE_FILL_AREA(#5428);
#5146=SURFACE_STYLE_FILL_AREA(#5429);
#5147=SURFACE_STYLE_FILL_AREA(#5430);
#5148=SURFACE_STYLE_FILL_AREA(#5431);
#5149=SURFACE_STYLE_FILL_AREA(#5432);
#5150=SURFACE_STYLE_FILL_AREA(#5433);
#5151=SURFACE_STYLE_FILL_AREA(#5434);
#5152=SURFACE_STYLE_FILL_AREA(#5435);
#5153=SURFACE_STYLE_FILL_AREA(#5436);
#5154=SURFACE_STYLE_FILL_AREA(#5437);
#5155=SURFACE_STYLE_FILL_AREA(#5438);
#5156=SURFACE_STYLE_FILL_AREA(#5439);
#5157=SURFACE_STYLE_FILL_AREA(#5440);
#5158=SURFACE_STYLE_FILL_AREA(#5441);
#5159=SURFACE_STYLE_FILL_AREA(#5442);
#5160=SURFACE_STYLE_FILL_AREA(#5443);
#5161=SURFACE_STYLE_FILL_AREA(#5444);
#5162=SURFACE_STYLE_FILL_AREA(#5445);
#5163=FILL_AREA_STYLE('',(#5446));
#5164=FILL_AREA_STYLE('',(#5447));
#5165=FILL_AREA_STYLE('',(#5448));
#5166=FILL_AREA_STYLE('',(#5449));
#5167=FILL_AREA_STYLE('',(#5450));
#5168=FILL_AREA_STYLE('',(#5451));
#5169=FILL_AREA_STYLE('',(#5452));
#5170=FILL_AREA_STYLE('',(#5453));
#5171=FILL_AREA_STYLE('',(#5454));
#5172=FILL_AREA_STYLE('',(#5455));
#5173=FILL_AREA_STYLE('',(#5456));
#5174=FILL_AREA_STYLE('',(#5457));
#5175=FILL_AREA_STYLE('',(#5458));
#5176=FILL_AREA_STYLE('',(#5459));
#5177=FILL_AREA_STYLE('',(#5460));
#5178=FILL_AREA_STYLE('',(#5461));
#5179=FILL_AREA_STYLE('',(#5462));
#5180=FILL_AREA_STYLE('',(#5463));
#5181=FILL_AREA_STYLE('',(#5464));
#5182=FILL_AREA_STYLE('',(#5465));
#5183=FILL_AREA_STYLE('',(#5466));
#5184=FILL_AREA_STYLE('',(#5467));
#5185=FILL_AREA_STYLE('',(#5468));
#5186=FILL_AREA_STYLE('',(#5469));
#5187=FILL_AREA_STYLE('',(#5470));
#5188=FILL_AREA_STYLE('',(#5471));
#5189=FILL_AREA_STYLE('',(#5472));
#5190=FILL_AREA_STYLE('',(#5473));
#5191=FILL_AREA_STYLE('',(#5474));
#5192=FILL_AREA_STYLE('',(#5475));
#5193=FILL_AREA_STYLE('',(#5476));
#5194=FILL_AREA_STYLE('',(#5477));
#5195=FILL_AREA_STYLE('',(#5478));
#5196=FILL_AREA_STYLE('',(#5479));
#5197=FILL_AREA_STYLE('',(#5480));
#5198=FILL_AREA_STYLE('',(#5481));
#5199=FILL_AREA_STYLE('',(#5482));
#5200=FILL_AREA_STYLE('',(#5483));
#5201=FILL_AREA_STYLE('',(#5484));
#5202=FILL_AREA_STYLE('',(#5485));
#5203=FILL_AREA_STYLE('',(#5486));
#5204=FILL_AREA_STYLE('',(#5487));
#5205=FILL_AREA_STYLE('',(#5488));
#5206=FILL_AREA_STYLE('',(#5489));
#5207=FILL_AREA_STYLE('',(#5490));
#5208=FILL_AREA_STYLE('',(#5491));
#5209=FILL_AREA_STYLE('',(#5492));
#5210=FILL_AREA_STYLE('',(#5493));
#5211=FILL_AREA_STYLE('',(#5494));
#5212=FILL_AREA_STYLE('',(#5495));
#5213=FILL_AREA_STYLE('',(#5496));
#5214=FILL_AREA_STYLE('',(#5497));
#5215=FILL_AREA_STYLE('',(#5498));
#5216=FILL_AREA_STYLE('',(#5499));
#5217=FILL_AREA_STYLE('',(#5500));
#5218=FILL_AREA_STYLE('',(#5501));
#5219=FILL_AREA_STYLE('',(#5502));
#5220=FILL_AREA_STYLE('',(#5503));
#5221=FILL_AREA_STYLE('',(#5504));
#5222=FILL_AREA_STYLE('',(#5505));
#5223=FILL_AREA_STYLE('',(#5506));
#5224=FILL_AREA_STYLE('',(#5507));
#5225=FILL_AREA_STYLE('',(#5508));
#5226=FILL_AREA_STYLE('',(#5509));
#5227=FILL_AREA_STYLE('',(#5510));
#5228=FILL_AREA_STYLE('',(#5511));
#5229=FILL_AREA_STYLE('',(#5512));
#5230=FILL_AREA_STYLE('',(#5513));
#5231=FILL_AREA_STYLE('',(#5514));
#5232=FILL_AREA_STYLE('',(#5515));
#5233=FILL_AREA_STYLE('',(#5516));
#5234=FILL_AREA_STYLE('',(#5517));
#5235=FILL_AREA_STYLE('',(#5518));
#5236=FILL_AREA_STYLE('',(#5519));
#5237=FILL_AREA_STYLE('',(#5520));
#5238=FILL_AREA_STYLE('',(#5521));
#5239=FILL_AREA_STYLE('',(#5522));
#5240=FILL_AREA_STYLE('',(#5523));
#5241=FILL_AREA_STYLE('',(#5524));
#5242=FILL_AREA_STYLE('',(#5525));
#5243=FILL_AREA_STYLE('',(#5526));
#5244=FILL_AREA_STYLE('',(#5527));
#5245=FILL_AREA_STYLE('',(#5528));
#5246=FILL_AREA_STYLE('',(#5529));
#5247=FILL_AREA_STYLE('',(#5530));
#5248=FILL_AREA_STYLE('',(#5531));
#5249=FILL_AREA_STYLE('',(#5532));
#5250=FILL_AREA_STYLE('',(#5533));
#5251=FILL_AREA_STYLE('',(#5534));
#5252=FILL_AREA_STYLE('',(#5535));
#5253=FILL_AREA_STYLE('',(#5536));
#5254=FILL_AREA_STYLE('',(#5537));
#5255=FILL_AREA_STYLE('',(#5538));
#5256=FILL_AREA_STYLE('',(#5539));
#5257=FILL_AREA_STYLE('',(#5540));
#5258=FILL_AREA_STYLE('',(#5541));
#5259=FILL_AREA_STYLE('',(#5542));
#5260=FILL_AREA_STYLE('',(#5543));
#5261=FILL_AREA_STYLE('',(#5544));
#5262=FILL_AREA_STYLE('',(#5545));
#5263=FILL_AREA_STYLE('',(#5546));
#5264=FILL_AREA_STYLE('',(#5547));
#5265=FILL_AREA_STYLE('',(#5548));
#5266=FILL_AREA_STYLE('',(#5549));
#5267=FILL_AREA_STYLE('',(#5550));
#5268=FILL_AREA_STYLE('',(#5551));
#5269=FILL_AREA_STYLE('',(#5552));
#5270=FILL_AREA_STYLE('',(#5553));
#5271=FILL_AREA_STYLE('',(#5554));
#5272=FILL_AREA_STYLE('',(#5555));
#5273=FILL_AREA_STYLE('',(#5556));
#5274=FILL_AREA_STYLE('',(#5557));
#5275=FILL_AREA_STYLE('',(#5558));
#5276=FILL_AREA_STYLE('',(#5559));
#5277=FILL_AREA_STYLE('',(#5560));
#5278=FILL_AREA_STYLE('',(#5561));
#5279=FILL_AREA_STYLE('',(#5562));
#5280=FILL_AREA_STYLE('',(#5563));
#5281=FILL_AREA_STYLE('',(#5564));
#5282=FILL_AREA_STYLE('',(#5565));
#5283=FILL_AREA_STYLE('',(#5566));
#5284=FILL_AREA_STYLE('',(#5567));
#5285=FILL_AREA_STYLE('',(#5568));
#5286=FILL_AREA_STYLE('',(#5569));
#5287=FILL_AREA_STYLE('',(#5570));
#5288=FILL_AREA_STYLE('',(#5571));
#5289=FILL_AREA_STYLE('',(#5572));
#5290=FILL_AREA_STYLE('',(#5573));
#5291=FILL_AREA_STYLE('',(#5574));
#5292=FILL_AREA_STYLE('',(#5575));
#5293=FILL_AREA_STYLE('',(#5576));
#5294=FILL_AREA_STYLE('',(#5577));
#5295=FILL_AREA_STYLE('',(#5578));
#5296=FILL_AREA_STYLE('',(#5579));
#5297=FILL_AREA_STYLE('',(#5580));
#5298=FILL_AREA_STYLE('',(#5581));
#5299=FILL_AREA_STYLE('',(#5582));
#5300=FILL_AREA_STYLE('',(#5583));
#5301=FILL_AREA_STYLE('',(#5584));
#5302=FILL_AREA_STYLE('',(#5585));
#5303=FILL_AREA_STYLE('',(#5586));
#5304=FILL_AREA_STYLE('',(#5587));
#5305=FILL_AREA_STYLE('',(#5588));
#5306=FILL_AREA_STYLE('',(#5589));
#5307=FILL_AREA_STYLE('',(#5590));
#5308=FILL_AREA_STYLE('',(#5591));
#5309=FILL_AREA_STYLE('',(#5592));
#5310=FILL_AREA_STYLE('',(#5593));
#5311=FILL_AREA_STYLE('',(#5594));
#5312=FILL_AREA_STYLE('',(#5595));
#5313=FILL_AREA_STYLE('',(#5596));
#5314=FILL_AREA_STYLE('',(#5597));
#5315=FILL_AREA_STYLE('',(#5598));
#5316=FILL_AREA_STYLE('',(#5599));
#5317=FILL_AREA_STYLE('',(#5600));
#5318=FILL_AREA_STYLE('',(#5601));
#5319=FILL_AREA_STYLE('',(#5602));
#5320=FILL_AREA_STYLE('',(#5603));
#5321=FILL_AREA_STYLE('',(#5604));
#5322=FILL_AREA_STYLE('',(#5605));
#5323=FILL_AREA_STYLE('',(#5606));
#5324=FILL_AREA_STYLE('',(#5607));
#5325=FILL_AREA_STYLE('',(#5608));
#5326=FILL_AREA_STYLE('',(#5609));
#5327=FILL_AREA_STYLE('',(#5610));
#5328=FILL_AREA_STYLE('',(#5611));
#5329=FILL_AREA_STYLE('',(#5612));
#5330=FILL_AREA_STYLE('',(#5613));
#5331=FILL_AREA_STYLE('',(#5614));
#5332=FILL_AREA_STYLE('',(#5615));
#5333=FILL_AREA_STYLE('',(#5616));
#5334=FILL_AREA_STYLE('',(#5617));
#5335=FILL_AREA_STYLE('',(#5618));
#5336=FILL_AREA_STYLE('',(#5619));
#5337=FILL_AREA_STYLE('',(#5620));
#5338=FILL_AREA_STYLE('',(#5621));
#5339=FILL_AREA_STYLE('',(#5622));
#5340=FILL_AREA_STYLE('',(#5623));
#5341=FILL_AREA_STYLE('',(#5624));
#5342=FILL_AREA_STYLE('',(#5625));
#5343=FILL_AREA_STYLE('',(#5626));
#5344=FILL_AREA_STYLE('',(#5627));
#5345=FILL_AREA_STYLE('',(#5628));
#5346=FILL_AREA_STYLE('',(#5629));
#5347=FILL_AREA_STYLE('',(#5630));
#5348=FILL_AREA_STYLE('',(#5631));
#5349=FILL_AREA_STYLE('',(#5632));
#5350=FILL_AREA_STYLE('',(#5633));
#5351=FILL_AREA_STYLE('',(#5634));
#5352=FILL_AREA_STYLE('',(#5635));
#5353=FILL_AREA_STYLE('',(#5636));
#5354=FILL_AREA_STYLE('',(#5637));
#5355=FILL_AREA_STYLE('',(#5638));
#5356=FILL_AREA_STYLE('',(#5639));
#5357=FILL_AREA_STYLE('',(#5640));
#5358=FILL_AREA_STYLE('',(#5641));
#5359=FILL_AREA_STYLE('',(#5642));
#5360=FILL_AREA_STYLE('',(#5643));
#5361=FILL_AREA_STYLE('',(#5644));
#5362=FILL_AREA_STYLE('',(#5645));
#5363=FILL_AREA_STYLE('',(#5646));
#5364=FILL_AREA_STYLE('',(#5647));
#5365=FILL_AREA_STYLE('',(#5648));
#5366=FILL_AREA_STYLE('',(#5649));
#5367=FILL_AREA_STYLE('',(#5650));
#5368=FILL_AREA_STYLE('',(#5651));
#5369=FILL_AREA_STYLE('',(#5652));
#5370=FILL_AREA_STYLE('',(#5653));
#5371=FILL_AREA_STYLE('',(#5654));
#5372=FILL_AREA_STYLE('',(#5655));
#5373=FILL_AREA_STYLE('',(#5656));
#5374=FILL_AREA_STYLE('',(#5657));
#5375=FILL_AREA_STYLE('',(#5658));
#5376=FILL_AREA_STYLE('',(#5659));
#5377=FILL_AREA_STYLE('',(#5660));
#5378=FILL_AREA_STYLE('',(#5661));
#5379=FILL_AREA_STYLE('',(#5662));
#5380=FILL_AREA_STYLE('',(#5663));
#5381=FILL_AREA_STYLE('',(#5664));
#5382=FILL_AREA_STYLE('',(#5665));
#5383=FILL_AREA_STYLE('',(#5666));
#5384=FILL_AREA_STYLE('',(#5667));
#5385=FILL_AREA_STYLE('',(#5668));
#5386=FILL_AREA_STYLE('',(#5669));
#5387=FILL_AREA_STYLE('',(#5670));
#5388=FILL_AREA_STYLE('',(#5671));
#5389=FILL_AREA_STYLE('',(#5672));
#5390=FILL_AREA_STYLE('',(#5673));
#5391=FILL_AREA_STYLE('',(#5674));
#5392=FILL_AREA_STYLE('',(#5675));
#5393=FILL_AREA_STYLE('',(#5676));
#5394=FILL_AREA_STYLE('',(#5677));
#5395=FILL_AREA_STYLE('',(#5678));
#5396=FILL_AREA_STYLE('',(#5679));
#5397=FILL_AREA_STYLE('',(#5680));
#5398=FILL_AREA_STYLE('',(#5681));
#5399=FILL_AREA_STYLE('',(#5682));
#5400=FILL_AREA_STYLE('',(#5683));
#5401=FILL_AREA_STYLE('',(#5684));
#5402=FILL_AREA_STYLE('',(#5685));
#5403=FILL_AREA_STYLE('',(#5686));
#5404=FILL_AREA_STYLE('',(#5687));
#5405=FILL_AREA_STYLE('',(#5688));
#5406=FILL_AREA_STYLE('',(#5689));
#5407=FILL_AREA_STYLE('',(#5690));
#5408=FILL_AREA_STYLE('',(#5691));
#5409=FILL_AREA_STYLE('',(#5692));
#5410=FILL_AREA_STYLE('',(#5693));
#5411=FILL_AREA_STYLE('',(#5694));
#5412=FILL_AREA_STYLE('',(#5695));
#5413=FILL_AREA_STYLE('',(#5696));
#5414=FILL_AREA_STYLE('',(#5697));
#5415=FILL_AREA_STYLE('',(#5698));
#5416=FILL_AREA_STYLE('',(#5699));
#5417=FILL_AREA_STYLE('',(#5700));
#5418=FILL_AREA_STYLE('',(#5701));
#5419=FILL_AREA_STYLE('',(#5702));
#5420=FILL_AREA_STYLE('',(#5703));
#5421=FILL_AREA_STYLE('',(#5704));
#5422=FILL_AREA_STYLE('',(#5705));
#5423=FILL_AREA_STYLE('',(#5706));
#5424=FILL_AREA_STYLE('',(#5707));
#5425=FILL_AREA_STYLE('',(#5708));
#5426=FILL_AREA_STYLE('',(#5709));
#5427=FILL_AREA_STYLE('',(#5710));
#5428=FILL_AREA_STYLE('',(#5711));
#5429=FILL_AREA_STYLE('',(#5712));
#5430=FILL_AREA_STYLE('',(#5713));
#5431=FILL_AREA_STYLE('',(#5714));
#5432=FILL_AREA_STYLE('',(#5715));
#5433=FILL_AREA_STYLE('',(#5716));
#5434=FILL_AREA_STYLE('',(#5717));
#5435=FILL_AREA_STYLE('',(#5718));
#5436=FILL_AREA_STYLE('',(#5719));
#5437=FILL_AREA_STYLE('',(#5720));
#5438=FILL_AREA_STYLE('',(#5721));
#5439=FILL_AREA_STYLE('',(#5722));
#5440=FILL_AREA_STYLE('',(#5723));
#5441=FILL_AREA_STYLE('',(#5724));
#5442=FILL_AREA_STYLE('',(#5725));
#5443=FILL_AREA_STYLE('',(#5726));
#5444=FILL_AREA_STYLE('',(#5727));
#5445=FILL_AREA_STYLE('',(#5728));
#5446=FILL_AREA_STYLE_COLOUR('',#5729);
#5447=FILL_AREA_STYLE_COLOUR('',#5729);
#5448=FILL_AREA_STYLE_COLOUR('',#5729);
#5449=FILL_AREA_STYLE_COLOUR('',#5729);
#5450=FILL_AREA_STYLE_COLOUR('',#5729);
#5451=FILL_AREA_STYLE_COLOUR('',#5729);
#5452=FILL_AREA_STYLE_COLOUR('',#5729);
#5453=FILL_AREA_STYLE_COLOUR('',#5729);
#5454=FILL_AREA_STYLE_COLOUR('',#5729);
#5455=FILL_AREA_STYLE_COLOUR('',#5729);
#5456=FILL_AREA_STYLE_COLOUR('',#5729);
#5457=FILL_AREA_STYLE_COLOUR('',#5730);
#5458=FILL_AREA_STYLE_COLOUR('',#5729);
#5459=FILL_AREA_STYLE_COLOUR('',#5729);
#5460=FILL_AREA_STYLE_COLOUR('',#5729);
#5461=FILL_AREA_STYLE_COLOUR('',#5729);
#5462=FILL_AREA_STYLE_COLOUR('',#5729);
#5463=FILL_AREA_STYLE_COLOUR('',#5730);
#5464=FILL_AREA_STYLE_COLOUR('',#5729);
#5465=FILL_AREA_STYLE_COLOUR('',#5729);
#5466=FILL_AREA_STYLE_COLOUR('',#5729);
#5467=FILL_AREA_STYLE_COLOUR('',#5729);
#5468=FILL_AREA_STYLE_COLOUR('',#5729);
#5469=FILL_AREA_STYLE_COLOUR('',#5729);
#5470=FILL_AREA_STYLE_COLOUR('',#5729);
#5471=FILL_AREA_STYLE_COLOUR('',#5729);
#5472=FILL_AREA_STYLE_COLOUR('',#5729);
#5473=FILL_AREA_STYLE_COLOUR('',#5729);
#5474=FILL_AREA_STYLE_COLOUR('',#5729);
#5475=FILL_AREA_STYLE_COLOUR('',#5729);
#5476=FILL_AREA_STYLE_COLOUR('',#5729);
#5477=FILL_AREA_STYLE_COLOUR('',#5729);
#5478=FILL_AREA_STYLE_COLOUR('',#5729);
#5479=FILL_AREA_STYLE_COLOUR('',#5729);
#5480=FILL_AREA_STYLE_COLOUR('',#5729);
#5481=FILL_AREA_STYLE_COLOUR('',#5729);
#5482=FILL_AREA_STYLE_COLOUR('',#5729);
#5483=FILL_AREA_STYLE_COLOUR('',#5729);
#5484=FILL_AREA_STYLE_COLOUR('',#5729);
#5485=FILL_AREA_STYLE_COLOUR('',#5729);
#5486=FILL_AREA_STYLE_COLOUR('',#5729);
#5487=FILL_AREA_STYLE_COLOUR('',#5729);
#5488=FILL_AREA_STYLE_COLOUR('',#5729);
#5489=FILL_AREA_STYLE_COLOUR('',#5729);
#5490=FILL_AREA_STYLE_COLOUR('',#5729);
#5491=FILL_AREA_STYLE_COLOUR('',#5729);
#5492=FILL_AREA_STYLE_COLOUR('',#5729);
#5493=FILL_AREA_STYLE_COLOUR('',#5729);
#5494=FILL_AREA_STYLE_COLOUR('',#5729);
#5495=FILL_AREA_STYLE_COLOUR('',#5729);
#5496=FILL_AREA_STYLE_COLOUR('',#5729);
#5497=FILL_AREA_STYLE_COLOUR('',#5729);
#5498=FILL_AREA_STYLE_COLOUR('',#5729);
#5499=FILL_AREA_STYLE_COLOUR('',#5729);
#5500=FILL_AREA_STYLE_COLOUR('',#5729);
#5501=FILL_AREA_STYLE_COLOUR('',#5729);
#5502=FILL_AREA_STYLE_COLOUR('',#5729);
#5503=FILL_AREA_STYLE_COLOUR('',#5729);
#5504=FILL_AREA_STYLE_COLOUR('',#5729);
#5505=FILL_AREA_STYLE_COLOUR('',#5729);
#5506=FILL_AREA_STYLE_COLOUR('',#5729);
#5507=FILL_AREA_STYLE_COLOUR('',#5729);
#5508=FILL_AREA_STYLE_COLOUR('',#5729);
#5509=FILL_AREA_STYLE_COLOUR('',#5729);
#5510=FILL_AREA_STYLE_COLOUR('',#5729);
#5511=FILL_AREA_STYLE_COLOUR('',#5729);
#5512=FILL_AREA_STYLE_COLOUR('',#5729);
#5513=FILL_AREA_STYLE_COLOUR('',#5729);
#5514=FILL_AREA_STYLE_COLOUR('',#5729);
#5515=FILL_AREA_STYLE_COLOUR('',#5729);
#5516=FILL_AREA_STYLE_COLOUR('',#5729);
#5517=FILL_AREA_STYLE_COLOUR('',#5729);
#5518=FILL_AREA_STYLE_COLOUR('',#5729);
#5519=FILL_AREA_STYLE_COLOUR('',#5730);
#5520=FILL_AREA_STYLE_COLOUR('',#5730);
#5521=FILL_AREA_STYLE_COLOUR('',#5729);
#5522=FILL_AREA_STYLE_COLOUR('',#5729);
#5523=FILL_AREA_STYLE_COLOUR('',#5729);
#5524=FILL_AREA_STYLE_COLOUR('',#5729);
#5525=FILL_AREA_STYLE_COLOUR('',#5729);
#5526=FILL_AREA_STYLE_COLOUR('',#5730);
#5527=FILL_AREA_STYLE_COLOUR('',#5730);
#5528=FILL_AREA_STYLE_COLOUR('',#5729);
#5529=FILL_AREA_STYLE_COLOUR('',#5730);
#5530=FILL_AREA_STYLE_COLOUR('',#5730);
#5531=FILL_AREA_STYLE_COLOUR('',#5729);
#5532=FILL_AREA_STYLE_COLOUR('',#5730);
#5533=FILL_AREA_STYLE_COLOUR('',#5730);
#5534=FILL_AREA_STYLE_COLOUR('',#5729);
#5535=FILL_AREA_STYLE_COLOUR('',#5729);
#5536=FILL_AREA_STYLE_COLOUR('',#5730);
#5537=FILL_AREA_STYLE_COLOUR('',#5730);
#5538=FILL_AREA_STYLE_COLOUR('',#5730);
#5539=FILL_AREA_STYLE_COLOUR('',#5730);
#5540=FILL_AREA_STYLE_COLOUR('',#5729);
#5541=FILL_AREA_STYLE_COLOUR('',#5729);
#5542=FILL_AREA_STYLE_COLOUR('',#5729);
#5543=FILL_AREA_STYLE_COLOUR('',#5729);
#5544=FILL_AREA_STYLE_COLOUR('',#5729);
#5545=FILL_AREA_STYLE_COLOUR('',#5730);
#5546=FILL_AREA_STYLE_COLOUR('',#5729);
#5547=FILL_AREA_STYLE_COLOUR('',#5729);
#5548=FILL_AREA_STYLE_COLOUR('',#5730);
#5549=FILL_AREA_STYLE_COLOUR('',#5730);
#5550=FILL_AREA_STYLE_COLOUR('',#5730);
#5551=FILL_AREA_STYLE_COLOUR('',#5730);
#5552=FILL_AREA_STYLE_COLOUR('',#5729);
#5553=FILL_AREA_STYLE_COLOUR('',#5729);
#5554=FILL_AREA_STYLE_COLOUR('',#5729);
#5555=FILL_AREA_STYLE_COLOUR('',#5729);
#5556=FILL_AREA_STYLE_COLOUR('',#5729);
#5557=FILL_AREA_STYLE_COLOUR('',#5730);
#5558=FILL_AREA_STYLE_COLOUR('',#5729);
#5559=FILL_AREA_STYLE_COLOUR('',#5729);
#5560=FILL_AREA_STYLE_COLOUR('',#5729);
#5561=FILL_AREA_STYLE_COLOUR('',#5729);
#5562=FILL_AREA_STYLE_COLOUR('',#5729);
#5563=FILL_AREA_STYLE_COLOUR('',#5729);
#5564=FILL_AREA_STYLE_COLOUR('',#5729);
#5565=FILL_AREA_STYLE_COLOUR('',#5729);
#5566=FILL_AREA_STYLE_COLOUR('',#5729);
#5567=FILL_AREA_STYLE_COLOUR('',#5729);
#5568=FILL_AREA_STYLE_COLOUR('',#5729);
#5569=FILL_AREA_STYLE_COLOUR('',#5729);
#5570=FILL_AREA_STYLE_COLOUR('',#5729);
#5571=FILL_AREA_STYLE_COLOUR('',#5729);
#5572=FILL_AREA_STYLE_COLOUR('',#5729);
#5573=FILL_AREA_STYLE_COLOUR('',#5729);
#5574=FILL_AREA_STYLE_COLOUR('',#5729);
#5575=FILL_AREA_STYLE_COLOUR('',#5729);
#5576=FILL_AREA_STYLE_COLOUR('',#5729);
#5577=FILL_AREA_STYLE_COLOUR('',#5729);
#5578=FILL_AREA_STYLE_COLOUR('',#5729);
#5579=FILL_AREA_STYLE_COLOUR('',#5729);
#5580=FILL_AREA_STYLE_COLOUR('',#5729);
#5581=FILL_AREA_STYLE_COLOUR('',#5729);
#5582=FILL_AREA_STYLE_COLOUR('',#5729);
#5583=FILL_AREA_STYLE_COLOUR('',#5729);
#5584=FILL_AREA_STYLE_COLOUR('',#5729);
#5585=FILL_AREA_STYLE_COLOUR('',#5729);
#5586=FILL_AREA_STYLE_COLOUR('',#5729);
#5587=FILL_AREA_STYLE_COLOUR('',#5729);
#5588=FILL_AREA_STYLE_COLOUR('',#5729);
#5589=FILL_AREA_STYLE_COLOUR('',#5729);
#5590=FILL_AREA_STYLE_COLOUR('',#5729);
#5591=FILL_AREA_STYLE_COLOUR('',#5729);
#5592=FILL_AREA_STYLE_COLOUR('',#5729);
#5593=FILL_AREA_STYLE_COLOUR('',#5729);
#5594=FILL_AREA_STYLE_COLOUR('',#5729);
#5595=FILL_AREA_STYLE_COLOUR('',#5729);
#5596=FILL_AREA_STYLE_COLOUR('',#5729);
#5597=FILL_AREA_STYLE_COLOUR('',#5729);
#5598=FILL_AREA_STYLE_COLOUR('',#5729);
#5599=FILL_AREA_STYLE_COLOUR('',#5729);
#5600=FILL_AREA_STYLE_COLOUR('',#5729);
#5601=FILL_AREA_STYLE_COLOUR('',#5729);
#5602=FILL_AREA_STYLE_COLOUR('',#5729);
#5603=FILL_AREA_STYLE_COLOUR('',#5729);
#5604=FILL_AREA_STYLE_COLOUR('',#5729);
#5605=FILL_AREA_STYLE_COLOUR('',#5729);
#5606=FILL_AREA_STYLE_COLOUR('',#5729);
#5607=FILL_AREA_STYLE_COLOUR('',#5730);
#5608=FILL_AREA_STYLE_COLOUR('',#5730);
#5609=FILL_AREA_STYLE_COLOUR('',#5729);
#5610=FILL_AREA_STYLE_COLOUR('',#5729);
#5611=FILL_AREA_STYLE_COLOUR('',#5729);
#5612=FILL_AREA_STYLE_COLOUR('',#5729);
#5613=FILL_AREA_STYLE_COLOUR('',#5729);
#5614=FILL_AREA_STYLE_COLOUR('',#5729);
#5615=FILL_AREA_STYLE_COLOUR('',#5729);
#5616=FILL_AREA_STYLE_COLOUR('',#5729);
#5617=FILL_AREA_STYLE_COLOUR('',#5729);
#5618=FILL_AREA_STYLE_COLOUR('',#5729);
#5619=FILL_AREA_STYLE_COLOUR('',#5729);
#5620=FILL_AREA_STYLE_COLOUR('',#5729);
#5621=FILL_AREA_STYLE_COLOUR('',#5729);
#5622=FILL_AREA_STYLE_COLOUR('',#5729);
#5623=FILL_AREA_STYLE_COLOUR('',#5729);
#5624=FILL_AREA_STYLE_COLOUR('',#5729);
#5625=FILL_AREA_STYLE_COLOUR('',#5729);
#5626=FILL_AREA_STYLE_COLOUR('',#5729);
#5627=FILL_AREA_STYLE_COLOUR('',#5729);
#5628=FILL_AREA_STYLE_COLOUR('',#5729);
#5629=FILL_AREA_STYLE_COLOUR('',#5729);
#5630=FILL_AREA_STYLE_COLOUR('',#5729);
#5631=FILL_AREA_STYLE_COLOUR('',#5729);
#5632=FILL_AREA_STYLE_COLOUR('',#5729);
#5633=FILL_AREA_STYLE_COLOUR('',#5729);
#5634=FILL_AREA_STYLE_COLOUR('',#5729);
#5635=FILL_AREA_STYLE_COLOUR('',#5729);
#5636=FILL_AREA_STYLE_COLOUR('',#5729);
#5637=FILL_AREA_STYLE_COLOUR('',#5729);
#5638=FILL_AREA_STYLE_COLOUR('',#5729);
#5639=FILL_AREA_STYLE_COLOUR('',#5729);
#5640=FILL_AREA_STYLE_COLOUR('',#5729);
#5641=FILL_AREA_STYLE_COLOUR('',#5729);
#5642=FILL_AREA_STYLE_COLOUR('',#5729);
#5643=FILL_AREA_STYLE_COLOUR('',#5729);
#5644=FILL_AREA_STYLE_COLOUR('',#5729);
#5645=FILL_AREA_STYLE_COLOUR('',#5729);
#5646=FILL_AREA_STYLE_COLOUR('',#5729);
#5647=FILL_AREA_STYLE_COLOUR('',#5729);
#5648=FILL_AREA_STYLE_COLOUR('',#5729);
#5649=FILL_AREA_STYLE_COLOUR('',#5729);
#5650=FILL_AREA_STYLE_COLOUR('',#5729);
#5651=FILL_AREA_STYLE_COLOUR('',#5729);
#5652=FILL_AREA_STYLE_COLOUR('',#5729);
#5653=FILL_AREA_STYLE_COLOUR('',#5729);
#5654=FILL_AREA_STYLE_COLOUR('',#5729);
#5655=FILL_AREA_STYLE_COLOUR('',#5729);
#5656=FILL_AREA_STYLE_COLOUR('',#5729);
#5657=FILL_AREA_STYLE_COLOUR('',#5729);
#5658=FILL_AREA_STYLE_COLOUR('',#5729);
#5659=FILL_AREA_STYLE_COLOUR('',#5729);
#5660=FILL_AREA_STYLE_COLOUR('',#5729);
#5661=FILL_AREA_STYLE_COLOUR('',#5729);
#5662=FILL_AREA_STYLE_COLOUR('',#5729);
#5663=FILL_AREA_STYLE_COLOUR('',#5729);
#5664=FILL_AREA_STYLE_COLOUR('',#5729);
#5665=FILL_AREA_STYLE_COLOUR('',#5729);
#5666=FILL_AREA_STYLE_COLOUR('',#5729);
#5667=FILL_AREA_STYLE_COLOUR('',#5729);
#5668=FILL_AREA_STYLE_COLOUR('',#5729);
#5669=FILL_AREA_STYLE_COLOUR('',#5729);
#5670=FILL_AREA_STYLE_COLOUR('',#5729);
#5671=FILL_AREA_STYLE_COLOUR('',#5729);
#5672=FILL_AREA_STYLE_COLOUR('',#5729);
#5673=FILL_AREA_STYLE_COLOUR('',#5729);
#5674=FILL_AREA_STYLE_COLOUR('',#5729);
#5675=FILL_AREA_STYLE_COLOUR('',#5729);
#5676=FILL_AREA_STYLE_COLOUR('',#5729);
#5677=FILL_AREA_STYLE_COLOUR('',#5729);
#5678=FILL_AREA_STYLE_COLOUR('',#5729);
#5679=FILL_AREA_STYLE_COLOUR('',#5729);
#5680=FILL_AREA_STYLE_COLOUR('',#5729);
#5681=FILL_AREA_STYLE_COLOUR('',#5729);
#5682=FILL_AREA_STYLE_COLOUR('',#5729);
#5683=FILL_AREA_STYLE_COLOUR('',#5729);
#5684=FILL_AREA_STYLE_COLOUR('',#5729);
#5685=FILL_AREA_STYLE_COLOUR('',#5729);
#5686=FILL_AREA_STYLE_COLOUR('',#5729);
#5687=FILL_AREA_STYLE_COLOUR('',#5729);
#5688=FILL_AREA_STYLE_COLOUR('',#5729);
#5689=FILL_AREA_STYLE_COLOUR('',#5729);
#5690=FILL_AREA_STYLE_COLOUR('',#5729);
#5691=FILL_AREA_STYLE_COLOUR('',#5729);
#5692=FILL_AREA_STYLE_COLOUR('',#5729);
#5693=FILL_AREA_STYLE_COLOUR('',#5729);
#5694=FILL_AREA_STYLE_COLOUR('',#5729);
#5695=FILL_AREA_STYLE_COLOUR('',#5729);
#5696=FILL_AREA_STYLE_COLOUR('',#5729);
#5697=FILL_AREA_STYLE_COLOUR('',#5729);
#5698=FILL_AREA_STYLE_COLOUR('',#5729);
#5699=FILL_AREA_STYLE_COLOUR('',#5729);
#5700=FILL_AREA_STYLE_COLOUR('',#5729);
#5701=FILL_AREA_STYLE_COLOUR('',#5729);
#5702=FILL_AREA_STYLE_COLOUR('',#5729);
#5703=FILL_AREA_STYLE_COLOUR('',#5729);
#5704=FILL_AREA_STYLE_COLOUR('',#5729);
#5705=FILL_AREA_STYLE_COLOUR('',#5729);
#5706=FILL_AREA_STYLE_COLOUR('',#5729);
#5707=FILL_AREA_STYLE_COLOUR('',#5729);
#5708=FILL_AREA_STYLE_COLOUR('',#5729);
#5709=FILL_AREA_STYLE_COLOUR('',#5729);
#5710=FILL_AREA_STYLE_COLOUR('',#5729);
#5711=FILL_AREA_STYLE_COLOUR('',#5729);
#5712=FILL_AREA_STYLE_COLOUR('',#5729);
#5713=FILL_AREA_STYLE_COLOUR('',#5729);
#5714=FILL_AREA_STYLE_COLOUR('',#5729);
#5715=FILL_AREA_STYLE_COLOUR('',#5729);
#5716=FILL_AREA_STYLE_COLOUR('',#5729);
#5717=FILL_AREA_STYLE_COLOUR('',#5729);
#5718=FILL_AREA_STYLE_COLOUR('',#5729);
#5719=FILL_AREA_STYLE_COLOUR('',#5729);
#5720=FILL_AREA_STYLE_COLOUR('',#5729);
#5721=FILL_AREA_STYLE_COLOUR('',#5729);
#5722=FILL_AREA_STYLE_COLOUR('',#5729);
#5723=FILL_AREA_STYLE_COLOUR('',#5729);
#5724=FILL_AREA_STYLE_COLOUR('',#5729);
#5725=FILL_AREA_STYLE_COLOUR('',#5729);
#5726=FILL_AREA_STYLE_COLOUR('',#5729);
#5727=FILL_AREA_STYLE_COLOUR('',#5730);
#5728=FILL_AREA_STYLE_COLOUR('',#5730);
#5729=COLOUR_RGB('',0.180000007152557,0.180000007152557,0.170526325702667);
#5730=COLOUR_RGB('',0.14124122262001,0.138600006699562,0.180000007152557);
#5731=ADVANCED_FACE('',(#3154),#3640,.F.);
#5732=ADVANCED_FACE('',(#3155),#3641,.F.);
#5733=ADVANCED_FACE('',(#3156),#3642,.F.);
#5734=ADVANCED_FACE('',(#3157),#3643,.F.);
#5735=ADVANCED_FACE('',(#3158,#3159),#191,.F.);
#5736=ADVANCED_FACE('',(#3160,#3161),#192,.F.);
#5737=ADVANCED_FACE('',(#3162),#193,.F.);
#5738=ADVANCED_FACE('',(#3163),#194,.F.);
#5739=ADVANCED_FACE('',(#3164),#195,.F.);
#5740=ADVANCED_FACE('',(#3165),#196,.F.);
#5741=ADVANCED_FACE('',(#3166,#3167,#3168,#3169,#3170,#3171,#3172,#3173),
#3644,.T.);
#5742=ADVANCED_FACE('',(#3174,#3175),#197,.F.);
#5743=ADVANCED_FACE('',(#3176),#198,.F.);
#5744=ADVANCED_FACE('',(#3177),#3645,.F.);
#5745=ADVANCED_FACE('',(#3178),#199,.F.);
#5746=ADVANCED_FACE('',(#3179),#3646,.F.);
#5747=ADVANCED_FACE('',(#3180),#3647,.F.);
#5748=ADVANCED_FACE('',(#3181,#3182),#200,.F.);
#5749=ADVANCED_FACE('',(#3183),#3648,.F.);
#5750=ADVANCED_FACE('',(#3184,#3185),#201,.F.);
#5751=ADVANCED_FACE('',(#3186,#3187),#202,.F.);
#5752=ADVANCED_FACE('',(#3188),#203,.F.);
#5753=ADVANCED_FACE('',(#3189),#3649,.F.);
#5754=ADVANCED_FACE('',(#3190),#3650,.F.);
#5755=ADVANCED_FACE('',(#3191),#204,.F.);
#5756=ADVANCED_FACE('',(#3192),#3651,.F.);
#5757=ADVANCED_FACE('',(#3193),#3652,.F.);
#5758=ADVANCED_FACE('',(#3194),#3653,.F.);
#5759=ADVANCED_FACE('',(#3195),#3654,.F.);
#5760=ADVANCED_FACE('',(#3196),#3655,.F.);
#5761=ADVANCED_FACE('',(#3197),#3656,.F.);
#5762=ADVANCED_FACE('',(#3198),#3657,.F.);
#5763=ADVANCED_FACE('',(#3199),#3658,.F.);
#5764=ADVANCED_FACE('',(#3200),#3659,.F.);
#5765=ADVANCED_FACE('',(#3201),#3660,.F.);
#5766=ADVANCED_FACE('',(#3202),#3661,.F.);
#5767=ADVANCED_FACE('',(#3203),#3662,.F.);
#5768=ADVANCED_FACE('',(#3204),#3663,.F.);
#5769=ADVANCED_FACE('',(#3205),#3664,.F.);
#5770=ADVANCED_FACE('',(#3206,#3207),#205,.T.);
#5771=ADVANCED_FACE('',(#3208,#3209),#206,.F.);
#5772=ADVANCED_FACE('',(#3210,#3211),#207,.F.);
#5773=ADVANCED_FACE('',(#3212,#3213),#208,.F.);
#5774=ADVANCED_FACE('',(#3214,#3215),#209,.F.);
#5775=ADVANCED_FACE('',(#3216,#3217),#210,.F.);
#5776=ADVANCED_FACE('',(#3218,#3219),#211,.F.);
#5777=ADVANCED_FACE('',(#3220,#3221),#212,.F.);
#5778=ADVANCED_FACE('',(#3222,#3223),#213,.F.);
#5779=ADVANCED_FACE('',(#3224),#3665,.F.);
#5780=ADVANCED_FACE('',(#3225),#3666,.F.);
#5781=ADVANCED_FACE('',(#3226),#3667,.F.);
#5782=ADVANCED_FACE('',(#3227),#3668,.F.);
#5783=ADVANCED_FACE('',(#3228),#3669,.F.);
#5784=ADVANCED_FACE('',(#3229),#3670,.F.);
#5785=ADVANCED_FACE('',(#3230),#3671,.F.);
#5786=ADVANCED_FACE('',(#3231),#3672,.F.);
#5787=ADVANCED_FACE('',(#3232),#3673,.F.);
#5788=ADVANCED_FACE('',(#3233),#3674,.F.);
#5789=ADVANCED_FACE('',(#3234),#3675,.F.);
#5790=ADVANCED_FACE('',(#3235),#3676,.F.);
#5791=ADVANCED_FACE('',(#3236),#3677,.F.);
#5792=ADVANCED_FACE('',(#3237),#3678,.F.);
#5793=ADVANCED_FACE('',(#3238),#3679,.F.);
#5794=ADVANCED_FACE('',(#3239),#3680,.F.);
#5795=ADVANCED_FACE('',(#3240),#3681,.F.);
#5796=ADVANCED_FACE('',(#3241),#3682,.F.);
#5797=ADVANCED_FACE('',(#3242),#3683,.F.);
#5798=ADVANCED_FACE('',(#3243),#3684,.F.);
#5799=ADVANCED_FACE('',(#3244),#3685,.F.);
#5800=ADVANCED_FACE('',(#3245),#3686,.F.);
#5801=ADVANCED_FACE('',(#3246,#3247),#30,.T.);
#5802=ADVANCED_FACE('',(#3248,#3249,#3250,#3251),#214,.F.);
#5803=ADVANCED_FACE('',(#3252,#3253,#3254,#3255),#215,.F.);
#5804=ADVANCED_FACE('',(#3256,#3257),#216,.F.);
#5805=ADVANCED_FACE('',(#3258,#3259),#217,.F.);
#5806=ADVANCED_FACE('',(#3260,#3261),#218,.F.);
#5807=ADVANCED_FACE('',(#3262,#3263),#219,.F.);
#5808=ADVANCED_FACE('',(#3264,#3265,#3266,#3267,#3268,#3269,#3270,#3271,
#3272,#3273,#3274,#3275,#3276,#3277,#3278,#3279),#3687,.T.);
#5809=ADVANCED_FACE('',(#3280),#3688,.F.);
#5810=ADVANCED_FACE('',(#3281),#3689,.F.);
#5811=ADVANCED_FACE('',(#3282,#3283),#220,.F.);
#5812=ADVANCED_FACE('',(#3284,#3285),#221,.F.);
#5813=ADVANCED_FACE('',(#3286,#3287),#222,.F.);
#5814=ADVANCED_FACE('',(#3288,#3289),#223,.F.);
#5815=ADVANCED_FACE('',(#3290,#3291),#224,.F.);
#5816=ADVANCED_FACE('',(#3292,#3293),#225,.F.);
#5817=ADVANCED_FACE('',(#3294,#3295),#226,.F.);
#5818=ADVANCED_FACE('',(#3296,#3297),#227,.F.);
#5819=ADVANCED_FACE('',(#3298),#3690,.F.);
#5820=ADVANCED_FACE('',(#3299),#3691,.F.);
#5821=ADVANCED_FACE('',(#3300,#3301),#228,.F.);
#5822=ADVANCED_FACE('',(#3302,#3303),#229,.F.);
#5823=ADVANCED_FACE('',(#3304,#3305),#230,.F.);
#5824=ADVANCED_FACE('',(#3306,#3307),#231,.F.);
#5825=ADVANCED_FACE('',(#3308,#3309),#232,.F.);
#5826=ADVANCED_FACE('',(#3310,#3311),#233,.F.);
#5827=ADVANCED_FACE('',(#3312,#3313),#234,.F.);
#5828=ADVANCED_FACE('',(#3314,#3315),#235,.F.);
#5829=ADVANCED_FACE('',(#3316,#3317),#31,.F.);
#5830=ADVANCED_FACE('',(#3318,#3319),#236,.F.);
#5831=ADVANCED_FACE('',(#3320),#3692,.F.);
#5832=ADVANCED_FACE('',(#3321),#3693,.F.);
#5833=ADVANCED_FACE('',(#3322,#3323),#237,.F.);
#5834=ADVANCED_FACE('',(#3324,#3325),#238,.F.);
#5835=ADVANCED_FACE('',(#3326,#3327),#239,.F.);
#5836=ADVANCED_FACE('',(#3328,#3329),#240,.F.);
#5837=ADVANCED_FACE('',(#3330,#3331),#241,.F.);
#5838=ADVANCED_FACE('',(#3332,#3333),#242,.F.);
#5839=ADVANCED_FACE('',(#3334,#3335),#243,.F.);
#5840=ADVANCED_FACE('',(#3336,#3337),#244,.F.);
#5841=ADVANCED_FACE('',(#3338,#3339),#32,.F.);
#5842=ADVANCED_FACE('',(#3340,#3341),#245,.F.);
#5843=ADVANCED_FACE('',(#3342,#3343),#3694,.T.);
#5844=ADVANCED_FACE('',(#3344),#3695,.F.);
#5845=ADVANCED_FACE('',(#3345),#33,.F.);
#5846=ADVANCED_FACE('',(#3346),#34,.F.);
#5847=ADVANCED_FACE('',(#3347),#3696,.F.);
#5848=ADVANCED_FACE('',(#3348,#3349),#3697,.F.);
#5849=ADVANCED_FACE('',(#3350,#3351),#3698,.F.);
#5850=ADVANCED_FACE('',(#3352,#3353,#3354,#3355,#3356,#3357,#3358,#3359),
#3699,.T.);
#5851=ADVANCED_FACE('',(#3360,#3361),#246,.F.);
#5852=ADVANCED_FACE('',(#3362,#3363),#247,.F.);
#5853=ADVANCED_FACE('',(#3364,#3365),#248,.F.);
#5854=ADVANCED_FACE('',(#3366,#3367,#3368,#3369),#3700,.T.);
#5855=ADVANCED_FACE('',(#3370),#249,.F.);
#5856=ADVANCED_FACE('',(#3371,#3372,#3373,#3374),#3701,.T.);
#5857=ADVANCED_FACE('',(#3375),#250,.F.);
#5858=ADVANCED_FACE('',(#3376,#3377),#3702,.F.);
#5859=ADVANCED_FACE('',(#3378),#251,.F.);
#5860=ADVANCED_FACE('',(#3379,#3380),#3703,.F.);
#5861=ADVANCED_FACE('',(#3381),#35,.T.);
#5862=ADVANCED_FACE('',(#3382),#36,.T.);
#5863=ADVANCED_FACE('',(#3383,#3384,#3385,#3386,#3387,#3388,#3389,#3390,
#3391,#3392),#3704,.T.);
#5864=ADVANCED_FACE('',(#3393),#252,.F.);
#5865=ADVANCED_FACE('',(#3394,#3395),#3705,.F.);
#5866=ADVANCED_FACE('',(#3396),#37,.T.);
#5867=ADVANCED_FACE('',(#3397),#38,.T.);
#5868=ADVANCED_FACE('',(#3398,#3399,#3400,#3401,#3402,#3403,#3404,#3405,
#3406,#3407),#3706,.T.);
#5869=ADVANCED_FACE('',(#3408),#253,.F.);
#5870=ADVANCED_FACE('',(#3409,#3410),#3707,.F.);
#5871=ADVANCED_FACE('',(#3411,#3412),#39,.T.);
#5872=ADVANCED_FACE('',(#3413),#3708,.F.);
#5873=ADVANCED_FACE('',(#3414),#254,.F.);
#5874=ADVANCED_FACE('',(#3415),#3709,.F.);
#5875=ADVANCED_FACE('',(#3416),#40,.T.);
#5876=ADVANCED_FACE('',(#3417),#3710,.F.);
#5877=ADVANCED_FACE('',(#3418),#255,.F.);
#5878=ADVANCED_FACE('',(#3419),#3711,.F.);
#5879=ADVANCED_FACE('',(#3420),#41,.T.);
#5880=ADVANCED_FACE('',(#3421),#256,.F.);
#5881=ADVANCED_FACE('',(#3422),#3712,.F.);
#5882=ADVANCED_FACE('',(#3423),#257,.F.);
#5883=ADVANCED_FACE('',(#3424),#3713,.F.);
#5884=ADVANCED_FACE('',(#3425),#258,.F.);
#5885=ADVANCED_FACE('',(#3426),#3714,.F.);
#5886=ADVANCED_FACE('',(#3427),#259,.F.);
#5887=ADVANCED_FACE('',(#3428),#3715,.F.);
#5888=ADVANCED_FACE('',(#3429,#3430,#3431,#3432,#3433,#3434,#3435,#3436,
#3437,#3438),#260,.T.);
#5889=ADVANCED_FACE('',(#3439),#261,.F.);
#5890=ADVANCED_FACE('',(#3440,#3441),#262,.F.);
#5891=ADVANCED_FACE('',(#3442,#3443),#263,.F.);
#5892=ADVANCED_FACE('',(#3444,#3445),#264,.F.);
#5893=ADVANCED_FACE('',(#3446,#3447),#265,.F.);
#5894=ADVANCED_FACE('',(#3448),#266,.F.);
#5895=ADVANCED_FACE('',(#3449),#3716,.F.);
#5896=ADVANCED_FACE('',(#3450),#267,.F.);
#5897=ADVANCED_FACE('',(#3451),#3717,.F.);
#5898=ADVANCED_FACE('',(#3452),#268,.F.);
#5899=ADVANCED_FACE('',(#3453),#3718,.F.);
#5900=ADVANCED_FACE('',(#3454),#269,.F.);
#5901=ADVANCED_FACE('',(#3455),#3719,.F.);
#5902=ADVANCED_FACE('',(#3456,#3457,#3458,#3459,#3460,#3461,#3462,#3463),
#3720,.T.);
#5903=ADVANCED_FACE('',(#3464,#3465,#3466,#3467,#3468,#3469,#3470,#3471,
#3472),#270,.F.);
#5904=ADVANCED_FACE('',(#3473),#3721,.F.);
#5905=ADVANCED_FACE('',(#3474,#3475),#271,.F.);
#5906=ADVANCED_FACE('',(#3476),#3722,.T.);
#5907=ADVANCED_FACE('',(#3477,#3478,#3479,#3480),#3723,.F.);
#5908=ADVANCED_FACE('',(#3481),#3724,.T.);
#5909=ADVANCED_FACE('',(#3482),#3725,.F.);
#5910=ADVANCED_FACE('',(#3483,#3484),#272,.F.);
#5911=ADVANCED_FACE('',(#3485),#3726,.T.);
#5912=ADVANCED_FACE('',(#3486),#273,.F.);
#5913=ADVANCED_FACE('',(#3487),#274,.F.);
#5914=ADVANCED_FACE('',(#3488,#3489),#42,.F.);
#5915=ADVANCED_FACE('',(#3490,#3491),#43,.F.);
#5916=ADVANCED_FACE('',(#3492),#44,.F.);
#5917=ADVANCED_FACE('',(#3493),#3727,.F.);
#5918=ADVANCED_FACE('',(#3494),#3728,.T.);
#5919=ADVANCED_FACE('',(#3495),#45,.F.);
#5920=ADVANCED_FACE('',(#3496),#46,.F.);
#5921=ADVANCED_FACE('',(#3497),#3729,.F.);
#5922=ADVANCED_FACE('',(#3498),#3730,.F.);
#5923=ADVANCED_FACE('',(#3499),#47,.F.);
#5924=ADVANCED_FACE('',(#3500),#48,.F.);
#5925=ADVANCED_FACE('',(#3501),#3731,.F.);
#5926=ADVANCED_FACE('',(#3502),#3732,.T.);
#5927=ADVANCED_FACE('',(#3503),#20,.T.);
#5928=ADVANCED_FACE('',(#3504),#3733,.F.);
#5929=ADVANCED_FACE('',(#3505,#3506),#49,.F.);
#5930=ADVANCED_FACE('',(#3507,#3508),#50,.F.);
#5931=ADVANCED_FACE('',(#3509,#3510),#51,.F.);
#5932=ADVANCED_FACE('',(#3511,#3512),#52,.F.);
#5933=ADVANCED_FACE('',(#3513,#3514),#53,.F.);
#5934=ADVANCED_FACE('',(#3515,#3516),#54,.F.);
#5935=ADVANCED_FACE('',(#3517),#21,.T.);
#5936=ADVANCED_FACE('',(#3518),#3734,.T.);
#5937=ADVANCED_FACE('',(#3519),#55,.T.);
#5938=ADVANCED_FACE('',(#3520),#22,.T.);
#5939=ADVANCED_FACE('',(#3521),#23,.T.);
#5940=ADVANCED_FACE('',(#3522),#56,.T.);
#5941=ADVANCED_FACE('',(#3523),#3735,.F.);
#5942=ADVANCED_FACE('',(#3524),#24,.T.);
#5943=ADVANCED_FACE('',(#3525),#57,.F.);
#5944=ADVANCED_FACE('',(#3526),#3736,.T.);
#5945=ADVANCED_FACE('',(#3527),#3737,.T.);
#5946=ADVANCED_FACE('',(#3528),#58,.F.);
#5947=ADVANCED_FACE('',(#3529),#59,.F.);
#5948=ADVANCED_FACE('',(#3530),#3738,.T.);
#5949=ADVANCED_FACE('',(#3531),#3739,.T.);
#5950=ADVANCED_FACE('',(#3532),#60,.F.);
#5951=ADVANCED_FACE('',(#3533),#3740,.T.);
#5952=ADVANCED_FACE('',(#3534),#25,.T.);
#5953=ADVANCED_FACE('',(#3535),#3741,.F.);
#5954=ADVANCED_FACE('',(#3536,#3537),#61,.F.);
#5955=ADVANCED_FACE('',(#3538,#3539),#62,.F.);
#5956=ADVANCED_FACE('',(#3540,#3541),#63,.F.);
#5957=ADVANCED_FACE('',(#3542,#3543),#64,.F.);
#5958=ADVANCED_FACE('',(#3544,#3545),#65,.F.);
#5959=ADVANCED_FACE('',(#3546,#3547),#66,.F.);
#5960=ADVANCED_FACE('',(#3548),#3742,.T.);
#5961=ADVANCED_FACE('',(#3549),#67,.F.);
#5962=ADVANCED_FACE('',(#3550),#68,.F.);
#5963=ADVANCED_FACE('',(#3551),#3743,.T.);
#5964=ADVANCED_FACE('',(#3552),#3744,.T.);
#5965=ADVANCED_FACE('',(#3553),#69,.F.);
#5966=ADVANCED_FACE('',(#3554),#70,.F.);
#5967=ADVANCED_FACE('',(#3555),#3745,.T.);
#5968=ADVANCED_FACE('',(#3556),#26,.T.);
#5969=ADVANCED_FACE('',(#3557),#3746,.T.);
#5970=ADVANCED_FACE('',(#3558),#71,.T.);
#5971=ADVANCED_FACE('',(#3559),#27,.T.);
#5972=ADVANCED_FACE('',(#3560),#28,.T.);
#5973=ADVANCED_FACE('',(#3561),#72,.T.);
#5974=ADVANCED_FACE('',(#3562),#3747,.F.);
#5975=ADVANCED_FACE('',(#3563),#29,.T.);
#5976=ADVANCED_FACE('',(#3564,#3565),#73,.F.);
#5977=ADVANCED_FACE('',(#3566,#3567),#74,.F.);
#5978=ADVANCED_FACE('',(#3568,#3569),#75,.F.);
#5979=ADVANCED_FACE('',(#3570,#3571),#76,.F.);
#5980=ADVANCED_FACE('',(#3572,#3573),#77,.F.);
#5981=ADVANCED_FACE('',(#3574,#3575),#78,.F.);
#5982=ADVANCED_FACE('',(#3576,#3577),#79,.F.);
#5983=ADVANCED_FACE('',(#3578,#3579),#80,.F.);
#5984=ADVANCED_FACE('',(#3580,#3581),#81,.F.);
#5985=ADVANCED_FACE('',(#3582,#3583),#82,.F.);
#5986=ADVANCED_FACE('',(#3584,#3585),#83,.F.);
#5987=ADVANCED_FACE('',(#3586,#3587),#84,.F.);
#5988=ADVANCED_FACE('',(#3588,#3589),#85,.F.);
#5989=ADVANCED_FACE('',(#3590,#3591),#86,.F.);
#5990=ADVANCED_FACE('',(#3592,#3593),#87,.F.);
#5991=ADVANCED_FACE('',(#3594,#3595),#88,.F.);
#5992=ADVANCED_FACE('',(#3596,#3597),#89,.F.);
#5993=ADVANCED_FACE('',(#3598,#3599),#90,.F.);
#5994=ADVANCED_FACE('',(#3600,#3601),#91,.F.);
#5995=ADVANCED_FACE('',(#3602,#3603),#92,.F.);
#5996=ADVANCED_FACE('',(#3604,#3605),#93,.F.);
#5997=ADVANCED_FACE('',(#3606,#3607),#94,.F.);
#5998=ADVANCED_FACE('',(#3608,#3609),#95,.F.);
#5999=ADVANCED_FACE('',(#3610,#3611),#96,.F.);
#6000=ADVANCED_FACE('',(#3612,#3613),#97,.F.);
#6001=ADVANCED_FACE('',(#3614,#3615),#98,.F.);
#6002=ADVANCED_FACE('',(#3616,#3617),#99,.F.);
#6003=ADVANCED_FACE('',(#3618,#3619),#100,.F.);
#6004=ADVANCED_FACE('',(#3620,#3621),#101,.F.);
#6005=ADVANCED_FACE('',(#3622,#3623),#102,.F.);
#6006=ADVANCED_FACE('',(#3624,#3625),#103,.F.);
#6007=ADVANCED_FACE('',(#3626,#3627),#104,.T.);
#6008=ADVANCED_FACE('',(#3628,#3629),#275,.F.);
#6009=ADVANCED_FACE('',(#3630,#3631),#276,.F.);
#6010=ADVANCED_FACE('',(#3632,#3633),#277,.F.);
#6011=ADVANCED_FACE('',(#3634,#3635),#278,.F.);
#6012=ADVANCED_FACE('',(#3636,#3637),#279,.F.);
#6013=ADVANCED_FACE('',(#3638,#3639),#280,.F.);
#6014=CLOSED_SHELL('',(#5731,#5732,#5733,#5734,#5735,#5736,#5737,#5738,
#5739,#5740,#5741,#5742,#5743,#5744,#5745,#5746,#5747,#5748,#5749,#5750,
#5751,#5752,#5753,#5754,#5755,#5756,#5757,#5758,#5759,#5760,#5761,#5762,
#5763,#5764,#5765,#5766,#5767,#5768,#5769,#5770,#5771,#5772,#5773,#5774,
#5775,#5776,#5777,#5778,#5779,#5780,#5781,#5782,#5783,#5784,#5785,#5786,
#5787,#5788,#5789,#5790,#5791,#5792,#5793,#5794,#5795,#5796,#5797,#5798,
#5799,#5800,#5801,#5802,#5803,#5804,#5805,#5806,#5807,#5808,#5809,#5810,
#5811,#5812,#5813,#5814,#5815,#5816,#5817,#5818,#5819,#5820,#5821,#5822,
#5823,#5824,#5825,#5826,#5827,#5828,#5829,#5830,#5831,#5832,#5833,#5834,
#5835,#5836,#5837,#5838,#5839,#5840,#5841,#5842,#5843,#5844,#5845,#5846,
#5847,#5848,#5849,#5850,#5851,#5852,#5853,#5854,#5855,#5856,#5857,#5858,
#5859,#5860,#5861,#5862,#5863,#5864,#5865,#5866,#5867,#5868,#5869,#5870,
#5871,#5872,#5873,#5874,#5875,#5876,#5877,#5878,#5879,#5880,#5881,#5882,
#5883,#5884,#5885,#5886,#5887,#5888,#5889,#5890,#5891,#5892,#5893,#5894,
#5895,#5896,#5897,#5898,#5899,#5900,#5901,#5902,#5903,#5904,#5905,#5906,
#5907,#5908,#5909,#5910,#5911,#5912,#5913,#5914,#5915,#5916,#5917,#5918,
#5919,#5920,#5921,#5922,#5923,#5924,#5925,#5926,#5927,#5928,#5929,#5930,
#5931,#5932,#5933,#5934,#5935,#5936,#5937,#5938,#5939,#5940,#5941,#5942,
#5943,#5944,#5945,#5946,#5947,#5948,#5949,#5950,#5951,#5952,#5953,#5954,
#5955,#5956,#5957,#5958,#5959,#5960,#5961,#5962,#5963,#5964,#5965,#5966,
#5967,#5968,#5969,#5970,#5971,#5972,#5973,#5974,#5975,#5976,#5977,#5978,
#5979,#5980,#5981,#5982,#5983,#5984,#5985,#5986,#5987,#5988,#5989,#5990,
#5991,#5992,#5993,#5994,#5995,#5996,#5997,#5998,#5999,#6000,#6001,#6002,
#6003,#6004,#6005,#6006,#6007,#6008,#6009,#6010,#6011,#6012,#6013));
#6015=MANIFOLD_SOLID_BREP('',#6014);
#6016=SHAPE_DEFINITION_REPRESENTATION(#9697,#6017);
#6017=SHAPE_REPRESENTATION('openFrame - Core Layer',(#6018),#9692);
#6018=AXIS2_PLACEMENT_3D('',#7714,#6529,#6530);
#6019=AXIS2_PLACEMENT_3D('',#7715,#6531,#6532);
#6020=AXIS2_PLACEMENT_3D('',#7725,#6537,#6538);
#6021=AXIS2_PLACEMENT_3D('',#7730,#6541,#6542);
#6022=AXIS2_PLACEMENT_3D('',#7742,#6548,#6549);
#6023=AXIS2_PLACEMENT_3D('',#7745,#6551,#6552);
#6024=AXIS2_PLACEMENT_3D('',#7746,#6553,#6554);
#6025=AXIS2_PLACEMENT_3D('',#7748,#6555,#6556);
#6026=AXIS2_PLACEMENT_3D('',#7749,#6557,#6558);
#6027=AXIS2_PLACEMENT_3D('',#7751,#6559,#6560);
#6028=AXIS2_PLACEMENT_3D('',#7752,#6561,#6562);
#6029=AXIS2_PLACEMENT_3D('',#7754,#6563,#6564);
#6030=AXIS2_PLACEMENT_3D('',#7755,#6565,#6566);
#6031=AXIS2_PLACEMENT_3D('',#7757,#6567,#6568);
#6032=AXIS2_PLACEMENT_3D('',#7775,#6571,#6572);
#6033=AXIS2_PLACEMENT_3D('',#7776,#6573,#6574);
#6034=AXIS2_PLACEMENT_3D('',#7794,#6577,#6578);
#6035=AXIS2_PLACEMENT_3D('',#7795,#6579,#6580);
#6036=AXIS2_PLACEMENT_3D('',#7799,#6582,#6583);
#6037=AXIS2_PLACEMENT_3D('',#7809,#6585,#6586);
#6038=AXIS2_PLACEMENT_3D('',#7812,#6588,#6589);
#6039=AXIS2_PLACEMENT_3D('',#7815,#6591,#6592);
#6040=AXIS2_PLACEMENT_3D('',#7816,#6593,#6594);
#6041=AXIS2_PLACEMENT_3D('',#7818,#6595,#6596);
#6042=AXIS2_PLACEMENT_3D('',#7820,#6597,#6598);
#6043=AXIS2_PLACEMENT_3D('',#7822,#6599,#6600);
#6044=AXIS2_PLACEMENT_3D('',#7824,#6601,#6602);
#6045=AXIS2_PLACEMENT_3D('',#7826,#6603,#6604);
#6046=AXIS2_PLACEMENT_3D('',#7831,#6606,#6607);
#6047=AXIS2_PLACEMENT_3D('',#7835,#6609,#6610);
#6048=AXIS2_PLACEMENT_3D('',#7839,#6612,#6613);
#6049=AXIS2_PLACEMENT_3D('',#7843,#6615,#6616);
#6050=AXIS2_PLACEMENT_3D('',#7846,#6618,#6619);
#6051=AXIS2_PLACEMENT_3D('',#7851,#6622,#6623);
#6052=AXIS2_PLACEMENT_3D('',#7854,#6625,#6626);
#6053=AXIS2_PLACEMENT_3D('',#7855,#6627,#6628);
#6054=AXIS2_PLACEMENT_3D('',#7871,#6629,#6630);
#6055=AXIS2_PLACEMENT_3D('',#7874,#6632,#6633);
#6056=AXIS2_PLACEMENT_3D('',#7877,#6635,#6636);
#6057=AXIS2_PLACEMENT_3D('',#7879,#6638,#6639);
#6058=AXIS2_PLACEMENT_3D('',#7883,#6641,#6642);
#6059=AXIS2_PLACEMENT_3D('',#7884,#6643,#6644);
#6060=AXIS2_PLACEMENT_3D('',#7888,#6646,#6647);
#6061=AXIS2_PLACEMENT_3D('',#7899,#6649,#6650);
#6062=AXIS2_PLACEMENT_3D('',#7904,#6654,#6655);
#6063=AXIS2_PLACEMENT_3D('',#7909,#6659,#6660);
#6064=AXIS2_PLACEMENT_3D('',#7910,#6661,#6662);
#6065=AXIS2_PLACEMENT_3D('',#7925,#6663,#6664);
#6066=AXIS2_PLACEMENT_3D('',#7927,#6666,#6667);
#6067=AXIS2_PLACEMENT_3D('',#7928,#6668,#6669);
#6068=AXIS2_PLACEMENT_3D('',#7929,#6670,#6671);
#6069=AXIS2_PLACEMENT_3D('',#7951,#6672,#6673);
#6070=AXIS2_PLACEMENT_3D('',#7952,#6674,#6675);
#6071=AXIS2_PLACEMENT_3D('',#7974,#6676,#6677);
#6072=AXIS2_PLACEMENT_3D('',#7995,#6680,#6681);
#6073=AXIS2_PLACEMENT_3D('',#7997,#6683,#6684);
#6074=AXIS2_PLACEMENT_3D('',#7998,#6685,#6686);
#6075=AXIS2_PLACEMENT_3D('',#7999,#6687,#6688);
#6076=AXIS2_PLACEMENT_3D('',#8020,#6691,#6692);
#6077=AXIS2_PLACEMENT_3D('',#8022,#6694,#6695);
#6078=AXIS2_PLACEMENT_3D('',#8023,#6696,#6697);
#6079=AXIS2_PLACEMENT_3D('',#8024,#6698,#6699);
#6080=AXIS2_PLACEMENT_3D('',#8025,#6700,#6701);
#6081=AXIS2_PLACEMENT_3D('',#8027,#6702,#6703);
#6082=AXIS2_PLACEMENT_3D('',#8028,#6704,#6705);
#6083=AXIS2_PLACEMENT_3D('',#8030,#6706,#6707);
#6084=AXIS2_PLACEMENT_3D('',#8031,#6708,#6709);
#6085=AXIS2_PLACEMENT_3D('',#8033,#6710,#6711);
#6086=AXIS2_PLACEMENT_3D('',#8034,#6712,#6713);
#6087=AXIS2_PLACEMENT_3D('',#8036,#6714,#6715);
#6088=AXIS2_PLACEMENT_3D('',#8037,#6716,#6717);
#6089=AXIS2_PLACEMENT_3D('',#8039,#6718,#6719);
#6090=AXIS2_PLACEMENT_3D('',#8040,#6720,#6721);
#6091=AXIS2_PLACEMENT_3D('',#8042,#6722,#6723);
#6092=AXIS2_PLACEMENT_3D('',#8043,#6724,#6725);
#6093=AXIS2_PLACEMENT_3D('',#8045,#6726,#6727);
#6094=AXIS2_PLACEMENT_3D('',#8046,#6728,#6729);
#6095=AXIS2_PLACEMENT_3D('',#8048,#6730,#6731);
#6096=AXIS2_PLACEMENT_3D('',#8049,#6732,#6733);
#6097=AXIS2_PLACEMENT_3D('',#8051,#6734,#6735);
#6098=AXIS2_PLACEMENT_3D('',#8052,#6736,#6737);
#6099=AXIS2_PLACEMENT_3D('',#8054,#6738,#6739);
#6100=AXIS2_PLACEMENT_3D('',#8055,#6740,#6741);
#6101=AXIS2_PLACEMENT_3D('',#8057,#6742,#6743);
#6102=AXIS2_PLACEMENT_3D('',#8058,#6744,#6745);
#6103=AXIS2_PLACEMENT_3D('',#8060,#6746,#6747);
#6104=AXIS2_PLACEMENT_3D('',#8061,#6748,#6749);
#6105=AXIS2_PLACEMENT_3D('',#8063,#6750,#6751);
#6106=AXIS2_PLACEMENT_3D('',#8065,#6752,#6753);
#6107=AXIS2_PLACEMENT_3D('',#8066,#6754,#6755);
#6108=AXIS2_PLACEMENT_3D('',#8068,#6756,#6757);
#6109=AXIS2_PLACEMENT_3D('',#8069,#6758,#6759);
#6110=AXIS2_PLACEMENT_3D('',#8071,#6760,#6761);
#6111=AXIS2_PLACEMENT_3D('',#8072,#6762,#6763);
#6112=AXIS2_PLACEMENT_3D('',#8074,#6764,#6765);
#6113=AXIS2_PLACEMENT_3D('',#8075,#6766,#6767);
#6114=AXIS2_PLACEMENT_3D('',#8077,#6768,#6769);
#6115=AXIS2_PLACEMENT_3D('',#8078,#6770,#6771);
#6116=AXIS2_PLACEMENT_3D('',#8080,#6772,#6773);
#6117=AXIS2_PLACEMENT_3D('',#8081,#6774,#6775);
#6118=AXIS2_PLACEMENT_3D('',#8083,#6776,#6777);
#6119=AXIS2_PLACEMENT_3D('',#8084,#6778,#6779);
#6120=AXIS2_PLACEMENT_3D('',#8086,#6780,#6781);
#6121=AXIS2_PLACEMENT_3D('',#8087,#6782,#6783);
#6122=AXIS2_PLACEMENT_3D('',#8089,#6784,#6785);
#6123=AXIS2_PLACEMENT_3D('',#8090,#6786,#6787);
#6124=AXIS2_PLACEMENT_3D('',#8092,#6788,#6789);
#6125=AXIS2_PLACEMENT_3D('',#8093,#6790,#6791);
#6126=AXIS2_PLACEMENT_3D('',#8095,#6792,#6793);
#6127=AXIS2_PLACEMENT_3D('',#8096,#6794,#6795);
#6128=AXIS2_PLACEMENT_3D('',#8098,#6796,#6797);
#6129=AXIS2_PLACEMENT_3D('',#8099,#6798,#6799);
#6130=AXIS2_PLACEMENT_3D('',#8101,#6800,#6801);
#6131=AXIS2_PLACEMENT_3D('',#8102,#6802,#6803);
#6132=AXIS2_PLACEMENT_3D('',#8104,#6804,#6805);
#6133=AXIS2_PLACEMENT_3D('',#8105,#6806,#6807);
#6134=AXIS2_PLACEMENT_3D('',#8107,#6808,#6809);
#6135=AXIS2_PLACEMENT_3D('',#8108,#6810,#6811);
#6136=AXIS2_PLACEMENT_3D('',#8110,#6812,#6813);
#6137=AXIS2_PLACEMENT_3D('',#8111,#6814,#6815);
#6138=AXIS2_PLACEMENT_3D('',#8113,#6816,#6817);
#6139=AXIS2_PLACEMENT_3D('',#8114,#6818,#6819);
#6140=AXIS2_PLACEMENT_3D('',#8116,#6820,#6821);
#6141=AXIS2_PLACEMENT_3D('',#8117,#6822,#6823);
#6142=AXIS2_PLACEMENT_3D('',#8119,#6824,#6825);
#6143=AXIS2_PLACEMENT_3D('',#8120,#6826,#6827);
#6144=AXIS2_PLACEMENT_3D('',#8122,#6828,#6829);
#6145=AXIS2_PLACEMENT_3D('',#8123,#6830,#6831);
#6146=AXIS2_PLACEMENT_3D('',#8125,#6832,#6833);
#6147=AXIS2_PLACEMENT_3D('',#8126,#6834,#6835);
#6148=AXIS2_PLACEMENT_3D('',#8128,#6836,#6837);
#6149=AXIS2_PLACEMENT_3D('',#8129,#6838,#6839);
#6150=AXIS2_PLACEMENT_3D('',#8131,#6840,#6841);
#6151=AXIS2_PLACEMENT_3D('',#8132,#6842,#6843);
#6152=AXIS2_PLACEMENT_3D('',#8134,#6844,#6845);
#6153=AXIS2_PLACEMENT_3D('',#8135,#6846,#6847);
#6154=AXIS2_PLACEMENT_3D('',#8137,#6848,#6849);
#6155=AXIS2_PLACEMENT_3D('',#8138,#6850,#6851);
#6156=AXIS2_PLACEMENT_3D('',#8140,#6852,#6853);
#6157=AXIS2_PLACEMENT_3D('',#8141,#6854,#6855);
#6158=AXIS2_PLACEMENT_3D('',#8143,#6856,#6857);
#6159=AXIS2_PLACEMENT_3D('',#8144,#6858,#6859);
#6160=AXIS2_PLACEMENT_3D('',#8146,#6860,#6861);
#6161=AXIS2_PLACEMENT_3D('',#8147,#6862,#6863);
#6162=AXIS2_PLACEMENT_3D('',#8149,#6864,#6865);
#6163=AXIS2_PLACEMENT_3D('',#8150,#6866,#6867);
#6164=AXIS2_PLACEMENT_3D('',#8152,#6868,#6869);
#6165=AXIS2_PLACEMENT_3D('',#8153,#6870,#6871);
#6166=AXIS2_PLACEMENT_3D('',#8155,#6872,#6873);
#6167=AXIS2_PLACEMENT_3D('',#8156,#6874,#6875);
#6168=AXIS2_PLACEMENT_3D('',#8158,#6876,#6877);
#6169=AXIS2_PLACEMENT_3D('',#8159,#6878,#6879);
#6170=AXIS2_PLACEMENT_3D('',#8185,#6880,#6881);
#6171=AXIS2_PLACEMENT_3D('',#8187,#6882,#6883);
#6172=AXIS2_PLACEMENT_3D('',#8188,#6884,#6885);
#6173=AXIS2_PLACEMENT_3D('',#8214,#6886,#6887);
#6174=AXIS2_PLACEMENT_3D('',#8216,#6888,#6889);
#6175=AXIS2_PLACEMENT_3D('',#8217,#6890,#6891);
#6176=AXIS2_PLACEMENT_3D('',#8219,#6892,#6893);
#6177=AXIS2_PLACEMENT_3D('',#8220,#6894,#6895);
#6178=AXIS2_PLACEMENT_3D('',#8222,#6896,#6897);
#6179=AXIS2_PLACEMENT_3D('',#8223,#6898,#6899);
#6180=AXIS2_PLACEMENT_3D('',#8225,#6900,#6901);
#6181=AXIS2_PLACEMENT_3D('',#8226,#6902,#6903);
#6182=AXIS2_PLACEMENT_3D('',#8228,#6904,#6905);
#6183=AXIS2_PLACEMENT_3D('',#8229,#6906,#6907);
#6184=AXIS2_PLACEMENT_3D('',#8231,#6908,#6909);
#6185=AXIS2_PLACEMENT_3D('',#8233,#6910,#6911);
#6186=AXIS2_PLACEMENT_3D('',#8235,#6912,#6913);
#6187=AXIS2_PLACEMENT_3D('',#8237,#6914,#6915);
#6188=AXIS2_PLACEMENT_3D('',#8239,#6916,#6917);
#6189=AXIS2_PLACEMENT_3D('',#8241,#6918,#6919);
#6190=AXIS2_PLACEMENT_3D('',#8243,#6920,#6921);
#6191=AXIS2_PLACEMENT_3D('',#8245,#6922,#6923);
#6192=AXIS2_PLACEMENT_3D('',#8247,#6924,#6925);
#6193=AXIS2_PLACEMENT_3D('',#8249,#6926,#6927);
#6194=AXIS2_PLACEMENT_3D('',#8251,#6928,#6929);
#6195=AXIS2_PLACEMENT_3D('',#8253,#6930,#6931);
#6196=AXIS2_PLACEMENT_3D('',#8255,#6932,#6933);
#6197=AXIS2_PLACEMENT_3D('',#8257,#6934,#6935);
#6198=AXIS2_PLACEMENT_3D('',#8259,#6936,#6937);
#6199=AXIS2_PLACEMENT_3D('',#8261,#6938,#6939);
#6200=AXIS2_PLACEMENT_3D('',#8262,#6940,#6941);
#6201=AXIS2_PLACEMENT_3D('',#8264,#6942,#6943);
#6202=AXIS2_PLACEMENT_3D('',#8265,#6944,#6945);
#6203=AXIS2_PLACEMENT_3D('',#8267,#6946,#6947);
#6204=AXIS2_PLACEMENT_3D('',#8268,#6948,#6949);
#6205=AXIS2_PLACEMENT_3D('',#8270,#6950,#6951);
#6206=AXIS2_PLACEMENT_3D('',#8271,#6952,#6953);
#6207=AXIS2_PLACEMENT_3D('',#8273,#6954,#6955);
#6208=AXIS2_PLACEMENT_3D('',#8274,#6956,#6957);
#6209=AXIS2_PLACEMENT_3D('',#8276,#6958,#6959);
#6210=AXIS2_PLACEMENT_3D('',#8277,#6960,#6961);
#6211=AXIS2_PLACEMENT_3D('',#8279,#6962,#6963);
#6212=AXIS2_PLACEMENT_3D('',#8280,#6964,#6965);
#6213=AXIS2_PLACEMENT_3D('',#8282,#6966,#6967);
#6214=AXIS2_PLACEMENT_3D('',#8283,#6968,#6969);
#6215=AXIS2_PLACEMENT_3D('',#8285,#6970,#6971);
#6216=AXIS2_PLACEMENT_3D('',#8286,#6972,#6973);
#6217=AXIS2_PLACEMENT_3D('',#8288,#6974,#6975);
#6218=AXIS2_PLACEMENT_3D('',#8289,#6976,#6977);
#6219=AXIS2_PLACEMENT_3D('',#8291,#6978,#6979);
#6220=AXIS2_PLACEMENT_3D('',#8295,#6981,#6982);
#6221=AXIS2_PLACEMENT_3D('',#8296,#6983,#6984);
#6222=AXIS2_PLACEMENT_3D('',#8300,#6986,#6987);
#6223=AXIS2_PLACEMENT_3D('',#8301,#6988,#6989);
#6224=AXIS2_PLACEMENT_3D('',#8302,#6990,#6991);
#6225=AXIS2_PLACEMENT_3D('',#8304,#6992,#6993);
#6226=AXIS2_PLACEMENT_3D('',#8305,#6994,#6995);
#6227=AXIS2_PLACEMENT_3D('',#8307,#6996,#6997);
#6228=AXIS2_PLACEMENT_3D('',#8308,#6998,#6999);
#6229=AXIS2_PLACEMENT_3D('',#8310,#7000,#7001);
#6230=AXIS2_PLACEMENT_3D('',#8311,#7002,#7003);
#6231=AXIS2_PLACEMENT_3D('',#8313,#7004,#7005);
#6232=AXIS2_PLACEMENT_3D('',#8314,#7006,#7007);
#6233=AXIS2_PLACEMENT_3D('',#8316,#7008,#7009);
#6234=AXIS2_PLACEMENT_3D('',#8317,#7010,#7011);
#6235=AXIS2_PLACEMENT_3D('',#8319,#7012,#7013);
#6236=AXIS2_PLACEMENT_3D('',#8320,#7014,#7015);
#6237=AXIS2_PLACEMENT_3D('',#8322,#7016,#7017);
#6238=AXIS2_PLACEMENT_3D('',#8323,#7018,#7019);
#6239=AXIS2_PLACEMENT_3D('',#8325,#7020,#7021);
#6240=AXIS2_PLACEMENT_3D('',#8326,#7022,#7023);
#6241=AXIS2_PLACEMENT_3D('',#8328,#7024,#7025);
#6242=AXIS2_PLACEMENT_3D('',#8329,#7026,#7027);
#6243=AXIS2_PLACEMENT_3D('',#8331,#7028,#7029);
#6244=AXIS2_PLACEMENT_3D('',#8335,#7031,#7032);
#6245=AXIS2_PLACEMENT_3D('',#8336,#7033,#7034);
#6246=AXIS2_PLACEMENT_3D('',#8340,#7036,#7037);
#6247=AXIS2_PLACEMENT_3D('',#8341,#7038,#7039);
#6248=AXIS2_PLACEMENT_3D('',#8342,#7040,#7041);
#6249=AXIS2_PLACEMENT_3D('',#8344,#7042,#7043);
#6250=AXIS2_PLACEMENT_3D('',#8345,#7044,#7045);
#6251=AXIS2_PLACEMENT_3D('',#8347,#7046,#7047);
#6252=AXIS2_PLACEMENT_3D('',#8348,#7048,#7049);
#6253=AXIS2_PLACEMENT_3D('',#8350,#7050,#7051);
#6254=AXIS2_PLACEMENT_3D('',#8351,#7052,#7053);
#6255=AXIS2_PLACEMENT_3D('',#8353,#7054,#7055);
#6256=AXIS2_PLACEMENT_3D('',#8354,#7056,#7057);
#6257=AXIS2_PLACEMENT_3D('',#8356,#7058,#7059);
#6258=AXIS2_PLACEMENT_3D('',#8357,#7060,#7061);
#6259=AXIS2_PLACEMENT_3D('',#8359,#7062,#7063);
#6260=AXIS2_PLACEMENT_3D('',#8360,#7064,#7065);
#6261=AXIS2_PLACEMENT_3D('',#8362,#7066,#7067);
#6262=AXIS2_PLACEMENT_3D('',#8363,#7068,#7069);
#6263=AXIS2_PLACEMENT_3D('',#8365,#7070,#7071);
#6264=AXIS2_PLACEMENT_3D('',#8366,#7072,#7073);
#6265=AXIS2_PLACEMENT_3D('',#8368,#7074,#7075);
#6266=AXIS2_PLACEMENT_3D('',#8369,#7076,#7077);
#6267=AXIS2_PLACEMENT_3D('',#8371,#7078,#7079);
#6268=AXIS2_PLACEMENT_3D('',#8372,#7080,#7081);
#6269=AXIS2_PLACEMENT_3D('',#8374,#7082,#7083);
#6270=AXIS2_PLACEMENT_3D('',#8375,#7084,#7085);
#6271=AXIS2_PLACEMENT_3D('',#8380,#7087,#7088);
#6272=AXIS2_PLACEMENT_3D('',#8383,#7090,#7091);
#6273=AXIS2_PLACEMENT_3D('',#8389,#7092,#7093);
#6274=AXIS2_PLACEMENT_3D('',#8395,#7094,#7095);
#6275=AXIS2_PLACEMENT_3D('',#8396,#7096,#7097);
#6276=AXIS2_PLACEMENT_3D('',#8404,#7098,#7099);
#6277=AXIS2_PLACEMENT_3D('',#8410,#7100,#7101);
#6278=AXIS2_PLACEMENT_3D('',#8411,#7102,#7103);
#6279=AXIS2_PLACEMENT_3D('',#8416,#7106,#7107);
#6280=AXIS2_PLACEMENT_3D('',#8417,#7108,#7109);
#6281=AXIS2_PLACEMENT_3D('',#8419,#7110,#7111);
#6282=AXIS2_PLACEMENT_3D('',#8420,#7112,#7113);
#6283=AXIS2_PLACEMENT_3D('',#8422,#7114,#7115);
#6284=AXIS2_PLACEMENT_3D('',#8423,#7116,#7117);
#6285=AXIS2_PLACEMENT_3D('',#8425,#7118,#7119);
#6286=AXIS2_PLACEMENT_3D('',#8427,#7120,#7121);
#6287=AXIS2_PLACEMENT_3D('',#8429,#7122,#7123);
#6288=AXIS2_PLACEMENT_3D('',#8431,#7124,#7125);
#6289=AXIS2_PLACEMENT_3D('',#8433,#7126,#7127);
#6290=AXIS2_PLACEMENT_3D('',#8435,#7128,#7129);
#6291=AXIS2_PLACEMENT_3D('',#8440,#7131,#7132);
#6292=AXIS2_PLACEMENT_3D('',#8444,#7134,#7135);
#6293=AXIS2_PLACEMENT_3D('',#8448,#7137,#7138);
#6294=AXIS2_PLACEMENT_3D('',#8454,#7141,#7142);
#6295=AXIS2_PLACEMENT_3D('',#8458,#7144,#7145);
#6296=AXIS2_PLACEMENT_3D('',#8462,#7147,#7148);
#6297=AXIS2_PLACEMENT_3D('',#8466,#7150,#7151);
#6298=AXIS2_PLACEMENT_3D('',#8467,#7152,#7153);
#6299=AXIS2_PLACEMENT_3D('',#8468,#7154,#7155);
#6300=AXIS2_PLACEMENT_3D('',#8470,#7156,#7157);
#6301=AXIS2_PLACEMENT_3D('',#8472,#7158,#7159);
#6302=AXIS2_PLACEMENT_3D('',#8473,#7160,#7161);
#6303=AXIS2_PLACEMENT_3D('',#8475,#7162,#7163);
#6304=AXIS2_PLACEMENT_3D('',#8476,#7164,#7165);
#6305=AXIS2_PLACEMENT_3D('',#8478,#7166,#7167);
#6306=AXIS2_PLACEMENT_3D('',#8479,#7168,#7169);
#6307=AXIS2_PLACEMENT_3D('',#8481,#7170,#7171);
#6308=AXIS2_PLACEMENT_3D('',#8483,#7172,#7173);
#6309=AXIS2_PLACEMENT_3D('',#8485,#7174,#7175);
#6310=AXIS2_PLACEMENT_3D('',#8493,#7179,#7180);
#6311=AXIS2_PLACEMENT_3D('',#8496,#7182,#7183);
#6312=AXIS2_PLACEMENT_3D('',#8499,#7185,#7186);
#6313=AXIS2_PLACEMENT_3D('',#8500,#7187,#7188);
#6314=AXIS2_PLACEMENT_3D('',#8502,#7189,#7190);
#6315=AXIS2_PLACEMENT_3D('',#8504,#7191,#7192);
#6316=AXIS2_PLACEMENT_3D('',#8506,#7193,#7194);
#6317=AXIS2_PLACEMENT_3D('',#8514,#7198,#7199);
#6318=AXIS2_PLACEMENT_3D('',#8515,#7200,#7201);
#6319=AXIS2_PLACEMENT_3D('',#8539,#7202,#7203);
#6320=AXIS2_PLACEMENT_3D('',#8541,#7205,#7206);
#6321=AXIS2_PLACEMENT_3D('',#8542,#7207,#7208);
#6322=AXIS2_PLACEMENT_3D('',#8566,#7209,#7210);
#6323=AXIS2_PLACEMENT_3D('',#8568,#7212,#7213);
#6324=AXIS2_PLACEMENT_3D('',#8574,#7214,#7215);
#6325=AXIS2_PLACEMENT_3D('',#8580,#7216,#7217);
#6326=AXIS2_PLACEMENT_3D('',#8586,#7218,#7219);
#6327=AXIS2_PLACEMENT_3D('',#8592,#7220,#7221);
#6328=AXIS2_PLACEMENT_3D('',#8593,#7222,#7223);
#6329=AXIS2_PLACEMENT_3D('',#8595,#7224,#7225);
#6330=AXIS2_PLACEMENT_3D('',#8597,#7226,#7227);
#6331=AXIS2_PLACEMENT_3D('',#8599,#7228,#7229);
#6332=AXIS2_PLACEMENT_3D('',#8601,#7230,#7231);
#6333=AXIS2_PLACEMENT_3D('',#8603,#7232,#7233);
#6334=AXIS2_PLACEMENT_3D('',#8605,#7234,#7235);
#6335=AXIS2_PLACEMENT_3D('',#8607,#7236,#7237);
#6336=AXIS2_PLACEMENT_3D('',#8611,#7240,#7241);
#6337=AXIS2_PLACEMENT_3D('',#8612,#7242,#7243);
#6338=AXIS2_PLACEMENT_3D('',#8636,#7244,#7245);
#6339=AXIS2_PLACEMENT_3D('',#8638,#7247,#7248);
#6340=AXIS2_PLACEMENT_3D('',#8644,#7249,#7250);
#6341=AXIS2_PLACEMENT_3D('',#8650,#7251,#7252);
#6342=AXIS2_PLACEMENT_3D('',#8656,#7253,#7254);
#6343=AXIS2_PLACEMENT_3D('',#8662,#7255,#7256);
#6344=AXIS2_PLACEMENT_3D('',#8663,#7257,#7258);
#6345=AXIS2_PLACEMENT_3D('',#8665,#7259,#7260);
#6346=AXIS2_PLACEMENT_3D('',#8667,#7261,#7262);
#6347=AXIS2_PLACEMENT_3D('',#8669,#7263,#7264);
#6348=AXIS2_PLACEMENT_3D('',#8671,#7265,#7266);
#6349=AXIS2_PLACEMENT_3D('',#8673,#7267,#7268);
#6350=AXIS2_PLACEMENT_3D('',#8675,#7269,#7270);
#6351=AXIS2_PLACEMENT_3D('',#8677,#7271,#7272);
#6352=AXIS2_PLACEMENT_3D('',#8681,#7275,#7276);
#6353=AXIS2_PLACEMENT_3D('',#8682,#7277,#7278);
#6354=AXIS2_PLACEMENT_3D('',#8706,#7279,#7280);
#6355=AXIS2_PLACEMENT_3D('',#8708,#7282,#7283);
#6356=AXIS2_PLACEMENT_3D('',#8709,#7284,#7285);
#6357=AXIS2_PLACEMENT_3D('',#8711,#7286,#7287);
#6358=AXIS2_PLACEMENT_3D('',#8723,#7292,#7293);
#6359=AXIS2_PLACEMENT_3D('',#8747,#7295,#7296);
#6360=AXIS2_PLACEMENT_3D('',#8755,#7299,#7300);
#6361=AXIS2_PLACEMENT_3D('',#8756,#7301,#7302);
#6362=AXIS2_PLACEMENT_3D('',#8772,#7303,#7304);
#6363=AXIS2_PLACEMENT_3D('',#8777,#7308,#7309);
#6364=AXIS2_PLACEMENT_3D('',#8801,#7311,#7312);
#6365=AXIS2_PLACEMENT_3D('',#8811,#7316,#7317);
#6366=AXIS2_PLACEMENT_3D('',#8817,#7318,#7319);
#6367=AXIS2_PLACEMENT_3D('',#8823,#7320,#7321);
#6368=AXIS2_PLACEMENT_3D('',#8844,#7324,#7325);
#6369=AXIS2_PLACEMENT_3D('',#8845,#7326,#7327);
#6370=AXIS2_PLACEMENT_3D('',#8848,#7329,#7330);
#6371=AXIS2_PLACEMENT_3D('',#8862,#7332,#7333);
#6372=AXIS2_PLACEMENT_3D('',#8866,#7336,#7337);
#6373=AXIS2_PLACEMENT_3D('',#8885,#7339,#7340);
#6374=AXIS2_PLACEMENT_3D('',#8886,#7341,#7342);
#6375=AXIS2_PLACEMENT_3D('',#8889,#7344,#7345);
#6376=AXIS2_PLACEMENT_3D('',#8903,#7347,#7348);
#6377=AXIS2_PLACEMENT_3D('',#8905,#7350,#7351);
#6378=AXIS2_PLACEMENT_3D('',#8920,#7353,#7354);
#6379=AXIS2_PLACEMENT_3D('',#8946,#7356,#7357);
#6380=AXIS2_PLACEMENT_3D('',#8958,#7358,#7359);
#6381=AXIS2_PLACEMENT_3D('',#8985,#7361,#7362);
#6382=AXIS2_PLACEMENT_3D('',#9052,#7368,#7369);
#6383=AXIS2_PLACEMENT_3D('',#9053,#7370,#7371);
#6384=AXIS2_PLACEMENT_3D('',#9054,#7372,#7373);
#6385=AXIS2_PLACEMENT_3D('',#9055,#7374,#7375);
#6386=AXIS2_PLACEMENT_3D('',#9077,#7376,#7377);
#6387=AXIS2_PLACEMENT_3D('',#9078,#7378,#7379);
#6388=AXIS2_PLACEMENT_3D('',#9100,#7380,#7381);
#6389=AXIS2_PLACEMENT_3D('',#9149,#7382,#7383);
#6390=AXIS2_PLACEMENT_3D('',#9150,#7384,#7385);
#6391=AXIS2_PLACEMENT_3D('',#9199,#7386,#7387);
#6392=AXIS2_PLACEMENT_3D('',#9203,#7389,#7390);
#6393=AXIS2_PLACEMENT_3D('',#9213,#7392,#7393);
#6394=AXIS2_PLACEMENT_3D('',#9219,#7397,#7398);
#6395=AXIS2_PLACEMENT_3D('',#9223,#7400,#7401);
#6396=AXIS2_PLACEMENT_3D('',#9231,#7402,#7403);
#6397=AXIS2_PLACEMENT_3D('',#9236,#7406,#7407);
#6398=AXIS2_PLACEMENT_3D('',#9237,#7408,#7409);
#6399=AXIS2_PLACEMENT_3D('',#9241,#7411,#7412);
#6400=AXIS2_PLACEMENT_3D('',#9248,#7413,#7414);
#6401=AXIS2_PLACEMENT_3D('',#9254,#7418,#7419);
#6402=AXIS2_PLACEMENT_3D('',#9258,#7421,#7422);
#6403=AXIS2_PLACEMENT_3D('',#9266,#7423,#7424);
#6404=AXIS2_PLACEMENT_3D('',#9268,#7426,#7427);
#6405=AXIS2_PLACEMENT_3D('',#9269,#7428,#7429);
#6406=AXIS2_PLACEMENT_3D('',#9270,#7430,#7431);
#6407=AXIS2_PLACEMENT_3D('',#9272,#7432,#7433);
#6408=AXIS2_PLACEMENT_3D('',#9274,#7434,#7435);
#6409=AXIS2_PLACEMENT_3D('',#9276,#7436,#7437);
#6410=AXIS2_PLACEMENT_3D('',#9278,#7438,#7439);
#6411=AXIS2_PLACEMENT_3D('',#9280,#7440,#7441);
#6412=AXIS2_PLACEMENT_3D('',#9282,#7442,#7443);
#6413=AXIS2_PLACEMENT_3D('',#9284,#7444,#7445);
#6414=AXIS2_PLACEMENT_3D('',#9286,#7446,#7447);
#6415=AXIS2_PLACEMENT_3D('',#9290,#7449,#7450);
#6416=AXIS2_PLACEMENT_3D('',#9294,#7452,#7453);
#6417=AXIS2_PLACEMENT_3D('',#9295,#7454,#7455);
#6418=AXIS2_PLACEMENT_3D('',#9296,#7456,#7457);
#6419=AXIS2_PLACEMENT_3D('',#9302,#7461,#7462);
#6420=AXIS2_PLACEMENT_3D('',#9303,#7463,#7464);
#6421=AXIS2_PLACEMENT_3D('',#9304,#7465,#7466);
#6422=AXIS2_PLACEMENT_3D('',#9305,#7467,#7468);
#6423=AXIS2_PLACEMENT_3D('',#9306,#7469,#7470);
#6424=AXIS2_PLACEMENT_3D('',#9307,#7471,#7472);
#6425=AXIS2_PLACEMENT_3D('',#9312,#7474,#7475);
#6426=AXIS2_PLACEMENT_3D('',#9316,#7477,#7478);
#6427=AXIS2_PLACEMENT_3D('',#9320,#7480,#7481);
#6428=AXIS2_PLACEMENT_3D('',#9324,#7483,#7484);
#6429=AXIS2_PLACEMENT_3D('',#9327,#7486,#7487);
#6430=AXIS2_PLACEMENT_3D('',#9328,#7488,#7489);
#6431=AXIS2_PLACEMENT_3D('',#9331,#7491,#7492);
#6432=AXIS2_PLACEMENT_3D('',#9335,#7495,#7496);
#6433=AXIS2_PLACEMENT_3D('',#9336,#7497,#7498);
#6434=AXIS2_PLACEMENT_3D('',#9337,#7499,#7500);
#6435=AXIS2_PLACEMENT_3D('',#9343,#7504,#7505);
#6436=AXIS2_PLACEMENT_3D('',#9344,#7506,#7507);
#6437=AXIS2_PLACEMENT_3D('',#9345,#7508,#7509);
#6438=AXIS2_PLACEMENT_3D('',#9346,#7510,#7511);
#6439=AXIS2_PLACEMENT_3D('',#9347,#7512,#7513);
#6440=AXIS2_PLACEMENT_3D('',#9348,#7514,#7515);
#6441=AXIS2_PLACEMENT_3D('',#9349,#7516,#7517);
#6442=AXIS2_PLACEMENT_3D('',#9355,#7519,#7520);
#6443=AXIS2_PLACEMENT_3D('',#9357,#7522,#7523);
#6444=AXIS2_PLACEMENT_3D('',#9359,#7525,#7526);
#6445=AXIS2_PLACEMENT_3D('',#9361,#7528,#7529);
#6446=AXIS2_PLACEMENT_3D('',#9366,#7530,#7531);
#6447=AXIS2_PLACEMENT_3D('',#9371,#7532,#7533);
#6448=AXIS2_PLACEMENT_3D('',#9373,#7535,#7536);
#6449=AXIS2_PLACEMENT_3D('',#9378,#7537,#7538);
#6450=AXIS2_PLACEMENT_3D('',#9380,#7540,#7541);
#6451=AXIS2_PLACEMENT_3D('',#9381,#7542,#7543);
#6452=AXIS2_PLACEMENT_3D('',#9410,#7544,#7545);
#6453=AXIS2_PLACEMENT_3D('',#9411,#7546,#7547);
#6454=AXIS2_PLACEMENT_3D('',#9412,#7548,#7549);
#6455=AXIS2_PLACEMENT_3D('',#9413,#7550,#7551);
#6456=AXIS2_PLACEMENT_3D('',#9414,#7552,#7553);
#6457=AXIS2_PLACEMENT_3D('',#9415,#7554,#7555);
#6458=AXIS2_PLACEMENT_3D('',#9416,#7556,#7557);
#6459=AXIS2_PLACEMENT_3D('',#9437,#7558,#7559);
#6460=AXIS2_PLACEMENT_3D('',#9442,#7560,#7561);
#6461=AXIS2_PLACEMENT_3D('',#9479,#7562,#7563);
#6462=AXIS2_PLACEMENT_3D('',#9484,#7564,#7565);
#6463=AXIS2_PLACEMENT_3D('',#9501,#7566,#7567);
#6464=AXIS2_PLACEMENT_3D('',#9504,#7570,#7571);
#6465=AXIS2_PLACEMENT_3D('',#9506,#7573,#7574);
#6466=AXIS2_PLACEMENT_3D('',#9508,#7576,#7577);
#6467=AXIS2_PLACEMENT_3D('',#9510,#7579,#7580);
#6468=AXIS2_PLACEMENT_3D('',#9512,#7582,#7583);
#6469=AXIS2_PLACEMENT_3D('',#9514,#7585,#7586);
#6470=AXIS2_PLACEMENT_3D('',#9516,#7588,#7589);
#6471=AXIS2_PLACEMENT_3D('',#9517,#7590,#7591);
#6472=AXIS2_PLACEMENT_3D('',#9546,#7592,#7593);
#6473=AXIS2_PLACEMENT_3D('',#9547,#7594,#7595);
#6474=AXIS2_PLACEMENT_3D('',#9548,#7596,#7597);
#6475=AXIS2_PLACEMENT_3D('',#9549,#7598,#7599);
#6476=AXIS2_PLACEMENT_3D('',#9550,#7600,#7601);
#6477=AXIS2_PLACEMENT_3D('',#9551,#7602,#7603);
#6478=AXIS2_PLACEMENT_3D('',#9552,#7604,#7605);
#6479=AXIS2_PLACEMENT_3D('',#9553,#7606,#7607);
#6480=AXIS2_PLACEMENT_3D('',#9556,#7610,#7611);
#6481=AXIS2_PLACEMENT_3D('',#9558,#7613,#7614);
#6482=AXIS2_PLACEMENT_3D('',#9560,#7616,#7617);
#6483=AXIS2_PLACEMENT_3D('',#9562,#7619,#7620);
#6484=AXIS2_PLACEMENT_3D('',#9564,#7622,#7623);
#6485=AXIS2_PLACEMENT_3D('',#9566,#7625,#7626);
#6486=AXIS2_PLACEMENT_3D('',#9568,#7628,#7629);
#6487=AXIS2_PLACEMENT_3D('',#9589,#7630,#7631);
#6488=AXIS2_PLACEMENT_3D('',#9594,#7632,#7633);
#6489=AXIS2_PLACEMENT_3D('',#9631,#7634,#7635);
#6490=AXIS2_PLACEMENT_3D('',#9636,#7636,#7637);
#6491=AXIS2_PLACEMENT_3D('',#9653,#7638,#7639);
#6492=AXIS2_PLACEMENT_3D('',#9654,#7640,#7641);
#6493=AXIS2_PLACEMENT_3D('',#9655,#7642,#7643);
#6494=AXIS2_PLACEMENT_3D('',#9656,#7644,#7645);
#6495=AXIS2_PLACEMENT_3D('',#9657,#7646,#7647);
#6496=AXIS2_PLACEMENT_3D('',#9658,#7648,#7649);
#6497=AXIS2_PLACEMENT_3D('',#9659,#7650,#7651);
#6498=AXIS2_PLACEMENT_3D('',#9660,#7652,#7653);
#6499=AXIS2_PLACEMENT_3D('',#9661,#7654,#7655);
#6500=AXIS2_PLACEMENT_3D('',#9662,#7656,#7657);
#6501=AXIS2_PLACEMENT_3D('',#9663,#7658,#7659);
#6502=AXIS2_PLACEMENT_3D('',#9664,#7660,#7661);
#6503=AXIS2_PLACEMENT_3D('',#9665,#7662,#7663);
#6504=AXIS2_PLACEMENT_3D('',#9666,#7664,#7665);
#6505=AXIS2_PLACEMENT_3D('',#9667,#7666,#7667);
#6506=AXIS2_PLACEMENT_3D('',#9668,#7668,#7669);
#6507=AXIS2_PLACEMENT_3D('',#9669,#7670,#7671);
#6508=AXIS2_PLACEMENT_3D('',#9670,#7672,#7673);
#6509=AXIS2_PLACEMENT_3D('',#9671,#7674,#7675);
#6510=AXIS2_PLACEMENT_3D('',#9672,#7676,#7677);
#6511=AXIS2_PLACEMENT_3D('',#9673,#7678,#7679);
#6512=AXIS2_PLACEMENT_3D('',#9674,#7680,#7681);
#6513=AXIS2_PLACEMENT_3D('',#9675,#7682,#7683);
#6514=AXIS2_PLACEMENT_3D('',#9676,#7684,#7685);
#6515=AXIS2_PLACEMENT_3D('',#9677,#7686,#7687);
#6516=AXIS2_PLACEMENT_3D('',#9678,#7688,#7689);
#6517=AXIS2_PLACEMENT_3D('',#9679,#7690,#7691);
#6518=AXIS2_PLACEMENT_3D('',#9680,#7692,#7693);
#6519=AXIS2_PLACEMENT_3D('',#9681,#7694,#7695);
#6520=AXIS2_PLACEMENT_3D('',#9682,#7696,#7697);
#6521=AXIS2_PLACEMENT_3D('',#9683,#7698,#7699);
#6522=AXIS2_PLACEMENT_3D('',#9684,#7700,#7701);
#6523=AXIS2_PLACEMENT_3D('',#9685,#7702,#7703);
#6524=AXIS2_PLACEMENT_3D('',#9686,#7704,#7705);
#6525=AXIS2_PLACEMENT_3D('',#9687,#7706,#7707);
#6526=AXIS2_PLACEMENT_3D('',#9688,#7708,#7709);
#6527=AXIS2_PLACEMENT_3D('',#9689,#7710,#7711);
#6528=AXIS2_PLACEMENT_3D('',#9690,#7712,#7713);
#6529=DIRECTION('',(0.,0.,1.));
#6530=DIRECTION('',(1.,0.,0.));
#6531=DIRECTION('',(1.15648231731787E-16,-1.,0.));
#6532=DIRECTION('',(1.,1.15648231731787E-16,0.));
#6533=DIRECTION('',(0.,0.,1.));
#6534=DIRECTION('',(1.,1.15648231731787E-16,0.));
#6535=DIRECTION('',(0.,0.,-1.));
#6536=DIRECTION('',(-1.,-1.15648231731787E-16,1.23908819712629E-16));
#6537=DIRECTION('',(1.15648231731787E-16,-1.,0.));
#6538=DIRECTION('',(1.,1.15648231731787E-16,0.));
#6539=DIRECTION('',(0.,0.,-1.));
#6540=DIRECTION('',(1.,1.15648231731787E-16,0.));
#6541=DIRECTION('',(1.15648231731787E-16,-1.,0.));
#6542=DIRECTION('',(1.,1.15648231731787E-16,0.));
#6543=DIRECTION('',(0.,0.,-1.));
#6544=DIRECTION('',(1.,1.15648231731787E-16,0.));
#6545=DIRECTION('',(0.,0.,1.));
#6546=DIRECTION('',(1.,1.15648231731787E-16,0.));
#6547=DIRECTION('',(2.54638308400265E-16,2.94484700976642E-32,1.));
#6548=DIRECTION('',(1.15648231731787E-16,-1.,0.));
#6549=DIRECTION('',(1.,1.15648231731787E-16,0.));
#6550=DIRECTION('',(-1.,-1.15648231731787E-16,1.23908819712629E-16));
#6551=DIRECTION('',(0.,1.,0.));
#6552=DIRECTION('',(0.,0.,-1.));
#6553=DIRECTION('',(0.,1.,0.));
#6554=DIRECTION('',(0.,0.,1.));
#6555=DIRECTION('',(0.,1.,0.));
#6556=DIRECTION('',(0.,0.,-1.));
#6557=DIRECTION('',(0.,1.,0.));
#6558=DIRECTION('',(0.,0.,1.));
#6559=DIRECTION('',(0.,1.,0.));
#6560=DIRECTION('',(0.,0.,1.));
#6561=DIRECTION('',(0.,-1.,0.));
#6562=DIRECTION('',(0.,0.,-1.));
#6563=DIRECTION('',(0.,1.,0.));
#6564=DIRECTION('',(0.,0.,1.));
#6565=DIRECTION('',(0.,-1.,0.));
#6566=DIRECTION('',(0.,0.,-1.));
#6567=DIRECTION('',(6.12323399573677E-17,1.,0.));
#6568=DIRECTION('',(1.,-6.12323399573677E-17,0.));
#6569=DIRECTION('',(-6.12323399573677E-17,-1.,0.));
#6570=DIRECTION('',(-6.12323399573677E-17,-1.,0.));
#6571=DIRECTION('',(6.12323399573677E-17,1.,0.));
#6572=DIRECTION('',(-1.,6.12323399573677E-17,0.));
#6573=DIRECTION('',(6.12323399573677E-17,1.,0.));
#6574=DIRECTION('',(1.,-6.12323399573677E-17,0.));
#6575=DIRECTION('',(-6.12323399573677E-17,-1.,0.));
#6576=DIRECTION('',(-6.12323399573677E-17,-1.,0.));
#6577=DIRECTION('',(6.12323399573677E-17,1.,0.));
#6578=DIRECTION('',(-1.,6.12323399573677E-17,0.));
#6579=DIRECTION('',(6.12323399573677E-17,1.,-1.3684555315672E-48));
#6580=DIRECTION('',(1.,-6.12323399573677E-17,0.));
#6581=DIRECTION('',(-6.12323399573677E-17,-1.,1.3684555315672E-48));
#6582=DIRECTION('',(0.,-1.,0.));
#6583=DIRECTION('',(0.,0.,-1.));
#6584=DIRECTION('',(-6.12323399573677E-17,-1.,1.3684555315672E-48));
#6585=DIRECTION('',(6.12323399573677E-17,1.,0.));
#6586=DIRECTION('',(1.,-6.12323399573677E-17,0.));
#6587=DIRECTION('',(-6.12323399573677E-17,-1.,0.));
#6588=DIRECTION('',(0.,-1.,0.));
#6589=DIRECTION('',(0.,0.,-1.));
#6590=DIRECTION('',(-6.12323399573677E-17,-1.,0.));
#6591=DIRECTION('',(-6.12323399573677E-17,-1.,0.));
#6592=DIRECTION('',(-1.,6.12323399573677E-17,0.));
#6593=DIRECTION('',(-6.12323399573677E-17,-1.,0.));
#6594=DIRECTION('',(1.,-6.12323399573677E-17,0.));
#6595=DIRECTION('',(-6.12323399573677E-17,-1.,0.));
#6596=DIRECTION('',(1.,-6.12323399573677E-17,0.));
#6597=DIRECTION('',(-6.12323399573677E-17,-1.,0.));
#6598=DIRECTION('',(1.,-6.12323399573677E-17,0.));
#6599=DIRECTION('',(-6.12323399573677E-17,-1.,0.));
#6600=DIRECTION('',(1.,-6.12323399573677E-17,0.));
#6601=DIRECTION('',(-6.12323399573677E-17,-1.,0.));
#6602=DIRECTION('',(1.,-6.12323399573677E-17,0.));
#6603=DIRECTION('',(-6.12323399573677E-17,-1.,0.));
#6604=DIRECTION('',(1.,-6.12323399573677E-17,0.));
#6605=DIRECTION('',(0.,0.,1.));
#6606=DIRECTION('',(-6.12323399573677E-17,-1.,0.));
#6607=DIRECTION('',(1.,-6.12323399573677E-17,0.));
#6608=DIRECTION('',(1.,-6.12323399573677E-17,-1.23908819712629E-16));
#6609=DIRECTION('',(-6.12323399573677E-17,-1.,0.));
#6610=DIRECTION('',(1.,-6.12323399573677E-17,0.));
#6611=DIRECTION('',(-2.54638308400265E-16,1.55920994661341E-32,-1.));
#6612=DIRECTION('',(-6.12323399573677E-17,-1.,0.));
#6613=DIRECTION('',(1.,-6.12323399573677E-17,0.));
#6614=DIRECTION('',(-1.,6.12323399573677E-17,1.23908819712629E-16));
#6615=DIRECTION('',(-6.12323399573677E-17,-1.,0.));
#6616=DIRECTION('',(1.,-6.12323399573677E-17,0.));
#6617=DIRECTION('',(0.,0.,1.));
#6618=DIRECTION('',(6.12323399573677E-17,1.,0.));
#6619=DIRECTION('',(-1.,6.12323399573677E-17,0.));
#6620=DIRECTION('',(-1.,6.12323399573677E-17,0.));
#6621=DIRECTION('',(0.,0.,-1.));
#6622=DIRECTION('',(6.12323399573677E-17,1.,0.));
#6623=DIRECTION('',(-1.,6.12323399573677E-17,0.));
#6624=DIRECTION('',(1.,-6.12323399573677E-17,0.));
#6625=DIRECTION('',(0.,1.,0.));
#6626=DIRECTION('',(0.,0.,1.));
#6627=DIRECTION('',(0.,-1.,0.));
#6628=DIRECTION('',(0.,0.,-1.));
#6629=DIRECTION('',(6.12323399573677E-17,1.,0.));
#6630=DIRECTION('',(1.,-6.12323399573677E-17,0.));
#6631=DIRECTION('',(-6.12323399573677E-17,-1.,0.));
#6632=DIRECTION('',(0.,-1.,0.));
#6633=DIRECTION('',(0.,0.,-1.));
#6634=DIRECTION('',(-6.12323399573677E-17,-1.,0.));
#6635=DIRECTION('',(1.23908819712629E-16,-7.58722697235988E-33,1.));
#6636=DIRECTION('',(1.,0.,-1.23908819712629E-16));
#6637=DIRECTION('',(-1.,6.12323399573677E-17,1.23908819712629E-16));
#6638=DIRECTION('',(1.23908819712629E-16,-7.58722697235988E-33,1.));
#6639=DIRECTION('',(1.,0.,-1.23908819712629E-16));
#6640=DIRECTION('',(-1.,-2.81306509617861E-16,1.23908819712629E-16));
#6641=DIRECTION('',(1.23908819712629E-16,-7.58722697235988E-33,1.));
#6642=DIRECTION('',(1.,0.,-1.23908819712629E-16));
#6643=DIRECTION('',(6.12323399573677E-17,1.,-1.3684555315672E-48));
#6644=DIRECTION('',(1.,-6.12323399573677E-17,0.));
#6645=DIRECTION('',(-6.12323399573677E-17,-1.,1.3684555315672E-48));
#6646=DIRECTION('',(0.,-1.,0.));
#6647=DIRECTION('',(0.,0.,-1.));
#6648=DIRECTION('',(-6.12323399573677E-17,-1.,0.));
#6649=DIRECTION('',(1.,-6.12323399573677E-17,-2.54638308400265E-16));
#6650=DIRECTION('',(-2.54638308400265E-16,0.,-1.));
#6651=DIRECTION('',(2.54638308400265E-16,-1.55920994661341E-32,1.));
#6652=DIRECTION('',(6.12323399573677E-17,1.,0.));
#6653=DIRECTION('',(0.,0.,-1.));
#6654=DIRECTION('',(-1.,6.12323399573677E-17,0.));
#6655=DIRECTION('',(6.12323399573677E-17,1.,0.));
#6656=DIRECTION('',(0.,0.,-1.));
#6657=DIRECTION('',(0.,0.,-1.));
#6658=DIRECTION('',(-6.12323399573677E-17,-1.,0.));
#6659=DIRECTION('',(0.,1.,0.));
#6660=DIRECTION('',(0.,0.,1.));
#6661=DIRECTION('',(0.,-1.,0.));
#6662=DIRECTION('',(0.,0.,-1.));
#6663=DIRECTION('',(-1.23908819712629E-16,7.58722697235988E-33,-1.));
#6664=DIRECTION('',(-1.,0.,1.23908819712629E-16));
#6665=DIRECTION('',(1.,-6.12323399573677E-17,-1.23908819712629E-16));
#6666=DIRECTION('',(-1.23908819712629E-16,7.58722697235988E-33,-1.));
#6667=DIRECTION('',(-1.,0.,1.23908819712629E-16));
#6668=DIRECTION('',(0.,1.,0.));
#6669=DIRECTION('',(0.,0.,1.));
#6670=DIRECTION('',(0.,-1.,0.));
#6671=DIRECTION('',(0.,0.,-1.));
#6672=DIRECTION('',(0.,1.,0.));
#6673=DIRECTION('',(0.,0.,1.));
#6674=DIRECTION('',(0.,-1.,0.));
#6675=DIRECTION('',(0.,0.,-1.));
#6676=DIRECTION('',(6.12323399573677E-17,1.,0.));
#6677=DIRECTION('',(1.,-6.12323399573677E-17,0.));
#6678=DIRECTION('',(-6.12323399573677E-17,-1.,0.));
#6679=DIRECTION('',(-6.12323399573677E-17,-1.,0.));
#6680=DIRECTION('',(1.,-6.12323399573677E-17,0.));
#6681=DIRECTION('',(-6.12323399573677E-17,-1.,0.));
#6682=DIRECTION('',(0.,0.,1.));
#6683=DIRECTION('',(0.,0.,1.));
#6684=DIRECTION('',(1.,0.,0.));
#6685=DIRECTION('',(0.,0.,1.));
#6686=DIRECTION('',(1.,0.,0.));
#6687=DIRECTION('',(6.12323399573677E-17,1.,0.));
#6688=DIRECTION('',(1.,-6.12323399573677E-17,0.));
#6689=DIRECTION('',(-6.12323399573677E-17,-1.,0.));
#6690=DIRECTION('',(-6.12323399573677E-17,-1.,0.));
#6691=DIRECTION('',(-1.,6.12323399573677E-17,0.));
#6692=DIRECTION('',(6.12323399573677E-17,1.,0.));
#6693=DIRECTION('',(0.,0.,-1.));
#6694=DIRECTION('',(0.,0.,-1.));
#6695=DIRECTION('',(-1.,0.,0.));
#6696=DIRECTION('',(0.,0.,-1.));
#6697=DIRECTION('',(-1.,0.,0.));
#6698=DIRECTION('',(0.,0.,1.));
#6699=DIRECTION('',(1.,0.,0.));
#6700=DIRECTION('',(0.,0.,-1.));
#6701=DIRECTION('',(0.,1.,0.));
#6702=DIRECTION('',(0.,0.,1.));
#6703=DIRECTION('',(1.,0.,0.));
#6704=DIRECTION('',(0.,0.,-1.));
#6705=DIRECTION('',(0.,1.,0.));
#6706=DIRECTION('',(0.,0.,1.));
#6707=DIRECTION('',(1.,0.,0.));
#6708=DIRECTION('',(0.,0.,-1.));
#6709=DIRECTION('',(0.,1.,0.));
#6710=DIRECTION('',(0.,0.,1.));
#6711=DIRECTION('',(1.,0.,0.));
#6712=DIRECTION('',(0.,0.,-1.));
#6713=DIRECTION('',(0.,1.,0.));
#6714=DIRECTION('',(0.,0.,1.));
#6715=DIRECTION('',(1.,0.,0.));
#6716=DIRECTION('',(0.,0.,-1.));
#6717=DIRECTION('',(0.,1.,0.));
#6718=DIRECTION('',(0.,0.,1.));
#6719=DIRECTION('',(1.,0.,0.));
#6720=DIRECTION('',(0.,0.,-1.));
#6721=DIRECTION('',(0.,1.,0.));
#6722=DIRECTION('',(0.,0.,1.));
#6723=DIRECTION('',(1.,0.,0.));
#6724=DIRECTION('',(0.,0.,-1.));
#6725=DIRECTION('',(0.,1.,0.));
#6726=DIRECTION('',(0.,0.,1.));
#6727=DIRECTION('',(1.,0.,0.));
#6728=DIRECTION('',(0.,0.,-1.));
#6729=DIRECTION('',(0.,1.,0.));
#6730=DIRECTION('',(0.,-1.,0.));
#6731=DIRECTION('',(0.,0.,-1.));
#6732=DIRECTION('',(0.,1.,0.));
#6733=DIRECTION('',(0.,0.,1.));
#6734=DIRECTION('',(0.,-1.,0.));
#6735=DIRECTION('',(0.,0.,-1.));
#6736=DIRECTION('',(0.,1.,0.));
#6737=DIRECTION('',(0.,0.,1.));
#6738=DIRECTION('',(0.,-1.,0.));
#6739=DIRECTION('',(0.,0.,-1.));
#6740=DIRECTION('',(0.,1.,0.));
#6741=DIRECTION('',(0.,0.,1.));
#6742=DIRECTION('',(0.,-1.,0.));
#6743=DIRECTION('',(0.,0.,-1.));
#6744=DIRECTION('',(0.,1.,0.));
#6745=DIRECTION('',(0.,0.,1.));
#6746=DIRECTION('',(0.,0.,-1.));
#6747=DIRECTION('',(-1.,0.,0.));
#6748=DIRECTION('',(0.,0.,-1.));
#6749=DIRECTION('',(-1.,0.,0.));
#6750=DIRECTION('',(0.,0.,-1.));
#6751=DIRECTION('',(-1.,0.,0.));
#6752=DIRECTION('',(0.,0.,1.));
#6753=DIRECTION('',(0.,1.,0.));
#6754=DIRECTION('',(0.,0.,-1.));
#6755=DIRECTION('',(-1.,0.,0.));
#6756=DIRECTION('',(0.,0.,1.));
#6757=DIRECTION('',(0.,1.,0.));
#6758=DIRECTION('',(0.,0.,-1.));
#6759=DIRECTION('',(-1.,0.,0.));
#6760=DIRECTION('',(0.,0.,1.));
#6761=DIRECTION('',(0.,1.,0.));
#6762=DIRECTION('',(0.,0.,-1.));
#6763=DIRECTION('',(-1.,0.,0.));
#6764=DIRECTION('',(0.,0.,1.));
#6765=DIRECTION('',(0.,1.,0.));
#6766=DIRECTION('',(0.,0.,-1.));
#6767=DIRECTION('',(-1.,0.,0.));
#6768=DIRECTION('',(0.,0.,1.));
#6769=DIRECTION('',(0.,1.,0.));
#6770=DIRECTION('',(0.,0.,-1.));
#6771=DIRECTION('',(-1.,0.,0.));
#6772=DIRECTION('',(0.,0.,1.));
#6773=DIRECTION('',(0.,1.,0.));
#6774=DIRECTION('',(0.,0.,-1.));
#6775=DIRECTION('',(-1.,0.,0.));
#6776=DIRECTION('',(0.,0.,1.));
#6777=DIRECTION('',(0.,1.,0.));
#6778=DIRECTION('',(0.,0.,-1.));
#6779=DIRECTION('',(-1.,0.,0.));
#6780=DIRECTION('',(0.,0.,1.));
#6781=DIRECTION('',(0.,1.,0.));
#6782=DIRECTION('',(0.,0.,-1.));
#6783=DIRECTION('',(-1.,0.,0.));
#6784=DIRECTION('',(-0.707106781186547,0.707106781186548,0.));
#6785=DIRECTION('',(-0.707106781186548,-0.707106781186547,0.));
#6786=DIRECTION('',(0.707106781186547,-0.707106781186548,0.));
#6787=DIRECTION('',(0.707106781186548,0.707106781186547,0.));
#6788=DIRECTION('',(-0.707106781186547,0.707106781186548,0.));
#6789=DIRECTION('',(-0.707106781186548,-0.707106781186547,0.));
#6790=DIRECTION('',(0.707106781186547,-0.707106781186548,0.));
#6791=DIRECTION('',(0.707106781186548,0.707106781186547,0.));
#6792=DIRECTION('',(-0.707106781186547,0.707106781186548,0.));
#6793=DIRECTION('',(-0.707106781186548,-0.707106781186547,0.));
#6794=DIRECTION('',(0.707106781186547,-0.707106781186548,0.));
#6795=DIRECTION('',(0.707106781186548,0.707106781186547,0.));
#6796=DIRECTION('',(0.707106781186547,-0.707106781186547,0.));
#6797=DIRECTION('',(0.707106781186548,0.707106781186548,0.));
#6798=DIRECTION('',(-0.707106781186547,0.707106781186547,0.));
#6799=DIRECTION('',(-0.707106781186548,-0.707106781186548,0.));
#6800=DIRECTION('',(0.707106781186547,-0.707106781186547,0.));
#6801=DIRECTION('',(0.707106781186548,0.707106781186548,0.));
#6802=DIRECTION('',(-0.707106781186547,0.707106781186547,0.));
#6803=DIRECTION('',(-0.707106781186548,-0.707106781186548,0.));
#6804=DIRECTION('',(0.707106781186547,-0.707106781186547,0.));
#6805=DIRECTION('',(0.707106781186548,0.707106781186548,0.));
#6806=DIRECTION('',(-0.707106781186547,0.707106781186547,0.));
#6807=DIRECTION('',(-0.707106781186548,-0.707106781186548,0.));
#6808=DIRECTION('',(-1.,0.,0.));
#6809=DIRECTION('',(0.,0.,1.));
#6810=DIRECTION('',(1.,0.,0.));
#6811=DIRECTION('',(0.,0.,-1.));
#6812=DIRECTION('',(-1.,0.,0.));
#6813=DIRECTION('',(0.,0.,1.));
#6814=DIRECTION('',(1.,0.,0.));
#6815=DIRECTION('',(0.,0.,-1.));
#6816=DIRECTION('',(-1.,0.,0.));
#6817=DIRECTION('',(0.,0.,1.));
#6818=DIRECTION('',(1.,0.,0.));
#6819=DIRECTION('',(0.,0.,-1.));
#6820=DIRECTION('',(-1.,0.,0.));
#6821=DIRECTION('',(0.,0.,1.));
#6822=DIRECTION('',(1.,0.,0.));
#6823=DIRECTION('',(0.,0.,-1.));
#6824=DIRECTION('',(-1.,0.,0.));
#6825=DIRECTION('',(0.,0.,1.));
#6826=DIRECTION('',(1.,0.,0.));
#6827=DIRECTION('',(0.,0.,-1.));
#6828=DIRECTION('',(-1.,0.,0.));
#6829=DIRECTION('',(0.,0.,1.));
#6830=DIRECTION('',(1.,0.,0.));
#6831=DIRECTION('',(0.,0.,-1.));
#6832=DIRECTION('',(-1.,0.,0.));
#6833=DIRECTION('',(0.,0.,1.));
#6834=DIRECTION('',(1.,0.,0.));
#6835=DIRECTION('',(0.,0.,-1.));
#6836=DIRECTION('',(-1.,0.,0.));
#6837=DIRECTION('',(0.,0.,1.));
#6838=DIRECTION('',(1.,0.,0.));
#6839=DIRECTION('',(0.,0.,-1.));
#6840=DIRECTION('',(1.,0.,0.));
#6841=DIRECTION('',(0.,0.,-1.));
#6842=DIRECTION('',(-1.,0.,0.));
#6843=DIRECTION('',(0.,0.,1.));
#6844=DIRECTION('',(1.,0.,0.));
#6845=DIRECTION('',(0.,0.,-1.));
#6846=DIRECTION('',(-1.,0.,0.));
#6847=DIRECTION('',(0.,0.,1.));
#6848=DIRECTION('',(1.,0.,0.));
#6849=DIRECTION('',(0.,0.,-1.));
#6850=DIRECTION('',(-1.,0.,0.));
#6851=DIRECTION('',(0.,0.,1.));
#6852=DIRECTION('',(1.,0.,0.));
#6853=DIRECTION('',(0.,0.,-1.));
#6854=DIRECTION('',(-1.,0.,0.));
#6855=DIRECTION('',(0.,0.,1.));
#6856=DIRECTION('',(1.,0.,0.));
#6857=DIRECTION('',(0.,0.,-1.));
#6858=DIRECTION('',(-1.,0.,0.));
#6859=DIRECTION('',(0.,0.,1.));
#6860=DIRECTION('',(1.,0.,0.));
#6861=DIRECTION('',(0.,0.,-1.));
#6862=DIRECTION('',(-1.,0.,0.));
#6863=DIRECTION('',(0.,0.,1.));
#6864=DIRECTION('',(1.,0.,0.));
#6865=DIRECTION('',(0.,0.,-1.));
#6866=DIRECTION('',(-1.,0.,0.));
#6867=DIRECTION('',(0.,0.,1.));
#6868=DIRECTION('',(1.,0.,0.));
#6869=DIRECTION('',(0.,0.,-1.));
#6870=DIRECTION('',(-1.,0.,0.));
#6871=DIRECTION('',(0.,0.,1.));
#6872=DIRECTION('',(0.,0.,-1.));
#6873=DIRECTION('',(-1.,0.,0.));
#6874=DIRECTION('',(0.,0.,-1.));
#6875=DIRECTION('',(-1.,0.,0.));
#6876=DIRECTION('',(-1.,0.,0.));
#6877=DIRECTION('',(0.,0.,1.));
#6878=DIRECTION('',(-1.,0.,0.));
#6879=DIRECTION('',(0.,0.,1.));
#6880=DIRECTION('',(1.,0.,0.));
#6881=DIRECTION('',(0.,1.,0.));
#6882=DIRECTION('',(1.,0.,0.));
#6883=DIRECTION('',(0.,0.,-1.));
#6884=DIRECTION('',(1.,0.,0.));
#6885=DIRECTION('',(0.,0.,-1.));
#6886=DIRECTION('',(-1.,0.,0.));
#6887=DIRECTION('',(0.,1.,0.));
#6888=DIRECTION('',(0.,-1.,0.));
#6889=DIRECTION('',(0.,0.,1.));
#6890=DIRECTION('',(0.,1.,0.));
#6891=DIRECTION('',(0.,0.,1.));
#6892=DIRECTION('',(0.,-1.,0.));
#6893=DIRECTION('',(0.,0.,1.));
#6894=DIRECTION('',(0.,1.,0.));
#6895=DIRECTION('',(0.,0.,1.));
#6896=DIRECTION('',(0.,-1.,0.));
#6897=DIRECTION('',(0.,0.,1.));
#6898=DIRECTION('',(0.,1.,0.));
#6899=DIRECTION('',(0.,0.,1.));
#6900=DIRECTION('',(0.,-1.,0.));
#6901=DIRECTION('',(0.,0.,1.));
#6902=DIRECTION('',(0.,1.,0.));
#6903=DIRECTION('',(0.,0.,1.));
#6904=DIRECTION('',(0.,0.,-1.));
#6905=DIRECTION('',(-1.,0.,0.));
#6906=DIRECTION('',(0.,0.,-1.));
#6907=DIRECTION('',(0.,-1.,0.));
#6908=DIRECTION('',(0.,0.,-1.));
#6909=DIRECTION('',(0.,-1.,0.));
#6910=DIRECTION('',(0.,0.,1.));
#6911=DIRECTION('',(0.,1.,0.));
#6912=DIRECTION('',(0.,0.,1.));
#6913=DIRECTION('',(0.,1.,0.));
#6914=DIRECTION('',(0.,0.,1.));
#6915=DIRECTION('',(0.,1.,0.));
#6916=DIRECTION('',(0.,0.,1.));
#6917=DIRECTION('',(0.,1.,0.));
#6918=DIRECTION('',(0.,0.,-1.));
#6919=DIRECTION('',(-1.,0.,0.));
#6920=DIRECTION('',(0.,0.,-1.));
#6921=DIRECTION('',(-1.,0.,0.));
#6922=DIRECTION('',(0.,0.,-1.));
#6923=DIRECTION('',(-1.,0.,0.));
#6924=DIRECTION('',(0.,0.,-1.));
#6925=DIRECTION('',(-1.,0.,0.));
#6926=DIRECTION('',(0.,0.,-1.));
#6927=DIRECTION('',(-1.,0.,0.));
#6928=DIRECTION('',(0.,0.,-1.));
#6929=DIRECTION('',(-1.,0.,0.));
#6930=DIRECTION('',(0.,0.,-1.));
#6931=DIRECTION('',(-1.,0.,0.));
#6932=DIRECTION('',(0.,0.,-1.));
#6933=DIRECTION('',(-1.,0.,0.));
#6934=DIRECTION('',(0.,0.,-1.));
#6935=DIRECTION('',(-1.,0.,0.));
#6936=DIRECTION('',(0.,0.,-1.));
#6937=DIRECTION('',(-1.,0.,0.));
#6938=DIRECTION('',(0.,0.,-1.));
#6939=DIRECTION('',(-1.,0.,0.));
#6940=DIRECTION('',(0.,0.,1.));
#6941=DIRECTION('',(0.,-1.,0.));
#6942=DIRECTION('',(0.,0.,-1.));
#6943=DIRECTION('',(-1.,0.,0.));
#6944=DIRECTION('',(0.,0.,1.));
#6945=DIRECTION('',(0.,-1.,0.));
#6946=DIRECTION('',(-0.707106781186547,0.707106781186548,0.));
#6947=DIRECTION('',(0.707106781186548,0.707106781186547,0.));
#6948=DIRECTION('',(0.707106781186547,-0.707106781186547,0.));
#6949=DIRECTION('',(0.707106781186548,0.707106781186548,0.));
#6950=DIRECTION('',(-0.707106781186547,0.707106781186548,0.));
#6951=DIRECTION('',(0.707106781186548,0.707106781186547,0.));
#6952=DIRECTION('',(0.707106781186547,-0.707106781186547,0.));
#6953=DIRECTION('',(0.707106781186548,0.707106781186548,0.));
#6954=DIRECTION('',(-0.707106781186547,0.707106781186548,0.));
#6955=DIRECTION('',(0.707106781186548,0.707106781186547,0.));
#6956=DIRECTION('',(0.707106781186547,-0.707106781186547,0.));
#6957=DIRECTION('',(0.707106781186548,0.707106781186548,0.));
#6958=DIRECTION('',(0.707106781186547,-0.707106781186547,0.));
#6959=DIRECTION('',(-0.707106781186548,-0.707106781186548,0.));
#6960=DIRECTION('',(-0.707106781186547,0.707106781186547,0.));
#6961=DIRECTION('',(-0.707106781186548,-0.707106781186548,0.));
#6962=DIRECTION('',(0.707106781186547,-0.707106781186547,0.));
#6963=DIRECTION('',(-0.707106781186548,-0.707106781186548,0.));
#6964=DIRECTION('',(-0.707106781186547,0.707106781186547,0.));
#6965=DIRECTION('',(-0.707106781186548,-0.707106781186548,0.));
#6966=DIRECTION('',(0.707106781186547,-0.707106781186547,0.));
#6967=DIRECTION('',(-0.707106781186548,-0.707106781186548,0.));
#6968=DIRECTION('',(-0.707106781186547,0.707106781186547,0.));
#6969=DIRECTION('',(-0.707106781186548,-0.707106781186548,0.));
#6970=DIRECTION('',(6.12323399573677E-17,-1.,0.));
#6971=DIRECTION('',(1.,6.12323399573677E-17,0.));
#6972=DIRECTION('',(-6.12323399573677E-17,1.,0.));
#6973=DIRECTION('',(-1.,-6.12323399573677E-17,0.));
#6974=DIRECTION('',(-6.12323399573677E-17,-1.,0.));
#6975=DIRECTION('',(1.,-6.12323399573677E-17,0.));
#6976=DIRECTION('',(6.12323399573677E-17,1.,0.));
#6977=DIRECTION('',(-1.,6.12323399573677E-17,0.));
#6978=DIRECTION('',(0.,0.,1.));
#6979=DIRECTION('',(1.,0.,0.));
#6980=DIRECTION('',(-1.22464679914735E-16,-1.,0.));
#6981=DIRECTION('',(0.,0.,1.));
#6982=DIRECTION('',(1.,0.,0.));
#6983=DIRECTION('',(0.,0.,-1.));
#6984=DIRECTION('',(-1.,0.,0.));
#6985=DIRECTION('',(1.22464679914735E-16,1.,0.));
#6986=DIRECTION('',(0.,0.,-1.));
#6987=DIRECTION('',(-1.,0.,0.));
#6988=DIRECTION('',(-1.,0.,0.));
#6989=DIRECTION('',(0.,0.,-1.));
#6990=DIRECTION('',(1.,0.,0.));
#6991=DIRECTION('',(0.,0.,-1.));
#6992=DIRECTION('',(-1.,0.,0.));
#6993=DIRECTION('',(0.,0.,-1.));
#6994=DIRECTION('',(1.,0.,0.));
#6995=DIRECTION('',(0.,0.,-1.));
#6996=DIRECTION('',(-1.,0.,0.));
#6997=DIRECTION('',(0.,0.,-1.));
#6998=DIRECTION('',(1.,0.,0.));
#6999=DIRECTION('',(0.,0.,-1.));
#7000=DIRECTION('',(-1.,0.,0.));
#7001=DIRECTION('',(0.,0.,-1.));
#7002=DIRECTION('',(1.,0.,0.));
#7003=DIRECTION('',(0.,0.,-1.));
#7004=DIRECTION('',(-1.,0.,0.));
#7005=DIRECTION('',(0.,0.,-1.));
#7006=DIRECTION('',(1.,0.,0.));
#7007=DIRECTION('',(0.,0.,-1.));
#7008=DIRECTION('',(-1.,0.,0.));
#7009=DIRECTION('',(0.,0.,-1.));
#7010=DIRECTION('',(1.,0.,0.));
#7011=DIRECTION('',(0.,0.,-1.));
#7012=DIRECTION('',(-1.,0.,0.));
#7013=DIRECTION('',(0.,0.,-1.));
#7014=DIRECTION('',(1.,0.,0.));
#7015=DIRECTION('',(0.,0.,-1.));
#7016=DIRECTION('',(-1.,0.,0.));
#7017=DIRECTION('',(0.,0.,-1.));
#7018=DIRECTION('',(1.,0.,0.));
#7019=DIRECTION('',(0.,0.,-1.));
#7020=DIRECTION('',(1.,0.,0.));
#7021=DIRECTION('',(0.,0.,-1.));
#7022=DIRECTION('',(1.,-1.22464679914735E-16,0.));
#7023=DIRECTION('',(1.22464679914735E-16,1.,0.));
#7024=DIRECTION('',(-6.12323399573677E-17,1.,0.));
#7025=DIRECTION('',(-1.,-6.12323399573677E-17,0.));
#7026=DIRECTION('',(6.12323399573677E-17,-1.,0.));
#7027=DIRECTION('',(1.,6.12323399573677E-17,0.));
#7028=DIRECTION('',(0.,0.,1.));
#7029=DIRECTION('',(1.,0.,0.));
#7030=DIRECTION('',(-1.22464679914735E-16,1.,0.));
#7031=DIRECTION('',(0.,0.,1.));
#7032=DIRECTION('',(1.,0.,0.));
#7033=DIRECTION('',(0.,0.,-1.));
#7034=DIRECTION('',(-1.,0.,0.));
#7035=DIRECTION('',(1.22464679914735E-16,-1.,0.));
#7036=DIRECTION('',(0.,0.,-1.));
#7037=DIRECTION('',(-1.,0.,0.));
#7038=DIRECTION('',(1.,0.,0.));
#7039=DIRECTION('',(0.,0.,1.));
#7040=DIRECTION('',(-1.,0.,0.));
#7041=DIRECTION('',(0.,0.,1.));
#7042=DIRECTION('',(1.,0.,0.));
#7043=DIRECTION('',(0.,0.,1.));
#7044=DIRECTION('',(-1.,0.,0.));
#7045=DIRECTION('',(0.,0.,1.));
#7046=DIRECTION('',(1.,0.,0.));
#7047=DIRECTION('',(0.,0.,1.));
#7048=DIRECTION('',(-1.,0.,0.));
#7049=DIRECTION('',(0.,0.,1.));
#7050=DIRECTION('',(1.,0.,0.));
#7051=DIRECTION('',(0.,0.,1.));
#7052=DIRECTION('',(-1.,0.,0.));
#7053=DIRECTION('',(0.,0.,1.));
#7054=DIRECTION('',(1.,0.,0.));
#7055=DIRECTION('',(0.,0.,1.));
#7056=DIRECTION('',(-1.,0.,0.));
#7057=DIRECTION('',(0.,0.,1.));
#7058=DIRECTION('',(1.,0.,0.));
#7059=DIRECTION('',(0.,0.,1.));
#7060=DIRECTION('',(-1.,0.,0.));
#7061=DIRECTION('',(0.,0.,1.));
#7062=DIRECTION('',(1.,0.,0.));
#7063=DIRECTION('',(0.,0.,1.));
#7064=DIRECTION('',(-1.,0.,0.));
#7065=DIRECTION('',(0.,0.,1.));
#7066=DIRECTION('',(1.,0.,0.));
#7067=DIRECTION('',(0.,0.,1.));
#7068=DIRECTION('',(-1.,0.,0.));
#7069=DIRECTION('',(0.,0.,1.));
#7070=DIRECTION('',(-1.,0.,0.));
#7071=DIRECTION('',(0.,0.,1.));
#7072=DIRECTION('',(-1.,-1.22464679914735E-16,0.));
#7073=DIRECTION('',(1.22464679914735E-16,-1.,0.));
#7074=DIRECTION('',(6.12323399573677E-17,1.,0.));
#7075=DIRECTION('',(-1.,6.12323399573677E-17,0.));
#7076=DIRECTION('',(-6.12323399573677E-17,-1.,0.));
#7077=DIRECTION('',(1.,-6.12323399573677E-17,0.));
#7078=DIRECTION('',(0.,0.,-1.));
#7079=DIRECTION('',(-1.,0.,0.));
#7080=DIRECTION('',(0.,0.,-1.));
#7081=DIRECTION('',(-1.,0.,0.));
#7082=DIRECTION('',(0.,0.,-1.));
#7083=DIRECTION('',(-1.,0.,0.));
#7084=DIRECTION('',(0.,0.,-1.));
#7085=DIRECTION('',(-1.,0.,0.));
#7086=DIRECTION('',(0.707106781186547,-0.707106781186548,0.));
#7087=DIRECTION('',(0.,0.,-1.));
#7088=DIRECTION('',(-1.,0.,0.));
#7089=DIRECTION('',(-0.707106781186547,0.707106781186547,0.));
#7090=DIRECTION('',(0.,0.,1.));
#7091=DIRECTION('',(1.,0.,0.));
#7092=DIRECTION('',(0.,0.,-1.));
#7093=DIRECTION('',(-1.,0.,0.));
#7094=DIRECTION('',(0.,0.,1.));
#7095=DIRECTION('',(1.,0.,0.));
#7096=DIRECTION('',(0.,0.,-1.));
#7097=DIRECTION('',(-1.,0.,0.));
#7098=DIRECTION('',(0.,0.,-1.));
#7099=DIRECTION('',(-1.,0.,0.));
#7100=DIRECTION('',(0.,0.,-1.));
#7101=DIRECTION('',(-1.,0.,0.));
#7102=DIRECTION('',(0.,0.,-1.));
#7103=DIRECTION('',(-1.,0.,0.));
#7104=DIRECTION('',(-0.707106781186547,0.707106781186547,0.));
#7105=DIRECTION('',(0.707106781186547,-0.707106781186548,0.));
#7106=DIRECTION('',(1.,0.,0.));
#7107=DIRECTION('',(0.,0.,-1.));
#7108=DIRECTION('',(1.,0.,0.));
#7109=DIRECTION('',(0.,0.,-1.));
#7110=DIRECTION('',(-1.,0.,0.));
#7111=DIRECTION('',(0.,0.,1.));
#7112=DIRECTION('',(-1.,0.,0.));
#7113=DIRECTION('',(0.,0.,1.));
#7114=DIRECTION('',(-6.12323399573677E-17,1.,0.));
#7115=DIRECTION('',(-1.,-6.12323399573677E-17,0.));
#7116=DIRECTION('',(-6.12323399573677E-17,1.,0.));
#7117=DIRECTION('',(-1.,-6.12323399573677E-17,0.));
#7118=DIRECTION('',(-6.12323399573677E-17,1.,0.));
#7119=DIRECTION('',(-1.,-6.12323399573677E-17,0.));
#7120=DIRECTION('',(-6.12323399573677E-17,1.,0.));
#7121=DIRECTION('',(-1.,-6.12323399573677E-17,0.));
#7122=DIRECTION('',(-6.12323399573677E-17,1.,0.));
#7123=DIRECTION('',(-1.,-6.12323399573677E-17,0.));
#7124=DIRECTION('',(-6.12323399573677E-17,1.,0.));
#7125=DIRECTION('',(-1.,-6.12323399573677E-17,0.));
#7126=DIRECTION('',(-6.12323399573677E-17,1.,0.));
#7127=DIRECTION('',(-1.,-6.12323399573677E-17,0.));
#7128=DIRECTION('',(-6.12323399573677E-17,1.,0.));
#7129=DIRECTION('',(-1.,-6.12323399573677E-17,0.));
#7130=DIRECTION('',(1.,6.12323399573677E-17,-1.23908819712629E-16));
#7131=DIRECTION('',(-6.12323399573677E-17,1.,0.));
#7132=DIRECTION('',(-1.,-6.12323399573677E-17,0.));
#7133=DIRECTION('',(2.54638308400265E-16,1.55920994661341E-32,1.));
#7134=DIRECTION('',(-6.12323399573677E-17,1.,0.));
#7135=DIRECTION('',(-1.,-6.12323399573677E-17,0.));
#7136=DIRECTION('',(-1.,-6.12323399573677E-17,1.23908819712629E-16));
#7137=DIRECTION('',(-6.12323399573677E-17,1.,0.));
#7138=DIRECTION('',(-1.,-6.12323399573677E-17,0.));
#7139=DIRECTION('',(0.,0.,-1.));
#7140=DIRECTION('',(0.,0.,1.));
#7141=DIRECTION('',(-6.12323399573677E-17,1.,0.));
#7142=DIRECTION('',(-1.,-6.12323399573677E-17,0.));
#7143=DIRECTION('',(1.,6.12323399573677E-17,0.));
#7144=DIRECTION('',(-6.12323399573677E-17,1.,0.));
#7145=DIRECTION('',(-1.,-6.12323399573677E-17,0.));
#7146=DIRECTION('',(0.,0.,-1.));
#7147=DIRECTION('',(-6.12323399573677E-17,1.,0.));
#7148=DIRECTION('',(-1.,-6.12323399573677E-17,0.));
#7149=DIRECTION('',(-1.,-6.12323399573677E-17,0.));
#7150=DIRECTION('',(-6.12323399573677E-17,1.,0.));
#7151=DIRECTION('',(-1.,-6.12323399573677E-17,0.));
#7152=DIRECTION('',(0.,0.,-1.));
#7153=DIRECTION('',(-1.,0.,0.));
#7154=DIRECTION('',(0.,0.,1.));
#7155=DIRECTION('',(1.,0.,0.));
#7156=DIRECTION('',(0.,0.,-1.));
#7157=DIRECTION('',(-1.,0.,0.));
#7158=DIRECTION('',(0.,0.,-1.));
#7159=DIRECTION('',(0.,-1.,0.));
#7160=DIRECTION('',(0.,0.,-1.));
#7161=DIRECTION('',(0.,-1.,0.));
#7162=DIRECTION('',(0.,0.,-1.));
#7163=DIRECTION('',(0.,-1.,0.));
#7164=DIRECTION('',(0.,0.,-1.));
#7165=DIRECTION('',(0.,-1.,0.));
#7166=DIRECTION('',(0.707106781186547,-0.707106781186548,0.));
#7167=DIRECTION('',(0.707106781186548,0.707106781186547,0.));
#7168=DIRECTION('',(0.707106781186547,-0.707106781186548,0.));
#7169=DIRECTION('',(0.707106781186548,0.707106781186547,0.));
#7170=DIRECTION('',(0.707106781186547,-0.707106781186548,0.));
#7171=DIRECTION('',(0.707106781186548,0.707106781186547,0.));
#7172=DIRECTION('',(0.707106781186547,-0.707106781186548,0.));
#7173=DIRECTION('',(0.707106781186548,0.707106781186547,0.));
#7174=DIRECTION('',(0.707106781186547,-0.707106781186548,0.));
#7175=DIRECTION('',(0.,0.,-1.));
#7176=DIRECTION('',(0.,0.,1.));
#7177=DIRECTION('',(-0.707106781186548,-0.707106781186547,0.));
#7178=DIRECTION('',(0.,0.,-1.));
#7179=DIRECTION('',(0.,0.,1.));
#7180=DIRECTION('',(1.,0.,0.));
#7181=DIRECTION('',(0.,0.,1.));
#7182=DIRECTION('',(0.,0.,-1.));
#7183=DIRECTION('',(1.,0.,0.));
#7184=DIRECTION('',(0.,0.,1.));
#7185=DIRECTION('',(-0.707106781186548,0.707106781186548,0.));
#7186=DIRECTION('',(-0.707106781186548,-0.707106781186548,0.));
#7187=DIRECTION('',(-0.707106781186548,0.707106781186548,0.));
#7188=DIRECTION('',(-0.707106781186548,-0.707106781186548,0.));
#7189=DIRECTION('',(-0.707106781186548,0.707106781186548,0.));
#7190=DIRECTION('',(-0.707106781186548,-0.707106781186548,0.));
#7191=DIRECTION('',(-0.707106781186548,0.707106781186548,0.));
#7192=DIRECTION('',(-0.707106781186548,-0.707106781186548,0.));
#7193=DIRECTION('',(-0.707106781186548,0.707106781186548,0.));
#7194=DIRECTION('',(0.,0.,-1.));
#7195=DIRECTION('',(0.,0.,1.));
#7196=DIRECTION('',(0.707106781186548,0.707106781186548,0.));
#7197=DIRECTION('',(0.,0.,-1.));
#7198=DIRECTION('',(6.12323399573677E-17,-1.,0.));
#7199=DIRECTION('',(1.,6.12323399573677E-17,0.));
#7200=DIRECTION('',(-6.12323399573677E-17,1.,0.));
#7201=DIRECTION('',(0.,0.,-1.));
#7202=DIRECTION('',(-6.12323399573677E-17,1.,0.));
#7203=DIRECTION('',(-1.,-6.12323399573677E-17,0.));
#7204=DIRECTION('',(0.,0.,-1.));
#7205=DIRECTION('',(-6.12323399573677E-17,-1.,0.));
#7206=DIRECTION('',(1.,-6.12323399573677E-17,0.));
#7207=DIRECTION('',(6.12323399573677E-17,1.,0.));
#7208=DIRECTION('',(0.,0.,-1.));
#7209=DIRECTION('',(6.12323399573677E-17,1.,0.));
#7210=DIRECTION('',(-1.,6.12323399573677E-17,0.));
#7211=DIRECTION('',(0.,0.,-1.));
#7212=DIRECTION('',(0.,0.,-1.));
#7213=DIRECTION('',(-1.,0.,0.));
#7214=DIRECTION('',(0.,0.,-1.));
#7215=DIRECTION('',(-1.,0.,0.));
#7216=DIRECTION('',(0.,0.,1.));
#7217=DIRECTION('',(1.,0.,0.));
#7218=DIRECTION('',(0.,0.,1.));
#7219=DIRECTION('',(1.,0.,0.));
#7220=DIRECTION('',(1.,-1.22464679914735E-16,0.));
#7221=DIRECTION('',(1.22464679914735E-16,1.,0.));
#7222=DIRECTION('',(1.,-1.22464679914735E-16,0.));
#7223=DIRECTION('',(1.22464679914735E-16,1.,0.));
#7224=DIRECTION('',(1.,-1.22464679914735E-16,0.));
#7225=DIRECTION('',(1.22464679914735E-16,1.,0.));
#7226=DIRECTION('',(1.,-1.22464679914735E-16,0.));
#7227=DIRECTION('',(1.22464679914735E-16,1.,0.));
#7228=DIRECTION('',(1.,-1.22464679914735E-16,0.));
#7229=DIRECTION('',(1.22464679914735E-16,1.,0.));
#7230=DIRECTION('',(1.,-1.22464679914735E-16,0.));
#7231=DIRECTION('',(1.22464679914735E-16,1.,0.));
#7232=DIRECTION('',(1.,-1.22464679914735E-16,0.));
#7233=DIRECTION('',(1.22464679914735E-16,1.,0.));
#7234=DIRECTION('',(1.,-1.22464679914735E-16,0.));
#7235=DIRECTION('',(1.22464679914735E-16,1.,0.));
#7236=DIRECTION('',(1.,-1.22464679914735E-16,0.));
#7237=DIRECTION('',(1.22464679914735E-16,1.,0.));
#7238=DIRECTION('',(0.,0.,-1.));
#7239=DIRECTION('',(0.,0.,-1.));
#7240=DIRECTION('',(-6.12323399573677E-17,1.,0.));
#7241=DIRECTION('',(-1.,-6.12323399573677E-17,0.));
#7242=DIRECTION('',(6.12323399573677E-17,-1.,0.));
#7243=DIRECTION('',(0.,0.,-1.));
#7244=DIRECTION('',(6.12323399573677E-17,-1.,0.));
#7245=DIRECTION('',(1.,6.12323399573677E-17,0.));
#7246=DIRECTION('',(0.,0.,-1.));
#7247=DIRECTION('',(0.,0.,-1.));
#7248=DIRECTION('',(-1.,0.,0.));
#7249=DIRECTION('',(0.,0.,-1.));
#7250=DIRECTION('',(-1.,0.,0.));
#7251=DIRECTION('',(0.,0.,1.));
#7252=DIRECTION('',(1.,0.,0.));
#7253=DIRECTION('',(0.,0.,1.));
#7254=DIRECTION('',(1.,0.,0.));
#7255=DIRECTION('',(-1.,-1.22464679914735E-16,0.));
#7256=DIRECTION('',(1.22464679914735E-16,-1.,0.));
#7257=DIRECTION('',(-1.,-1.22464679914735E-16,0.));
#7258=DIRECTION('',(1.22464679914735E-16,-1.,0.));
#7259=DIRECTION('',(-1.,-1.22464679914735E-16,0.));
#7260=DIRECTION('',(1.22464679914735E-16,-1.,0.));
#7261=DIRECTION('',(-1.,-1.22464679914735E-16,0.));
#7262=DIRECTION('',(1.22464679914735E-16,-1.,0.));
#7263=DIRECTION('',(-1.,-1.22464679914735E-16,0.));
#7264=DIRECTION('',(1.22464679914735E-16,-1.,0.));
#7265=DIRECTION('',(-1.,-1.22464679914735E-16,0.));
#7266=DIRECTION('',(1.22464679914735E-16,-1.,0.));
#7267=DIRECTION('',(-1.,-1.22464679914735E-16,0.));
#7268=DIRECTION('',(1.22464679914735E-16,-1.,0.));
#7269=DIRECTION('',(-1.,-1.22464679914735E-16,0.));
#7270=DIRECTION('',(1.22464679914735E-16,-1.,0.));
#7271=DIRECTION('',(-1.,-1.22464679914735E-16,0.));
#7272=DIRECTION('',(1.22464679914735E-16,-1.,0.));
#7273=DIRECTION('',(0.,0.,-1.));
#7274=DIRECTION('',(0.,0.,-1.));
#7275=DIRECTION('',(6.12323399573677E-17,1.,0.));
#7276=DIRECTION('',(-1.,6.12323399573677E-17,0.));
#7277=DIRECTION('',(-6.12323399573677E-17,-1.,0.));
#7278=DIRECTION('',(0.,0.,-1.));
#7279=DIRECTION('',(-6.12323399573677E-17,-1.,0.));
#7280=DIRECTION('',(1.,-6.12323399573677E-17,0.));
#7281=DIRECTION('',(0.,0.,-1.));
#7282=DIRECTION('',(0.,0.,1.));
#7283=DIRECTION('',(1.,0.,0.));
#7284=DIRECTION('',(0.,0.,-1.));
#7285=DIRECTION('',(-1.,0.,0.));
#7286=DIRECTION('',(0.707106781186547,0.707106781186547,0.));
#7287=DIRECTION('',(-0.707106781186548,0.707106781186548,0.));
#7288=DIRECTION('',(0.,0.,-1.));
#7289=DIRECTION('',(-0.707106781186547,0.707106781186547,0.));
#7290=DIRECTION('',(0.707106781186548,-0.707106781186548,0.));
#7291=DIRECTION('',(0.,0.,1.));
#7292=DIRECTION('',(-0.707106781186547,0.707106781186547,0.));
#7293=DIRECTION('',(-0.707106781186548,-0.707106781186548,0.));
#7294=DIRECTION('',(-0.707106781186547,0.707106781186547,0.));
#7295=DIRECTION('',(-0.707106781186547,-0.707106781186547,0.));
#7296=DIRECTION('',(0.707106781186548,-0.707106781186548,0.));
#7297=DIRECTION('',(0.,0.,1.));
#7298=DIRECTION('',(-0.707106781186548,0.707106781186548,0.));
#7299=DIRECTION('',(0.,0.,-1.));
#7300=DIRECTION('',(-1.,0.,0.));
#7301=DIRECTION('',(0.,0.,-1.));
#7302=DIRECTION('',(-1.,0.,0.));
#7303=DIRECTION('',(-0.707106781186548,-0.707106781186547,0.));
#7304=DIRECTION('',(0.707106781186547,-0.707106781186548,0.));
#7305=DIRECTION('',(0.,0.,-1.));
#7306=DIRECTION('',(0.707106781186547,-0.707106781186548,0.));
#7307=DIRECTION('',(-0.707106781186547,0.707106781186548,0.));
#7308=DIRECTION('',(0.707106781186547,-0.707106781186548,0.));
#7309=DIRECTION('',(0.707106781186548,0.707106781186547,0.));
#7310=DIRECTION('',(0.707106781186547,-0.707106781186548,0.));
#7311=DIRECTION('',(0.707106781186548,0.707106781186547,0.));
#7312=DIRECTION('',(-0.707106781186547,0.707106781186548,0.));
#7313=DIRECTION('',(0.,0.,1.));
#7314=DIRECTION('',(0.,0.,1.));
#7315=DIRECTION('',(0.707106781186547,-0.707106781186548,0.));
#7316=DIRECTION('',(0.,0.,-1.));
#7317=DIRECTION('',(-1.,0.,0.));
#7318=DIRECTION('',(0.,0.,-1.));
#7319=DIRECTION('',(-1.,0.,0.));
#7320=DIRECTION('',(6.12323399573677E-17,-1.,0.));
#7321=DIRECTION('',(1.,6.12323399573677E-17,0.));
#7322=DIRECTION('',(-6.12323399573677E-17,1.,0.));
#7323=DIRECTION('',(-6.12323399573677E-17,1.,0.));
#7324=DIRECTION('',(0.,0.,1.));
#7325=DIRECTION('',(1.,0.,0.));
#7326=DIRECTION('',(0.,0.,1.));
#7327=DIRECTION('',(1.,0.,0.));
#7328=DIRECTION('',(-6.12323399573677E-17,1.,0.));
#7329=DIRECTION('',(6.12323399573677E-17,-1.,0.));
#7330=DIRECTION('',(1.,6.12323399573677E-17,0.));
#7331=DIRECTION('',(-6.12323399573677E-17,1.,0.));
#7332=DIRECTION('',(1.,6.12323399573677E-17,0.));
#7333=DIRECTION('',(-6.12323399573677E-17,1.,0.));
#7334=DIRECTION('',(0.,0.,-1.));
#7335=DIRECTION('',(-6.12323399573677E-17,1.,0.));
#7336=DIRECTION('',(6.12323399573677E-17,-1.,0.));
#7337=DIRECTION('',(1.,6.12323399573677E-17,0.));
#7338=DIRECTION('',(-6.12323399573677E-17,1.,0.));
#7339=DIRECTION('',(0.,0.,-1.));
#7340=DIRECTION('',(-1.,0.,0.));
#7341=DIRECTION('',(0.,0.,-1.));
#7342=DIRECTION('',(-1.,0.,0.));
#7343=DIRECTION('',(-6.12323399573677E-17,1.,0.));
#7344=DIRECTION('',(6.12323399573677E-17,-1.,0.));
#7345=DIRECTION('',(1.,6.12323399573677E-17,0.));
#7346=DIRECTION('',(-6.12323399573677E-17,1.,0.));
#7347=DIRECTION('',(-1.,-6.12323399573677E-17,0.));
#7348=DIRECTION('',(6.12323399573677E-17,-1.,0.));
#7349=DIRECTION('',(0.,0.,1.));
#7350=DIRECTION('',(0.,0.,-1.));
#7351=DIRECTION('',(-1.,0.,0.));
#7352=DIRECTION('',(0.,0.,-1.));
#7353=DIRECTION('',(0.,0.,1.));
#7354=DIRECTION('',(1.,0.,0.));
#7355=DIRECTION('',(0.,0.,-1.));
#7356=DIRECTION('',(0.,0.,-1.));
#7357=DIRECTION('',(-1.,0.,0.));
#7358=DIRECTION('',(0.,0.,-1.));
#7359=DIRECTION('',(-1.,0.,0.));
#7360=DIRECTION('',(0.,0.,-1.));
#7361=DIRECTION('',(0.,0.,1.));
#7362=DIRECTION('',(1.,0.,0.));
#7363=DIRECTION('',(0.,0.,-1.));
#7364=DIRECTION('',(0.,0.,-1.));
#7365=DIRECTION('',(0.,0.,-1.));
#7366=DIRECTION('',(0.,0.,-1.));
#7367=DIRECTION('',(0.,0.,-1.));
#7368=DIRECTION('',(0.,0.,1.));
#7369=DIRECTION('',(1.,0.,0.));
#7370=DIRECTION('',(0.,0.,-1.));
#7371=DIRECTION('',(1.,0.,0.));
#7372=DIRECTION('',(0.,-1.,0.));
#7373=DIRECTION('',(0.,0.,1.));
#7374=DIRECTION('',(0.,1.,0.));
#7375=DIRECTION('',(0.,0.,1.));
#7376=DIRECTION('',(0.,-1.,0.));
#7377=DIRECTION('',(0.,0.,1.));
#7378=DIRECTION('',(0.,1.,0.));
#7379=DIRECTION('',(0.,0.,1.));
#7380=DIRECTION('',(-1.,-1.22464679914735E-16,0.));
#7381=DIRECTION('',(1.22464679914735E-16,-1.,0.));
#7382=DIRECTION('',(1.,-1.22464679914735E-16,0.));
#7383=DIRECTION('',(1.22464679914735E-16,1.,0.));
#7384=DIRECTION('',(-1.,1.22464679914735E-16,0.));
#7385=DIRECTION('',(-1.22464679914735E-16,-1.,0.));
#7386=DIRECTION('',(6.12323399573677E-17,-1.,-1.3684555315672E-48));
#7387=DIRECTION('',(1.,6.12323399573677E-17,0.));
#7388=DIRECTION('',(-6.12323399573677E-17,1.,0.));
#7389=DIRECTION('',(0.,1.,0.));
#7390=DIRECTION('',(0.,0.,1.));
#7391=DIRECTION('',(-6.12323399573677E-17,1.,1.3684555315672E-48));
#7392=DIRECTION('',(1.,6.12323399573677E-17,-2.54638308400265E-16));
#7393=DIRECTION('',(-2.54638308400265E-16,0.,-1.));
#7394=DIRECTION('',(-6.12323399573677E-17,1.,0.));
#7395=DIRECTION('',(-2.54638308400265E-16,-1.55920994661341E-32,-1.));
#7396=DIRECTION('',(0.,0.,-1.));
#7397=DIRECTION('',(6.12323399573677E-17,-1.,0.));
#7398=DIRECTION('',(1.,6.12323399573677E-17,0.));
#7399=DIRECTION('',(-6.12323399573677E-17,1.,0.));
#7400=DIRECTION('',(0.,1.,0.));
#7401=DIRECTION('',(0.,0.,1.));
#7402=DIRECTION('',(1.23908819712629E-16,7.58722697235988E-33,1.));
#7403=DIRECTION('',(1.,0.,-1.23908819712629E-16));
#7404=DIRECTION('',(-6.12323399573677E-17,1.,0.));
#7405=DIRECTION('',(1.,6.12323399573677E-17,-1.23908819712629E-16));
#7406=DIRECTION('',(1.23908819712629E-16,7.58722697235988E-33,1.));
#7407=DIRECTION('',(1.,0.,-1.23908819712629E-16));
#7408=DIRECTION('',(6.12323399573677E-17,-1.,0.));
#7409=DIRECTION('',(1.,6.12323399573677E-17,0.));
#7410=DIRECTION('',(-6.12323399573677E-17,1.,0.));
#7411=DIRECTION('',(0.,1.,0.));
#7412=DIRECTION('',(0.,0.,1.));
#7413=DIRECTION('',(-1.,-6.12323399573677E-17,0.));
#7414=DIRECTION('',(6.12323399573677E-17,-1.,0.));
#7415=DIRECTION('',(-6.12323399573677E-17,1.,1.3684555315672E-48));
#7416=DIRECTION('',(0.,0.,1.));
#7417=DIRECTION('',(0.,0.,-1.));
#7418=DIRECTION('',(6.12323399573677E-17,-1.,-1.3684555315672E-48));
#7419=DIRECTION('',(1.,6.12323399573677E-17,0.));
#7420=DIRECTION('',(-6.12323399573677E-17,1.,1.3684555315672E-48));
#7421=DIRECTION('',(0.,1.,0.));
#7422=DIRECTION('',(0.,0.,1.));
#7423=DIRECTION('',(-1.23908819712629E-16,-7.58722697235988E-33,-1.));
#7424=DIRECTION('',(-1.,0.,1.23908819712629E-16));
#7425=DIRECTION('',(-1.,-6.12323399573677E-17,1.23908819712629E-16));
#7426=DIRECTION('',(-1.23908819712629E-16,-7.58722697235988E-33,-1.));
#7427=DIRECTION('',(-1.,0.,1.23908819712629E-16));
#7428=DIRECTION('',(0.,0.,1.));
#7429=DIRECTION('',(1.,0.,0.));
#7430=DIRECTION('',(0.,0.,1.));
#7431=DIRECTION('',(1.,0.,0.));
#7432=DIRECTION('',(0.,0.,1.));
#7433=DIRECTION('',(1.,0.,0.));
#7434=DIRECTION('',(0.,0.,1.));
#7435=DIRECTION('',(1.,0.,0.));
#7436=DIRECTION('',(0.,0.,1.));
#7437=DIRECTION('',(1.,0.,0.));
#7438=DIRECTION('',(0.,0.,1.));
#7439=DIRECTION('',(1.,0.,0.));
#7440=DIRECTION('',(0.,0.,1.));
#7441=DIRECTION('',(1.,0.,0.));
#7442=DIRECTION('',(0.,0.,1.));
#7443=DIRECTION('',(1.,0.,0.));
#7444=DIRECTION('',(0.,0.,-1.));
#7445=DIRECTION('',(1.,0.,0.));
#7446=DIRECTION('',(0.,0.,-1.));
#7447=DIRECTION('',(-1.,0.,0.));
#7448=DIRECTION('',(0.,0.,-1.));
#7449=DIRECTION('',(0.,0.,-1.));
#7450=DIRECTION('',(-1.,0.,0.));
#7451=DIRECTION('',(0.,0.,-1.));
#7452=DIRECTION('',(0.,0.,1.));
#7453=DIRECTION('',(1.,0.,0.));
#7454=DIRECTION('',(0.,0.,1.));
#7455=DIRECTION('',(1.,0.,0.));
#7456=DIRECTION('',(-1.,0.,0.));
#7457=DIRECTION('',(0.,0.,1.));
#7458=DIRECTION('',(0.,-1.,0.));
#7459=DIRECTION('',(0.,0.,1.));
#7460=DIRECTION('',(0.,-1.,0.));
#7461=DIRECTION('',(0.,0.,1.));
#7462=DIRECTION('',(1.,0.,0.));
#7463=DIRECTION('',(0.,0.,-1.));
#7464=DIRECTION('',(-1.,0.,0.));
#7465=DIRECTION('',(0.,0.,1.));
#7466=DIRECTION('',(1.,0.,0.));
#7467=DIRECTION('',(0.,0.,1.));
#7468=DIRECTION('',(1.,0.,0.));
#7469=DIRECTION('',(0.,0.,-1.));
#7470=DIRECTION('',(-1.,0.,0.));
#7471=DIRECTION('',(0.,0.,-1.));
#7472=DIRECTION('',(-1.,0.,0.));
#7473=DIRECTION('',(0.,-1.,0.));
#7474=DIRECTION('',(0.,0.,-1.));
#7475=DIRECTION('',(-1.,0.,0.));
#7476=DIRECTION('',(-1.,-1.15648231731787E-16,0.));
#7477=DIRECTION('',(0.,0.,-1.));
#7478=DIRECTION('',(-1.,0.,0.));
#7479=DIRECTION('',(-1.,-2.81306509617861E-16,0.));
#7480=DIRECTION('',(0.,0.,-1.));
#7481=DIRECTION('',(-1.,0.,0.));
#7482=DIRECTION('',(-1.,-1.15648231731787E-16,0.));
#7483=DIRECTION('',(0.,0.,-1.));
#7484=DIRECTION('',(-1.,0.,0.));
#7485=DIRECTION('',(0.,1.,0.));
#7486=DIRECTION('',(0.,0.,1.));
#7487=DIRECTION('',(1.,0.,0.));
#7488=DIRECTION('',(0.,0.,1.));
#7489=DIRECTION('',(-1.,0.,0.));
#7490=DIRECTION('',(0.,1.,0.));
#7491=DIRECTION('',(1.,0.,0.));
#7492=DIRECTION('',(0.,0.,-1.));
#7493=DIRECTION('',(0.,0.,1.));
#7494=DIRECTION('',(0.,1.,0.));
#7495=DIRECTION('',(0.,0.,1.));
#7496=DIRECTION('',(1.,0.,0.));
#7497=DIRECTION('',(0.,0.,-1.));
#7498=DIRECTION('',(-1.,0.,0.));
#7499=DIRECTION('',(-2.81306509617861E-16,1.,0.));
#7500=DIRECTION('',(-1.,-2.81306509617861E-16,0.));
#7501=DIRECTION('',(0.,0.,-1.));
#7502=DIRECTION('',(1.,2.81306509617861E-16,0.));
#7503=DIRECTION('',(0.,0.,-1.));
#7504=DIRECTION('',(0.,0.,-1.));
#7505=DIRECTION('',(-1.,0.,0.));
#7506=DIRECTION('',(0.,0.,-1.));
#7507=DIRECTION('',(-1.,0.,0.));
#7508=DIRECTION('',(0.,0.,-1.));
#7509=DIRECTION('',(-1.,0.,0.));
#7510=DIRECTION('',(0.,0.,-1.));
#7511=DIRECTION('',(-1.,0.,0.));
#7512=DIRECTION('',(0.,0.,1.));
#7513=DIRECTION('',(1.,0.,0.));
#7514=DIRECTION('',(0.,0.,-1.));
#7515=DIRECTION('',(-1.,0.,0.));
#7516=DIRECTION('',(0.,0.,1.));
#7517=DIRECTION('',(1.,0.,0.));
#7518=DIRECTION('',(0.,-0.707106781186547,0.707106781186547));
#7519=DIRECTION('',(8.17756488897797E-17,-0.707106781186545,-0.70710678118655));
#7520=DIRECTION('',(-1.,-1.15648231731787E-16,0.));
#7521=DIRECTION('',(0.,0.707106781186552,-0.707106781186542));
#7522=DIRECTION('',(-1.98913740542708E-16,0.707106781186549,0.707106781186546));
#7523=DIRECTION('',(-1.,-2.81306509617861E-16,0.));
#7524=DIRECTION('',(0.,-0.707106781186547,0.707106781186547));
#7525=DIRECTION('',(0.,0.,1.));
#7526=DIRECTION('',(1.,0.,0.));
#7527=DIRECTION('',(0.707106781186547,0.,-0.707106781186547));
#7528=DIRECTION('',(0.,0.,1.));
#7529=DIRECTION('',(1.,0.,0.));
#7530=DIRECTION('',(-0.707106781186547,0.,-0.707106781186547));
#7531=DIRECTION('',(0.,1.,0.));
#7532=DIRECTION('',(8.17756488897797E-17,-0.707106781186545,-0.70710678118655));
#7533=DIRECTION('',(-1.,-1.15648231731787E-16,0.));
#7534=DIRECTION('',(0.,-0.707106781186552,0.707106781186542));
#7535=DIRECTION('',(0.,0.,1.));
#7536=DIRECTION('',(1.,0.,0.));
#7537=DIRECTION('',(0.,0.,1.));
#7538=DIRECTION('',(1.,0.,0.));
#7539=DIRECTION('',(0.707106781186547,0.,0.707106781186547));
#7540=DIRECTION('',(0.707106781186547,0.,-0.707106781186547));
#7541=DIRECTION('',(0.,-1.,0.));
#7542=DIRECTION('',(0.0542268501057473,-0.998528641916499,0.));
#7543=DIRECTION('',(0.,0.,-1.));
#7544=DIRECTION('',(-0.9985286419165,0.0542268501057282,0.));
#7545=DIRECTION('',(0.,0.,-1.));
#7546=DIRECTION('',(0.,-1.,0.));
#7547=DIRECTION('',(0.,0.,-1.));
#7548=DIRECTION('',(0.,-1.,0.));
#7549=DIRECTION('',(0.,0.,-1.));
#7550=DIRECTION('',(0.,-1.,0.));
#7551=DIRECTION('',(0.,0.,-1.));
#7552=DIRECTION('',(0.,-1.,0.));
#7553=DIRECTION('',(0.,0.,-1.));
#7554=DIRECTION('',(0.,-1.,0.));
#7555=DIRECTION('',(0.,0.,-1.));
#7556=DIRECTION('',(0.,-1.,0.));
#7557=DIRECTION('',(0.,0.,-1.));
#7558=DIRECTION('',(-0.49208142227088,-0.8705491794585,0.));
#7559=DIRECTION('',(0.,0.,-1.));
#7560=DIRECTION('',(0.,0.,-1.));
#7561=DIRECTION('',(-1.,0.,0.));
#7562=DIRECTION('',(0.,0.,1.));
#7563=DIRECTION('',(1.,0.,0.));
#7564=DIRECTION('',(-0.492081422270841,0.870549179458522,0.));
#7565=DIRECTION('',(0.,0.,-1.));
#7566=DIRECTION('',(0.,-1.,0.));
#7567=DIRECTION('',(0.,0.,-1.));
#7568=DIRECTION('',(0.,0.707106781186547,0.707106781186549));
#7569=DIRECTION('',(0.70710678118655,-0.707106781186545,0.));
#7570=DIRECTION('',(-0.707106781186547,-0.707106781186548,1.80056474619699E-16));
#7571=DIRECTION('',(-2.54638308400265E-16,1.55920994661341E-32,-1.));
#7572=DIRECTION('',(0.707106781186547,-0.707106781186547,0.));
#7573=DIRECTION('',(4.4318963855847E-17,-0.707106781186546,0.707106781186549));
#7574=DIRECTION('',(-1.,6.12323399573677E-17,1.23908819712629E-16));
#7575=DIRECTION('',(0.,0.707106781186548,0.707106781186547));
#7576=DIRECTION('',(0.,-1.,0.));
#7577=DIRECTION('',(0.,0.,-1.));
#7578=DIRECTION('',(0.,-0.707106781186542,0.707106781186552));
#7579=DIRECTION('',(0.,-1.,0.));
#7580=DIRECTION('',(0.,0.,-1.));
#7581=DIRECTION('',(0.707106781186545,0.70710678118655,0.));
#7582=DIRECTION('',(-1.30914569479396E-16,-0.707106781186551,-0.707106781186544));
#7583=DIRECTION('',(1.,-6.12323399573677E-17,-1.23908819712629E-16));
#7584=DIRECTION('',(0.,-0.707106781186542,0.707106781186552));
#7585=DIRECTION('',(0.707106781186547,-0.707106781186547,0.));
#7586=DIRECTION('',(0.,0.,1.));
#7587=DIRECTION('',(0.707106781186545,0.70710678118655,0.));
#7588=DIRECTION('',(0.,-1.,0.));
#7589=DIRECTION('',(0.,0.,-1.));
#7590=DIRECTION('',(-0.054226850105738,0.9985286419165,0.));
#7591=DIRECTION('',(0.,0.,-1.));
#7592=DIRECTION('',(0.998528641916499,-0.0542268501057478,0.));
#7593=DIRECTION('',(0.,0.,-1.));
#7594=DIRECTION('',(0.,1.,0.));
#7595=DIRECTION('',(0.,0.,1.));
#7596=DIRECTION('',(0.,1.,0.));
#7597=DIRECTION('',(0.,0.,1.));
#7598=DIRECTION('',(0.,1.,0.));
#7599=DIRECTION('',(0.,0.,1.));
#7600=DIRECTION('',(0.,1.,0.));
#7601=DIRECTION('',(0.,0.,1.));
#7602=DIRECTION('',(0.,1.,0.));
#7603=DIRECTION('',(0.,0.,1.));
#7604=DIRECTION('',(0.,1.,0.));
#7605=DIRECTION('',(0.,0.,1.));
#7606=DIRECTION('',(-1.30914569479396E-16,0.707106781186551,-0.707106781186544));
#7607=DIRECTION('',(1.,6.12323399573677E-17,-1.23908819712629E-16));
#7608=DIRECTION('',(0.,0.707106781186547,0.707106781186547));
#7609=DIRECTION('',(0.,-0.707106781186547,-0.707106781186547));
#7610=DIRECTION('',(0.,1.,0.));
#7611=DIRECTION('',(0.,0.,1.));
#7612=DIRECTION('',(0.707106781186545,-0.70710678118655,0.));
#7613=DIRECTION('',(0.,1.,0.));
#7614=DIRECTION('',(0.,0.,1.));
#7615=DIRECTION('',(0.70710678118655,0.707106781186545,0.));
#7616=DIRECTION('',(0.707106781186547,0.707106781186547,0.));
#7617=DIRECTION('',(0.,0.,1.));
#7618=DIRECTION('',(0.707106781186545,-0.70710678118655,0.));
#7619=DIRECTION('',(-0.707106781186547,0.707106781186548,1.80056474619699E-16));
#7620=DIRECTION('',(-2.54638308400265E-16,-1.55920994661341E-32,-1.));
#7621=DIRECTION('',(0.70710678118655,0.707106781186545,0.));
#7622=DIRECTION('',(0.,1.,0.));
#7623=DIRECTION('',(0.,0.,1.));
#7624=DIRECTION('',(0.,-0.707106781186548,0.707106781186547));
#7625=DIRECTION('',(0.,1.,0.));
#7626=DIRECTION('',(0.,0.,1.));
#7627=DIRECTION('',(0.,0.707106781186545,-0.70710678118655));
#7628=DIRECTION('',(4.4318963855847E-17,0.707106781186546,0.707106781186549));
#7629=DIRECTION('',(-1.,-6.12323399573677E-17,1.23908819712629E-16));
#7630=DIRECTION('',(0.492081422270856,0.870549179458514,0.));
#7631=DIRECTION('',(0.,0.,-1.));
#7632=DIRECTION('',(0.,0.,1.));
#7633=DIRECTION('',(1.,0.,0.));
#7634=DIRECTION('',(0.,0.,-1.));
#7635=DIRECTION('',(-1.,0.,0.));
#7636=DIRECTION('',(0.49208142227089,-0.870549179458495,0.));
#7637=DIRECTION('',(0.,0.,-1.));
#7638=DIRECTION('',(1.,-1.22464679914735E-16,0.));
#7639=DIRECTION('',(1.22464679914735E-16,1.,0.));
#7640=DIRECTION('',(-0.707106781186547,0.707106781186547,0.));
#7641=DIRECTION('',(-0.707106781186548,-0.707106781186548,0.));
#7642=DIRECTION('',(-0.707106781186547,0.707106781186547,0.));
#7643=DIRECTION('',(-0.707106781186548,-0.707106781186548,0.));
#7644=DIRECTION('',(-0.707106781186547,0.707106781186547,0.));
#7645=DIRECTION('',(-0.707106781186548,-0.707106781186548,0.));
#7646=DIRECTION('',(0.707106781186547,-0.707106781186547,0.));
#7647=DIRECTION('',(0.707106781186548,0.707106781186548,0.));
#7648=DIRECTION('',(0.707106781186547,-0.707106781186547,0.));
#7649=DIRECTION('',(0.707106781186548,0.707106781186548,0.));
#7650=DIRECTION('',(0.707106781186547,-0.707106781186547,0.));
#7651=DIRECTION('',(0.707106781186548,0.707106781186548,0.));
#7652=DIRECTION('',(-1.,0.,0.));
#7653=DIRECTION('',(0.,0.,1.));
#7654=DIRECTION('',(-1.,0.,0.));
#7655=DIRECTION('',(0.,0.,1.));
#7656=DIRECTION('',(-1.,0.,0.));
#7657=DIRECTION('',(0.,0.,1.));
#7658=DIRECTION('',(-1.,0.,0.));
#7659=DIRECTION('',(0.,0.,1.));
#7660=DIRECTION('',(1.,0.,0.));
#7661=DIRECTION('',(0.,0.,-1.));
#7662=DIRECTION('',(1.,0.,0.));
#7663=DIRECTION('',(0.,0.,-1.));
#7664=DIRECTION('',(1.,0.,0.));
#7665=DIRECTION('',(0.,0.,-1.));
#7666=DIRECTION('',(1.,0.,0.));
#7667=DIRECTION('',(0.,0.,-1.));
#7668=DIRECTION('',(1.,0.,0.));
#7669=DIRECTION('',(0.,0.,-1.));
#7670=DIRECTION('',(1.,0.,0.));
#7671=DIRECTION('',(0.,0.,-1.));
#7672=DIRECTION('',(1.,0.,0.));
#7673=DIRECTION('',(0.,0.,-1.));
#7674=DIRECTION('',(1.,0.,0.));
#7675=DIRECTION('',(0.,0.,-1.));
#7676=DIRECTION('',(-1.,0.,0.));
#7677=DIRECTION('',(0.,0.,1.));
#7678=DIRECTION('',(-1.,0.,0.));
#7679=DIRECTION('',(0.,0.,1.));
#7680=DIRECTION('',(-1.,0.,0.));
#7681=DIRECTION('',(0.,0.,1.));
#7682=DIRECTION('',(-1.,0.,0.));
#7683=DIRECTION('',(0.,0.,1.));
#7684=DIRECTION('',(0.,0.,-1.));
#7685=DIRECTION('',(-1.,0.,0.));
#7686=DIRECTION('',(0.,0.,-1.));
#7687=DIRECTION('',(-1.,0.,0.));
#7688=DIRECTION('',(0.,0.,-1.));
#7689=DIRECTION('',(-1.,0.,0.));
#7690=DIRECTION('',(0.,0.,-1.));
#7691=DIRECTION('',(-1.,0.,0.));
#7692=DIRECTION('',(0.,0.,-1.));
#7693=DIRECTION('',(-1.,0.,0.));
#7694=DIRECTION('',(0.,0.,-1.));
#7695=DIRECTION('',(-1.,0.,0.));
#7696=DIRECTION('',(0.,0.,-1.));
#7697=DIRECTION('',(-1.,0.,0.));
#7698=DIRECTION('',(0.,0.,-1.));
#7699=DIRECTION('',(-1.,0.,0.));
#7700=DIRECTION('',(0.,0.,1.));
#7701=DIRECTION('',(1.,0.,0.));
#7702=DIRECTION('',(0.,0.,1.));
#7703=DIRECTION('',(0.,1.,0.));
#7704=DIRECTION('',(0.,0.,1.));
#7705=DIRECTION('',(0.,1.,0.));
#7706=DIRECTION('',(0.,0.,1.));
#7707=DIRECTION('',(0.,1.,0.));
#7708=DIRECTION('',(0.,0.,1.));
#7709=DIRECTION('',(0.,1.,0.));
#7710=DIRECTION('',(0.,0.,-1.));
#7711=DIRECTION('',(-1.,0.,0.));
#7712=DIRECTION('',(0.,0.,-1.));
#7713=DIRECTION('',(-1.,0.,0.));
#7714=CARTESIAN_POINT('',(0.,0.,0.));
#7715=CARTESIAN_POINT('',(-30.,-54.,16.));
#7716=CARTESIAN_POINT('',(-30.,-54.,16.));
#7717=CARTESIAN_POINT('',(-30.,-54.,16.));
#7718=CARTESIAN_POINT('',(-30.,-54.,66.3));
#7719=CARTESIAN_POINT('',(-30.,-54.,66.3));
#7720=CARTESIAN_POINT('',(-22.5,-54.,66.3));
#7721=CARTESIAN_POINT('',(-22.5,-54.,103.6));
#7722=CARTESIAN_POINT('',(-22.5,-54.,57.25));
#7723=CARTESIAN_POINT('',(-30.,-54.,57.25));
#7724=CARTESIAN_POINT('',(-24.,-54.,57.25));
#7725=CARTESIAN_POINT('',(-24.,-54.,53.25));
#7726=CARTESIAN_POINT('',(-28.,-54.,53.25));
#7727=CARTESIAN_POINT('',(-28.,-54.,16.));
#7728=CARTESIAN_POINT('',(-28.,-54.,16.));
#7729=CARTESIAN_POINT('',(-30.,-54.,16.));
#7730=CARTESIAN_POINT('',(-30.,-54.,16.));
#7731=CARTESIAN_POINT('',(22.5,-54.,103.6));
#7732=CARTESIAN_POINT('',(22.5,-54.,66.3));
#7733=CARTESIAN_POINT('',(22.5,-54.,57.25));
#7734=CARTESIAN_POINT('',(-30.,-54.,66.3));
#7735=CARTESIAN_POINT('',(30.,-54.,66.3));
#7736=CARTESIAN_POINT('',(30.,-54.,16.));
#7737=CARTESIAN_POINT('',(30.,-54.,16.));
#7738=CARTESIAN_POINT('',(-30.,-54.,16.));
#7739=CARTESIAN_POINT('',(28.,-54.,16.));
#7740=CARTESIAN_POINT('',(28.,-54.,16.));
#7741=CARTESIAN_POINT('',(28.,-54.,53.25));
#7742=CARTESIAN_POINT('',(24.,-54.,53.25));
#7743=CARTESIAN_POINT('',(24.,-54.,57.25));
#7744=CARTESIAN_POINT('',(-30.,-54.,57.25));
#7745=CARTESIAN_POINT('',(32.5,-57.5,50.));
#7746=CARTESIAN_POINT('',(32.5,-57.5,50.));
#7747=CARTESIAN_POINT('',(32.5,-57.5,52.05));
#7748=CARTESIAN_POINT('',(-32.5,-57.5,50.));
#7749=CARTESIAN_POINT('',(-32.5,-57.5,50.));
#7750=CARTESIAN_POINT('',(-32.5,-57.5,52.05));
#7751=CARTESIAN_POINT('',(32.5,-60.7,50.));
#7752=CARTESIAN_POINT('',(32.5,-60.2,50.));
#7753=CARTESIAN_POINT('',(32.5,-60.2,47.95));
#7754=CARTESIAN_POINT('',(-32.5,-60.7,50.));
#7755=CARTESIAN_POINT('',(-32.5,-60.2,50.));
#7756=CARTESIAN_POINT('',(-32.5,-60.2,47.95));
#7757=CARTESIAN_POINT('',(-33.25,-60.7,53.25));
#7758=CARTESIAN_POINT('',(-33.25,-64.5130800690837,58.25));
#7759=CARTESIAN_POINT('',(-33.25,-60.7,58.25));
#7760=CARTESIAN_POINT('',(-33.25,-66.6684895584108,58.25));
#7761=CARTESIAN_POINT('',(-33.2500000000002,-66.6684895584112,58.25));
#7762=CARTESIAN_POINT('',(-33.8593508603818,-66.3645841265264,58.25));
#7763=CARTESIAN_POINT('',(-34.7578962831532,-65.9072302513512,58.0875017241513));
#7764=CARTESIAN_POINT('',(-35.7541879875157,-65.3724941822798,57.5991762331242));
#7765=CARTESIAN_POINT('',(-36.2804695921114,-65.0945002317758,57.2351216573811));
#7766=CARTESIAN_POINT('',(-36.6247577508491,-64.9092798770821,56.9514819400845));
#7767=CARTESIAN_POINT('',(-37.0334242599564,-64.6876098098817,56.5357502556091));
#7768=CARTESIAN_POINT('',(-37.4698817753354,-64.4514594660057,55.9716063667226));
#7769=CARTESIAN_POINT('',(-38.0668023025218,-64.1248409392097,54.8820822333079));
#7770=CARTESIAN_POINT('',(-38.25,-64.0150176315561,53.8865327291284));
#7771=CARTESIAN_POINT('',(-38.25,-64.0150176315561,53.25));
#7772=CARTESIAN_POINT('',(-38.25,-64.0150176315561,53.25));
#7773=CARTESIAN_POINT('',(-38.25,-60.7,53.25));
#7774=CARTESIAN_POINT('',(-38.25,-60.7,53.25));
#7775=CARTESIAN_POINT('',(-33.25,-60.7,53.25));
#7776=CARTESIAN_POINT('',(33.25,-60.7,6.74999999999999));
#7777=CARTESIAN_POINT('',(33.25,-64.5130800690837,1.74999999999999));
#7778=CARTESIAN_POINT('',(33.25,-60.7,1.74999999999999));
#7779=CARTESIAN_POINT('',(33.25,-66.6684895584108,1.74999999999999));
#7780=CARTESIAN_POINT('',(33.2500000000002,-66.6684895584112,1.74999999999999));
#7781=CARTESIAN_POINT('',(33.8593508603816,-66.3645841265217,1.75000000000001));
#7782=CARTESIAN_POINT('',(34.75789628315,-65.9072302513481,1.91249827584716));
#7783=CARTESIAN_POINT('',(35.7541879875182,-65.3724941822784,2.40082376687715));
#7784=CARTESIAN_POINT('',(36.2804695921131,-65.0945002317751,2.7648783426202));
#7785=CARTESIAN_POINT('',(36.6247577508488,-64.9092798770823,3.04851805991531));
#7786=CARTESIAN_POINT('',(37.0334242599557,-64.6876098098817,3.46424974439015));
#7787=CARTESIAN_POINT('',(37.4698817753342,-64.4514594660058,4.02839363327564));
#7788=CARTESIAN_POINT('',(38.0668023025209,-64.1248409392096,5.11791776668944));
#7789=CARTESIAN_POINT('',(38.25,-64.0150176315561,6.11346727087));
#7790=CARTESIAN_POINT('',(38.25,-64.0150176315561,6.74999999999999));
#7791=CARTESIAN_POINT('',(38.25,-64.0150176315561,6.74999999999999));
#7792=CARTESIAN_POINT('',(38.25,-60.7,6.74999999999999));
#7793=CARTESIAN_POINT('',(38.25,-60.7,6.74999999999998));
#7794=CARTESIAN_POINT('',(33.25,-60.7,6.74999999999999));
#7795=CARTESIAN_POINT('',(-24.,-2.44929359829471E-16,6.74999999999999));
#7796=CARTESIAN_POINT('',(-28.,-69.5772951471958,6.74999999999999));
#7797=CARTESIAN_POINT('',(-28.,-41.424630354416,6.74999999999999));
#7798=CARTESIAN_POINT('',(-28.,-60.2,6.74999999999999));
#7799=CARTESIAN_POINT('',(-24.,-60.2,6.74999999999999));
#7800=CARTESIAN_POINT('',(-24.,-60.2,2.75));
#7801=CARTESIAN_POINT('',(-24.,-41.424630354416,2.75));
#7802=CARTESIAN_POINT('',(-24.,-43.8634243989226,2.74999999999999));
#7803=CARTESIAN_POINT('',(-28.,-41.424630354416,6.74999999999999));
#7804=CARTESIAN_POINT('',(-28.,-41.424630354416,6.17570526263071));
#7805=CARTESIAN_POINT('',(-27.7484754065961,-41.5959847790538,5.05289293614872));
#7806=CARTESIAN_POINT('',(-26.4623722157717,-42.4401642862472,3.30426923984215));
#7807=CARTESIAN_POINT('',(-25.0040423966812,-43.3140596867379,2.75));
#7808=CARTESIAN_POINT('',(-24.,-43.8634243989226,2.75));
#7809=CARTESIAN_POINT('',(-24.,-2.44929359829471E-16,53.25));
#7810=CARTESIAN_POINT('',(-24.,-69.5772951471958,57.25));
#7811=CARTESIAN_POINT('',(-24.,-60.2,57.25));
#7812=CARTESIAN_POINT('',(-24.,-60.2,53.25));
#7813=CARTESIAN_POINT('',(-28.,-60.2,53.25));
#7814=CARTESIAN_POINT('',(-28.,-41.424630354416,53.25));
#7815=CARTESIAN_POINT('',(-3.71680303541222E-15,-60.7,0.));
#7816=CARTESIAN_POINT('',(32.5,-60.7,50.));
#7817=CARTESIAN_POINT('',(35.05,-60.7,50.));
#7818=CARTESIAN_POINT('',(-32.5,-60.7,30.));
#7819=CARTESIAN_POINT('',(-30.379,-60.7,30.));
#7820=CARTESIAN_POINT('',(32.5,-60.7,30.));
#7821=CARTESIAN_POINT('',(34.621,-60.7,30.));
#7822=CARTESIAN_POINT('',(32.5,-60.7,9.99999999999999));
#7823=CARTESIAN_POINT('',(36.,-60.7,9.99999999999999));
#7824=CARTESIAN_POINT('',(-32.5,-60.7,10.));
#7825=CARTESIAN_POINT('',(-29.,-60.7,10.));
#7826=CARTESIAN_POINT('',(-32.5,-60.7,50.));
#7827=CARTESIAN_POINT('',(-29.95,-60.7,50.));
#7828=CARTESIAN_POINT('',(-28.5,-60.7,53.25));
#7829=CARTESIAN_POINT('',(-28.5,-60.7,6.74999999999999));
#7830=CARTESIAN_POINT('',(-28.5,-60.7,53.25));
#7831=CARTESIAN_POINT('',(-24.,-60.7,53.25));
#7832=CARTESIAN_POINT('',(-24.,-60.7,57.75));
#7833=CARTESIAN_POINT('',(24.,-60.7,57.75));
#7834=CARTESIAN_POINT('',(24.,-60.7,57.75));
#7835=CARTESIAN_POINT('',(24.,-60.7,53.25));
#7836=CARTESIAN_POINT('',(28.5,-60.7,53.25));
#7837=CARTESIAN_POINT('',(28.5,-60.7,6.74999999999999));
#7838=CARTESIAN_POINT('',(28.5,-60.7,6.74999999999999));
#7839=CARTESIAN_POINT('',(24.,-60.7,6.74999999999999));
#7840=CARTESIAN_POINT('',(24.,-60.7,2.24999999999999));
#7841=CARTESIAN_POINT('',(-24.,-60.7,2.25));
#7842=CARTESIAN_POINT('',(-24.,-60.7,2.25));
#7843=CARTESIAN_POINT('',(-24.,-60.7,6.74999999999999));
#7844=CARTESIAN_POINT('',(-38.25,-60.7,1.74999999999999));
#7845=CARTESIAN_POINT('',(-38.25,-60.7,6.74999999999999));
#7846=CARTESIAN_POINT('',(-33.25,-60.7,6.74999999999999));
#7847=CARTESIAN_POINT('',(-33.25,-60.7,1.74999999999999));
#7848=CARTESIAN_POINT('',(38.25,-60.7,1.74999999999999));
#7849=CARTESIAN_POINT('',(38.25,-60.7,58.25));
#7850=CARTESIAN_POINT('',(38.25,-60.7,53.25));
#7851=CARTESIAN_POINT('',(33.25,-60.7,53.25));
#7852=CARTESIAN_POINT('',(33.25,-60.7,58.25));
#7853=CARTESIAN_POINT('',(-38.25,-60.7,58.25));
#7854=CARTESIAN_POINT('',(32.5,-60.7,30.));
#7855=CARTESIAN_POINT('',(32.5,-60.2,30.));
#7856=CARTESIAN_POINT('',(32.5,-60.2,28.379));
#7857=CARTESIAN_POINT('',(33.5167629823919,-53.1993297058778,31.3775714561211));
#7858=CARTESIAN_POINT('',(32.5146765280351,-53.6395896790379,31.7880773215176));
#7859=CARTESIAN_POINT('',(31.2241136145963,-53.9264160333145,31.2782204308878));
#7860=CARTESIAN_POINT('',(30.6902630867266,-53.9661339719531,29.9550100524393));
#7861=CARTESIAN_POINT('',(31.2919036495941,-53.9180884833881,28.6574021895625));
#7862=CARTESIAN_POINT('',(32.6019054708246,-53.6101318516337,28.2167257848253));
#7863=CARTESIAN_POINT('',(33.5786540085433,-53.1674573703459,28.6704783451279));
#7864=CARTESIAN_POINT('',(34.043941655546,-52.9042357967412,29.3797145297419));
#7865=CARTESIAN_POINT('',(34.166486696769,-52.829107666691,30.0384186520343));
#7866=CARTESIAN_POINT('',(34.0135216927859,-52.9224130429732,30.6910464623364));
#7867=CARTESIAN_POINT('',(33.5167629823919,-53.1993297058778,31.3775714561211));
#7868=CARTESIAN_POINT('',(32.5146765280351,-53.6395896790379,31.7880773215176));
#7869=CARTESIAN_POINT('',(31.2241136145963,-53.9264160333145,31.2782204308878));
#7870=CARTESIAN_POINT('',(32.5,-53.5993420767853,31.621));
#7871=CARTESIAN_POINT('',(24.,2.44929359829471E-16,53.25));
#7872=CARTESIAN_POINT('',(28.,-69.5772951471958,53.25));
#7873=CARTESIAN_POINT('',(28.,-60.2,53.25));
#7874=CARTESIAN_POINT('',(24.,-60.2,53.25));
#7875=CARTESIAN_POINT('',(24.,-60.2,57.25));
#7876=CARTESIAN_POINT('',(24.,-41.424630354416,57.25));
#7877=CARTESIAN_POINT('',(-28.,0.,57.25));
#7878=CARTESIAN_POINT('',(-24.,-60.2,57.25));
#7879=CARTESIAN_POINT('',(-18.5,-54.,57.25));
#7880=CARTESIAN_POINT('',(-18.5,-58.,57.25));
#7881=CARTESIAN_POINT('',(-28.,-58.,57.25));
#7882=CARTESIAN_POINT('',(18.5,-58.,57.25));
#7883=CARTESIAN_POINT('',(18.5,-54.,57.25));
#7884=CARTESIAN_POINT('',(24.,2.44929359829471E-16,6.74999999999999));
#7885=CARTESIAN_POINT('',(24.,-69.5772951471958,2.74999999999999));
#7886=CARTESIAN_POINT('',(24.,-43.8634243989226,2.74999999999999));
#7887=CARTESIAN_POINT('',(24.,-60.2,2.74999999999999));
#7888=CARTESIAN_POINT('',(24.,-60.2,6.74999999999999));
#7889=CARTESIAN_POINT('',(28.,-60.2,6.74999999999999));
#7890=CARTESIAN_POINT('',(28.,-41.424630354416,6.74999999999999));
#7891=CARTESIAN_POINT('',(28.,-41.424630354416,6.74999999999999));
#7892=CARTESIAN_POINT('',(24.,-43.8634243989226,2.74999999999999));
#7893=CARTESIAN_POINT('',(24.5031792781944,-43.5881083960762,2.74999999999999));
#7894=CARTESIAN_POINT('',(25.4733610050669,-43.0347436387057,2.93414092028677));
#7895=CARTESIAN_POINT('',(26.7797945802794,-42.2313187591295,3.73452479981116));
#7896=CARTESIAN_POINT('',(27.7462001002798,-41.5976446661399,5.04806722234469));
#7897=CARTESIAN_POINT('',(28.,-41.424630354416,6.17363286890473));
#7898=CARTESIAN_POINT('',(28.,-41.424630354416,6.74999999999999));
#7899=CARTESIAN_POINT('',(28.,0.,57.25));
#7900=CARTESIAN_POINT('',(28.,-60.2,53.25));
#7901=CARTESIAN_POINT('',(28.,-46.,16.));
#7902=CARTESIAN_POINT('',(28.,-41.424630354416,16.));
#7903=CARTESIAN_POINT('',(28.,-41.424630354416,72.));
#7904=CARTESIAN_POINT('',(-28.,0.,2.75));
#7905=CARTESIAN_POINT('',(-28.,-60.2,6.74999999999999));
#7906=CARTESIAN_POINT('',(-28.,-41.424630354416,72.));
#7907=CARTESIAN_POINT('',(-28.,-41.424630354416,16.));
#7908=CARTESIAN_POINT('',(-28.,-46.,16.));
#7909=CARTESIAN_POINT('',(-32.5,-60.7,30.));
#7910=CARTESIAN_POINT('',(-32.5,-60.2,30.));
#7911=CARTESIAN_POINT('',(-32.5,-60.2,28.379));
#7912=CARTESIAN_POINT('',(-31.2206027187712,-53.9269630066516,31.2775784000018));
#7913=CARTESIAN_POINT('',(-32.5162820346782,-53.6395372787478,31.7859624324804));
#7914=CARTESIAN_POINT('',(-33.714269142516,-53.1109403390691,31.3045718700767));
#7915=CARTESIAN_POINT('',(-34.2053954623739,-52.8044859872224,30.2738775659711));
#7916=CARTESIAN_POINT('',(-34.0483411492524,-52.9017565707363,29.3887733974083));
#7917=CARTESIAN_POINT('',(-33.5827844975097,-53.1653624690313,28.6727342243345));
#7918=CARTESIAN_POINT('',(-32.6061194032706,-53.6086487376894,28.2173181222753));
#7919=CARTESIAN_POINT('',(-31.2969666561742,-53.9173646223109,28.6537481699233));
#7920=CARTESIAN_POINT('',(-30.6901200276322,-53.9661510955059,29.947010413781));
#7921=CARTESIAN_POINT('',(-31.2206027187712,-53.9269630066516,31.2775784000018));
#7922=CARTESIAN_POINT('',(-32.5162820346782,-53.6395372787478,31.7859624324804));
#7923=CARTESIAN_POINT('',(-33.714269142516,-53.1109403390691,31.3045718700767));
#7924=CARTESIAN_POINT('',(-32.5,-53.5993420767853,31.621));
#7925=CARTESIAN_POINT('',(28.,0.,2.74999999999999));
#7926=CARTESIAN_POINT('',(24.,-60.2,2.74999999999999));
#7927=CARTESIAN_POINT('',(0.,0.,2.74999999999999));
#7928=CARTESIAN_POINT('',(-32.5,-60.7,10.));
#7929=CARTESIAN_POINT('',(-32.5,-60.2,10.));
#7930=CARTESIAN_POINT('',(-32.5,-60.2,7.));
#7931=CARTESIAN_POINT('',(-31.4437575491222,-38.8830858943492,12.8789168282752));
#7932=CARTESIAN_POINT('',(-32.5059710572093,-38.0001097630598,13.0603270236789));
#7933=CARTESIAN_POINT('',(-33.5323582220407,-37.0967373569717,12.8797750770092));
#7934=CARTESIAN_POINT('',(-34.4610558968174,-36.2341748343342,12.3567226851147));
#7935=CARTESIAN_POINT('',(-35.2255534753571,-35.4879592551845,11.4552547184266));
#7936=CARTESIAN_POINT('',(-35.6100045355224,-35.0984871524473,10.1201200366853));
#7937=CARTESIAN_POINT('',(-35.3221222437347,-35.3910015760989,8.72974958725806));
#7938=CARTESIAN_POINT('',(-34.5993472019817,-36.1018441892346,7.76218368848655));
#7939=CARTESIAN_POINT('',(-33.6844748335949,-36.9585976536844,7.1776997233281));
#7940=CARTESIAN_POINT('',(-32.665962800289,-37.8625555842837,6.94524854431259));
#7941=CARTESIAN_POINT('',(-31.6128338667339,-38.7458053419366,7.0669863169158));
#7942=CARTESIAN_POINT('',(-30.6018074904097,-39.5475553759945,7.57889649506753));
#7943=CARTESIAN_POINT('',(-29.774963998696,-40.1702525860043,8.53024918460598));
#7944=CARTESIAN_POINT('',(-29.3922292000638,-40.4483496724736,9.87420918275574));
#7945=CARTESIAN_POINT('',(-29.6699569168667,-40.2472098701665,11.2672468206655));
#7946=CARTESIAN_POINT('',(-30.4479617692001,-39.6656995602506,12.2962934521309));
#7947=CARTESIAN_POINT('',(-31.4437575491222,-38.8830858943492,12.8789168282752));
#7948=CARTESIAN_POINT('',(-32.5059710572093,-38.0001097630598,13.0603270236789));
#7949=CARTESIAN_POINT('',(-33.5323582220407,-37.0967373569717,12.8797750770092));
#7950=CARTESIAN_POINT('',(-32.5,-37.9967103839266,13.));
#7951=CARTESIAN_POINT('',(32.5,-60.7,9.99999999999999));
#7952=CARTESIAN_POINT('',(32.5,-60.2,9.99999999999999));
#7953=CARTESIAN_POINT('',(32.5,-60.2,6.99999999999999));
#7954=CARTESIAN_POINT('',(33.5348198774298,-37.0946689717876,12.880231870949));
#7955=CARTESIAN_POINT('',(32.5032110258426,-38.002394048968,13.0597732065373));
#7956=CARTESIAN_POINT('',(31.4523360191996,-38.8760171359003,12.8806753029018));
#7957=CARTESIAN_POINT('',(30.4583879788651,-39.6577092866428,12.3053569969946));
#7958=CARTESIAN_POINT('',(29.679354978585,-40.2403221165288,11.2831356633876));
#7959=CARTESIAN_POINT('',(29.3914297779396,-40.4489213706647,9.90814161283979));
#7960=CARTESIAN_POINT('',(29.7628830051493,-40.1791511437786,8.54914171891609));
#7961=CARTESIAN_POINT('',(30.5874185742628,-39.558637576645,7.59039843797984));
#7962=CARTESIAN_POINT('',(31.5953005558981,-38.7601229088838,7.07186370564719));
#7963=CARTESIAN_POINT('',(32.6535179784168,-37.8733304167235,6.94429446802252));
#7964=CARTESIAN_POINT('',(33.6714419856258,-36.9704681807166,7.17252228628228));
#7965=CARTESIAN_POINT('',(34.5893051816594,-36.1115228364502,7.75253042025993));
#7966=CARTESIAN_POINT('',(35.3160421071986,-35.3971240438009,8.71742233359586));
#7967=CARTESIAN_POINT('',(35.6109243645611,-35.0975570766668,10.1029194686599));
#7968=CARTESIAN_POINT('',(35.2310761559767,-35.482409845461,11.4458342905767));
#7969=CARTESIAN_POINT('',(34.4700826360947,-36.2256076642516,12.3496403936833));
#7970=CARTESIAN_POINT('',(33.5348198774298,-37.0946689717876,12.880231870949));
#7971=CARTESIAN_POINT('',(32.5032110258426,-38.002394048968,13.0597732065373));
#7972=CARTESIAN_POINT('',(31.4523360191996,-38.8760171359003,12.8806753029018));
#7973=CARTESIAN_POINT('',(32.5,-37.9967103839267,13.));
#7974=CARTESIAN_POINT('',(33.25,-60.7,53.25));
#7975=CARTESIAN_POINT('',(38.25,-64.5130800690837,53.25));
#7976=CARTESIAN_POINT('',(38.25,-64.0150176315561,53.25));
#7977=CARTESIAN_POINT('',(38.25,-64.0150176315561,53.25));
#7978=CARTESIAN_POINT('',(38.25,-64.0150176315561,53.8864619936678));
#7979=CARTESIAN_POINT('',(38.0634449952252,-64.1267453718606,54.8848445083454));
#7980=CARTESIAN_POINT('',(37.4744040473728,-64.4489841220234,55.9678347910447));
#7981=CARTESIAN_POINT('',(37.0815312011113,-64.661709752782,56.4706685378526));
#7982=CARTESIAN_POINT('',(36.8401473664107,-64.7923016029834,56.7343764687084));
#7983=CARTESIAN_POINT('',(36.621340364458,-64.9108553208736,56.945173022639));
#7984=CARTESIAN_POINT('',(36.4863387903214,-64.9840908879858,57.0627222378854));
#7985=CARTESIAN_POINT('',(36.257039206237,-65.1081153050693,57.2499772650569));
#7986=CARTESIAN_POINT('',(35.9480028534646,-65.2741807628745,57.4675869038151));
#7987=CARTESIAN_POINT('',(35.5309590014051,-65.4956065456889,57.7103824863751));
#7988=CARTESIAN_POINT('',(35.0208202050627,-65.7636947228067,57.9348473214249));
#7989=CARTESIAN_POINT('',(34.6107814536839,-65.9758933156798,58.0676142345375));
#7990=CARTESIAN_POINT('',(34.0086093428573,-66.282927579563,58.209486345841));
#7991=CARTESIAN_POINT('',(33.554658595681,-66.5125814265525,58.25));
#7992=CARTESIAN_POINT('',(33.2500000000002,-66.6684895584112,58.25));
#7993=CARTESIAN_POINT('',(33.25,-66.6684895584112,58.25));
#7994=CARTESIAN_POINT('',(33.25,-60.7,58.25));
#7995=CARTESIAN_POINT('',(38.25,-60.7,58.25));
#7996=CARTESIAN_POINT('',(38.25,-64.0150176315561,53.25));
#7997=CARTESIAN_POINT('',(-38.25,-60.7,58.25));
#7998=CARTESIAN_POINT('',(0.,0.,58.25));
#7999=CARTESIAN_POINT('',(-33.25,-60.7,6.74999999999999));
#8000=CARTESIAN_POINT('',(-38.25,-64.5130800690837,6.74999999999999));
#8001=CARTESIAN_POINT('',(-38.25,-64.0150176315561,6.74999999999999));
#8002=CARTESIAN_POINT('',(-38.25,-64.0150176315561,6.74999999999999));
#8003=CARTESIAN_POINT('',(-38.25,-64.0150176315561,6.11353800634283));
#8004=CARTESIAN_POINT('',(-38.0634449952337,-64.1267453718593,5.1151554916745));
#8005=CARTESIAN_POINT('',(-37.4744040473776,-64.4489841220251,4.03216520896406));
#8006=CARTESIAN_POINT('',(-37.081531201121,-64.6617097527796,3.52933146215736));
#8007=CARTESIAN_POINT('',(-36.8401473664057,-64.7923016029876,3.26562353128746));
#8008=CARTESIAN_POINT('',(-36.6213403644877,-64.9108553208578,3.05482697738682));
#8009=CARTESIAN_POINT('',(-36.4863387902076,-64.9840908880449,2.937277762015));
#8010=CARTESIAN_POINT('',(-36.2570392060299,-65.1081153051706,2.75002273478508));
#8011=CARTESIAN_POINT('',(-35.9480028531909,-65.2741807629998,2.53241309600688));
#8012=CARTESIAN_POINT('',(-35.5309590011488,-65.4956065457971,2.28961751350483));
#8013=CARTESIAN_POINT('',(-35.0208202051232,-65.7636947227666,2.06515267860396));
#8014=CARTESIAN_POINT('',(-34.6107814536616,-65.9758933157019,1.93238576545303));
#8015=CARTESIAN_POINT('',(-34.0086093428651,-66.2829275795777,1.79051365416359));
#8016=CARTESIAN_POINT('',(-33.5546585956799,-66.5125814265647,1.75));
#8017=CARTESIAN_POINT('',(-33.2500000000001,-66.6684895584112,1.74999999999999));
#8018=CARTESIAN_POINT('',(-33.25,-66.6684895584112,1.74999999999999));
#8019=CARTESIAN_POINT('',(-33.25,-60.7,1.74999999999999));
#8020=CARTESIAN_POINT('',(-38.25,-60.7,1.74999999999999));
#8021=CARTESIAN_POINT('',(-38.25,-64.0150176315561,6.74999999999999));
#8022=CARTESIAN_POINT('',(38.25,-60.7,1.74999999999999));
#8023=CARTESIAN_POINT('',(0.,0.,1.74999999999999));
#8024=CARTESIAN_POINT('',(0.,-57.5,-3.46944695195361E-15));
#8025=CARTESIAN_POINT('',(0.,-57.5,-3.46944695195361E-15));
#8026=CARTESIAN_POINT('',(0.,-55.45,-3.46944695195361E-15));
#8027=CARTESIAN_POINT('',(40.6586399182265,-40.6586399182265,-3.46944695195361E-15));
#8028=CARTESIAN_POINT('',(40.6586399182265,-40.6586399182265,-3.46944695195361E-15));
#8029=CARTESIAN_POINT('',(40.6586399182265,-38.6086399182265,-3.46944695195361E-15));
#8030=CARTESIAN_POINT('',(57.5,0.,-3.46944695195361E-15));
#8031=CARTESIAN_POINT('',(57.5,0.,-3.46944695195361E-15));
#8032=CARTESIAN_POINT('',(57.5,2.05,-3.46944695195361E-15));
#8033=CARTESIAN_POINT('',(40.6586399182265,40.6586399182265,-3.46944695195361E-15));
#8034=CARTESIAN_POINT('',(40.6586399182265,40.6586399182265,-3.46944695195361E-15));
#8035=CARTESIAN_POINT('',(40.6586399182265,42.7086399182265,-3.46944695195361E-15));
#8036=CARTESIAN_POINT('',(1.73472347597681E-14,57.5,-3.46944695195361E-15));
#8037=CARTESIAN_POINT('',(1.73472347597681E-14,57.5,-3.46944695195361E-15));
#8038=CARTESIAN_POINT('',(1.73472347597681E-14,59.55,-3.46944695195361E-15));
#8039=CARTESIAN_POINT('',(-40.6586399182265,40.6586399182265,-3.46944695195361E-15));
#8040=CARTESIAN_POINT('',(-40.6586399182265,40.6586399182265,-3.46944695195361E-15));
#8041=CARTESIAN_POINT('',(-40.6586399182265,42.7086399182265,-3.46944695195361E-15));
#8042=CARTESIAN_POINT('',(-57.5,0.,-3.46944695195361E-15));
#8043=CARTESIAN_POINT('',(-57.5,0.,-3.46944695195361E-15));
#8044=CARTESIAN_POINT('',(-57.5,2.05,-3.46944695195361E-15));
#8045=CARTESIAN_POINT('',(-40.6586399182265,-40.6586399182265,-3.46944695195361E-15));
#8046=CARTESIAN_POINT('',(-40.6586399182265,-40.6586399182265,-3.46944695195361E-15));
#8047=CARTESIAN_POINT('',(-40.6586399182265,-38.6086399182265,-3.46944695195361E-15));
#8048=CARTESIAN_POINT('',(32.5,50.7,30.));
#8049=CARTESIAN_POINT('',(32.5,50.7,30.));
#8050=CARTESIAN_POINT('',(32.5,50.7,31.621));
#8051=CARTESIAN_POINT('',(-32.5,50.7,30.));
#8052=CARTESIAN_POINT('',(-32.5,50.7,30.));
#8053=CARTESIAN_POINT('',(-32.5,50.7,31.621));
#8054=CARTESIAN_POINT('',(32.5,57.5,50.));
#8055=CARTESIAN_POINT('',(32.5,57.5,50.));
#8056=CARTESIAN_POINT('',(32.5,57.5,52.05));
#8057=CARTESIAN_POINT('',(-32.5,57.5,50.));
#8058=CARTESIAN_POINT('',(-32.5,57.5,50.));
#8059=CARTESIAN_POINT('',(-32.5,57.5,52.05));
#8060=CARTESIAN_POINT('',(0.,0.,0.));
#8061=CARTESIAN_POINT('',(0.,0.,-4.75));
#8062=CARTESIAN_POINT('',(-69.975,0.,-4.75));
#8063=CARTESIAN_POINT('',(0.,0.,-4.00000000000001));
#8064=CARTESIAN_POINT('',(-69.975,0.,-4.00000000000001));
#8065=CARTESIAN_POINT('',(0.,-57.5,-5.));
#8066=CARTESIAN_POINT('',(0.,-57.5,-4.75));
#8067=CARTESIAN_POINT('',(-2.05,-57.5,-4.75));
#8068=CARTESIAN_POINT('',(40.6586399182265,-40.6586399182265,-5.));
#8069=CARTESIAN_POINT('',(40.6586399182265,-40.6586399182265,-4.75));
#8070=CARTESIAN_POINT('',(38.6086399182265,-40.6586399182265,-4.75));
#8071=CARTESIAN_POINT('',(57.5,0.,-5.));
#8072=CARTESIAN_POINT('',(57.5,0.,-4.75));
#8073=CARTESIAN_POINT('',(55.45,0.,-4.75));
#8074=CARTESIAN_POINT('',(40.6586399182265,40.6586399182265,-5.));
#8075=CARTESIAN_POINT('',(40.6586399182265,40.6586399182265,-4.75));
#8076=CARTESIAN_POINT('',(38.6086399182265,40.6586399182265,-4.75));
#8077=CARTESIAN_POINT('',(1.73472347597681E-14,57.5,-5.));
#8078=CARTESIAN_POINT('',(1.73472347597681E-14,57.5,-4.75));
#8079=CARTESIAN_POINT('',(-2.04999999999998,57.5,-4.75));
#8080=CARTESIAN_POINT('',(-40.6586399182265,40.6586399182265,-5.));
#8081=CARTESIAN_POINT('',(-40.6586399182265,40.6586399182265,-4.75));
#8082=CARTESIAN_POINT('',(-42.7086399182265,40.6586399182265,-4.75));
#8083=CARTESIAN_POINT('',(-57.5,0.,-5.));
#8084=CARTESIAN_POINT('',(-57.5,0.,-4.75));
#8085=CARTESIAN_POINT('',(-59.55,0.,-4.75));
#8086=CARTESIAN_POINT('',(-40.6586399182265,-40.6586399182265,-5.));
#8087=CARTESIAN_POINT('',(-40.6586399182265,-40.6586399182265,-4.75));
#8088=CARTESIAN_POINT('',(-42.7086399182265,-40.6586399182265,-4.75));
#8089=CARTESIAN_POINT('',(41.7193000900063,-41.7193000900063,52.0000000035186));
#8090=CARTESIAN_POINT('',(41.7193000900063,-41.7193000900063,52.0000000035186));
#8091=CARTESIAN_POINT('',(42.8655201823097,-40.5730799977029,52.0000000035186));
#8092=CARTESIAN_POINT('',(41.7193000900063,-41.7193000900063,63.0000000035186));
#8093=CARTESIAN_POINT('',(41.7193000900063,-41.7193000900063,63.0000000035186));
#8094=CARTESIAN_POINT('',(42.8655201823097,-40.5730799977029,63.0000000035186));
#8095=CARTESIAN_POINT('',(41.7193000900063,-41.7193000900063,57.0000000035186));
#8096=CARTESIAN_POINT('',(41.7193000900063,-41.7193000900063,57.0000000035186));
#8097=CARTESIAN_POINT('',(42.9567369570828,-40.4818632229299,57.0000000035186));
#8098=CARTESIAN_POINT('',(-41.7193000900063,41.7193000900063,52.0000000035186));
#8099=CARTESIAN_POINT('',(-41.7193000900063,41.7193000900063,52.0000000035186));
#8100=CARTESIAN_POINT('',(-42.8655201823097,40.5730799977029,52.0000000035186));
#8101=CARTESIAN_POINT('',(-41.7193000900063,41.7193000900063,63.0000000035186));
#8102=CARTESIAN_POINT('',(-41.7193000900063,41.7193000900063,63.0000000035186));
#8103=CARTESIAN_POINT('',(-42.8655201823097,40.5730799977029,63.0000000035186));
#8104=CARTESIAN_POINT('',(-41.7193000900063,41.7193000900063,57.0000000035186));
#8105=CARTESIAN_POINT('',(-41.7193000900063,41.7193000900063,57.0000000035186));
#8106=CARTESIAN_POINT('',(-42.9567369570828,40.4818632229298,57.0000000035186));
#8107=CARTESIAN_POINT('',(60.5,-25.,60.));
#8108=CARTESIAN_POINT('',(60.5,-25.,60.));
#8109=CARTESIAN_POINT('',(60.5,-25.,58.379));
#8110=CARTESIAN_POINT('',(60.5,-25.,9.99999999999996));
#8111=CARTESIAN_POINT('',(60.5,-25.,9.99999999999996));
#8112=CARTESIAN_POINT('',(60.5,-25.,8.37899999999996));
#8113=CARTESIAN_POINT('',(60.5,25.,9.99999999999997));
#8114=CARTESIAN_POINT('',(60.5,25.,9.99999999999997));
#8115=CARTESIAN_POINT('',(60.5,25.,8.37899999999997));
#8116=CARTESIAN_POINT('',(60.5,25.,60.));
#8117=CARTESIAN_POINT('',(60.5,25.,60.));
#8118=CARTESIAN_POINT('',(60.5,25.,58.379));
#8119=CARTESIAN_POINT('',(63.5,-21.5,13.5));
#8120=CARTESIAN_POINT('',(63.5,-21.5,13.5));
#8121=CARTESIAN_POINT('',(63.5,-21.5,12.));
#8122=CARTESIAN_POINT('',(63.5,21.5,13.5));
#8123=CARTESIAN_POINT('',(63.5,21.5,13.5));
#8124=CARTESIAN_POINT('',(63.5,21.5,12.));
#8125=CARTESIAN_POINT('',(63.5,21.5,56.5));
#8126=CARTESIAN_POINT('',(63.5,21.5,56.5));
#8127=CARTESIAN_POINT('',(63.5,21.5,55.));
#8128=CARTESIAN_POINT('',(63.5,-21.5,56.5));
#8129=CARTESIAN_POINT('',(63.5,-21.5,56.5));
#8130=CARTESIAN_POINT('',(63.5,-21.5,55.));
#8131=CARTESIAN_POINT('',(-60.5,-25.,60.));
#8132=CARTESIAN_POINT('',(-60.5,-25.,60.));
#8133=CARTESIAN_POINT('',(-60.5,-25.,61.621));
#8134=CARTESIAN_POINT('',(-60.5,-25.,9.99999999999996));
#8135=CARTESIAN_POINT('',(-60.5,-25.,9.99999999999996));
#8136=CARTESIAN_POINT('',(-60.5,-25.,11.621));
#8137=CARTESIAN_POINT('',(-60.5,25.,9.99999999999997));
#8138=CARTESIAN_POINT('',(-60.5,25.,9.99999999999997));
#8139=CARTESIAN_POINT('',(-60.5,25.,11.621));
#8140=CARTESIAN_POINT('',(-60.5,25.,60.));
#8141=CARTESIAN_POINT('',(-60.5,25.,60.));
#8142=CARTESIAN_POINT('',(-60.5,25.,61.621));
#8143=CARTESIAN_POINT('',(-63.5,-21.5,13.5));
#8144=CARTESIAN_POINT('',(-63.5,-21.5,13.5));
#8145=CARTESIAN_POINT('',(-63.5,-21.5,15.));
#8146=CARTESIAN_POINT('',(-63.5,21.5,13.5));
#8147=CARTESIAN_POINT('',(-63.5,21.5,13.5));
#8148=CARTESIAN_POINT('',(-63.5,21.5,15.));
#8149=CARTESIAN_POINT('',(-63.5,21.5,56.5));
#8150=CARTESIAN_POINT('',(-63.5,21.5,56.5));
#8151=CARTESIAN_POINT('',(-63.5,21.5,58.));
#8152=CARTESIAN_POINT('',(-63.5,-21.5,56.5));
#8153=CARTESIAN_POINT('',(-63.5,-21.5,56.5));
#8154=CARTESIAN_POINT('',(-63.5,-21.5,58.));
#8155=CARTESIAN_POINT('',(0.,0.,-4.00000000000001));
#8156=CARTESIAN_POINT('',(0.,0.,0.));
#8157=CARTESIAN_POINT('',(-67.6655989232415,0.,0.));
#8158=CARTESIAN_POINT('',(-53.5,-5.20417042793042E-15,35.));
#8159=CARTESIAN_POINT('',(-68.,-5.20417042793042E-15,35.));
#8160=CARTESIAN_POINT('',(-68.,-5.20417042793042E-15,62.95));
#8161=CARTESIAN_POINT('',(-63.2307658819823,-27.9264368822734,36.2716713797381));
#8162=CARTESIAN_POINT('',(-62.7032181197975,-27.9617701335594,34.9996761162219));
#8163=CARTESIAN_POINT('',(-63.2303616388276,-27.926482583489,33.7296241553743));
#8164=CARTESIAN_POINT('',(-64.4986603830993,-27.891195393776,33.2038611570343));
#8165=CARTESIAN_POINT('',(-65.7697816549579,-27.9264617583424,33.7289326147016));
#8166=CARTESIAN_POINT('',(-66.296184171326,-27.9617424923702,34.9997400811901));
#8167=CARTESIAN_POINT('',(-65.7714810357728,-27.926568235989,36.2686231869658));
#8168=CARTESIAN_POINT('',(-64.5018683718963,-27.891180249908,36.796425143972));
#8169=CARTESIAN_POINT('',(-63.2307658819823,-27.9264368822734,36.2716713797381));
#8170=CARTESIAN_POINT('',(-62.7032181197975,-27.9617701335594,34.9996761162219));
#8171=CARTESIAN_POINT('',(-63.2303616388276,-27.926482583489,33.7296241553743));
#8172=CARTESIAN_POINT('',(-62.879,-27.95,35.));
#8173=CARTESIAN_POINT('',(-65.7692341180177,27.9264368822733,36.2716713797381));
#8174=CARTESIAN_POINT('',(-66.2967818802025,27.9617701335594,34.9996761162219));
#8175=CARTESIAN_POINT('',(-65.7696383611723,27.926482583489,33.7296241553743));
#8176=CARTESIAN_POINT('',(-64.5013396169007,27.8911953937759,33.2038611570343));
#8177=CARTESIAN_POINT('',(-63.230218345042,27.9264617583424,33.7289326147016));
#8178=CARTESIAN_POINT('',(-62.703815828674,27.9617424923702,34.9997400811901));
#8179=CARTESIAN_POINT('',(-63.2285189642272,27.926568235989,36.2686231869658));
#8180=CARTESIAN_POINT('',(-64.4981316281037,27.891180249908,36.796425143972));
#8181=CARTESIAN_POINT('',(-65.7692341180177,27.9264368822733,36.2716713797381));
#8182=CARTESIAN_POINT('',(-66.2967818802025,27.9617701335594,34.9996761162219));
#8183=CARTESIAN_POINT('',(-65.7696383611723,27.926482583489,33.7296241553743));
#8184=CARTESIAN_POINT('',(-66.121,27.95,35.));
#8185=CARTESIAN_POINT('',(-53.5,-5.20417042793042E-15,35.));
#8186=CARTESIAN_POINT('',(-53.5,27.95,35.));
#8187=CARTESIAN_POINT('',(53.5,-5.20417042793042E-15,35.));
#8188=CARTESIAN_POINT('',(68.,-5.20417042793042E-15,35.));
#8189=CARTESIAN_POINT('',(68.,-5.20417042793042E-15,7.05));
#8190=CARTESIAN_POINT('',(65.7692341180177,-27.9264368822734,36.2716713797381));
#8191=CARTESIAN_POINT('',(66.2967818802025,-27.9617701335594,34.9996761162219));
#8192=CARTESIAN_POINT('',(65.7696383611723,-27.926482583489,33.7296241553743));
#8193=CARTESIAN_POINT('',(64.5013396169007,-27.891195393776,33.2038611570343));
#8194=CARTESIAN_POINT('',(63.230218345042,-27.9264617583424,33.7289326147016));
#8195=CARTESIAN_POINT('',(62.703815828674,-27.9617424923702,34.9997400811901));
#8196=CARTESIAN_POINT('',(63.2285189642272,-27.926568235989,36.2686231869658));
#8197=CARTESIAN_POINT('',(64.4981316281037,-27.891180249908,36.796425143972));
#8198=CARTESIAN_POINT('',(65.7692341180177,-27.9264368822734,36.2716713797381));
#8199=CARTESIAN_POINT('',(66.2967818802025,-27.9617701335594,34.9996761162219));
#8200=CARTESIAN_POINT('',(65.7696383611723,-27.926482583489,33.7296241553743));
#8201=CARTESIAN_POINT('',(66.121,-27.95,35.));
#8202=CARTESIAN_POINT('',(63.2307658819823,27.9264368822733,36.2716713797381));
#8203=CARTESIAN_POINT('',(62.7032181197975,27.9617701335594,34.9996761162219));
#8204=CARTESIAN_POINT('',(63.2303616388276,27.926482583489,33.7296241553743));
#8205=CARTESIAN_POINT('',(64.4986603830993,27.8911953937759,33.2038611570343));
#8206=CARTESIAN_POINT('',(65.7697816549579,27.9264617583424,33.7289326147016));
#8207=CARTESIAN_POINT('',(66.296184171326,27.9617424923702,34.9997400811901));
#8208=CARTESIAN_POINT('',(65.7714810357728,27.926568235989,36.2686231869658));
#8209=CARTESIAN_POINT('',(64.5018683718963,27.891180249908,36.796425143972));
#8210=CARTESIAN_POINT('',(63.2307658819823,27.9264368822733,36.2716713797381));
#8211=CARTESIAN_POINT('',(62.7032181197975,27.9617701335594,34.9996761162219));
#8212=CARTESIAN_POINT('',(63.2303616388276,27.926482583489,33.7296241553743));
#8213=CARTESIAN_POINT('',(62.879,27.95,35.));
#8214=CARTESIAN_POINT('',(53.5,-5.20417042793042E-15,35.));
#8215=CARTESIAN_POINT('',(53.5,27.95,35.));
#8216=CARTESIAN_POINT('',(32.5,60.7,30.));
#8217=CARTESIAN_POINT('',(32.5,60.2,30.));
#8218=CARTESIAN_POINT('',(32.5,60.2,31.621));
#8219=CARTESIAN_POINT('',(-32.5,60.7,30.));
#8220=CARTESIAN_POINT('',(-32.5,60.2,30.));
#8221=CARTESIAN_POINT('',(-32.5,60.2,31.621));
#8222=CARTESIAN_POINT('',(32.5,60.7,50.));
#8223=CARTESIAN_POINT('',(32.5,60.2,50.));
#8224=CARTESIAN_POINT('',(32.5,60.2,52.05));
#8225=CARTESIAN_POINT('',(-32.5,60.7,50.));
#8226=CARTESIAN_POINT('',(-32.5,60.2,50.));
#8227=CARTESIAN_POINT('',(-32.5,60.2,52.05));
#8228=CARTESIAN_POINT('',(-69.975,0.,-5.));
#8229=CARTESIAN_POINT('',(0.,-26.,-5.));
#8230=CARTESIAN_POINT('',(0.,-27.621,-5.));
#8231=CARTESIAN_POINT('',(0.,26.,-5.));
#8232=CARTESIAN_POINT('',(0.,24.379,-5.));
#8233=CARTESIAN_POINT('',(19.,19.,-5.));
#8234=CARTESIAN_POINT('',(19.,20.5,-5.));
#8235=CARTESIAN_POINT('',(19.,-19.,-5.));
#8236=CARTESIAN_POINT('',(19.,-17.5,-5.));
#8237=CARTESIAN_POINT('',(-19.,-19.,-5.));
#8238=CARTESIAN_POINT('',(-19.,-17.5,-5.));
#8239=CARTESIAN_POINT('',(-19.,19.,-5.));
#8240=CARTESIAN_POINT('',(-19.,20.5,-5.));
#8241=CARTESIAN_POINT('',(40.6586399182265,40.6586399182265,-5.));
#8242=CARTESIAN_POINT('',(38.3586399182265,40.6586399182265,-5.));
#8243=CARTESIAN_POINT('',(1.73472347597681E-14,57.5,-5.));
#8244=CARTESIAN_POINT('',(-2.29999999999998,57.5,-5.));
#8245=CARTESIAN_POINT('',(-40.6586399182265,40.6586399182265,-5.));
#8246=CARTESIAN_POINT('',(-42.9586399182265,40.6586399182265,-5.));
#8247=CARTESIAN_POINT('',(57.5,0.,-5.));
#8248=CARTESIAN_POINT('',(55.2,0.,-5.));
#8249=CARTESIAN_POINT('',(40.6586399182265,-40.6586399182265,-5.));
#8250=CARTESIAN_POINT('',(38.3586399182265,-40.6586399182265,-5.));
#8251=CARTESIAN_POINT('',(0.,-57.5,-5.));
#8252=CARTESIAN_POINT('',(-2.3,-57.5,-5.));
#8253=CARTESIAN_POINT('',(-40.6586399182265,-40.6586399182265,-5.));
#8254=CARTESIAN_POINT('',(-42.9586399182265,-40.6586399182265,-5.));
#8255=CARTESIAN_POINT('',(-57.5,0.,-5.));
#8256=CARTESIAN_POINT('',(-59.8,0.,-5.));
#8257=CARTESIAN_POINT('',(0.,0.,-5.));
#8258=CARTESIAN_POINT('',(-69.725,0.,-5.));
#8259=CARTESIAN_POINT('',(0.,0.,-5.));
#8260=CARTESIAN_POINT('',(-20.5,0.,-5.));
#8261=CARTESIAN_POINT('',(-40.6586399182265,-40.6586399182265,63.8));
#8262=CARTESIAN_POINT('',(-40.6586399182265,-40.6586399182265,63.8));
#8263=CARTESIAN_POINT('',(-40.6586399182265,-42.6586399182265,63.8));
#8264=CARTESIAN_POINT('',(40.6586399182265,40.6586399182265,63.8));
#8265=CARTESIAN_POINT('',(40.6586399182265,40.6586399182265,63.8));
#8266=CARTESIAN_POINT('',(40.6586399182265,38.6586399182265,63.8));
#8267=CARTESIAN_POINT('',(48.7903679018718,-48.7903679018718,52.0000000035186));
#8268=CARTESIAN_POINT('',(48.6135912065751,-48.6135912065752,52.0000000035186));
#8269=CARTESIAN_POINT('',(49.7598112988785,-47.4673711142718,52.0000000035186));
#8270=CARTESIAN_POINT('',(48.7903679018718,-48.7903679018718,63.0000000035186));
#8271=CARTESIAN_POINT('',(48.6135912065751,-48.6135912065752,63.0000000035186));
#8272=CARTESIAN_POINT('',(49.7598112988785,-47.4673711142718,63.0000000035186));
#8273=CARTESIAN_POINT('',(48.7903679018718,-48.7903679018718,57.0000000035186));
#8274=CARTESIAN_POINT('',(48.6135912065751,-48.6135912065752,57.0000000035186));
#8275=CARTESIAN_POINT('',(49.8510280736516,-47.3761543394987,57.0000000035186));
#8276=CARTESIAN_POINT('',(-48.7903679018718,48.7903679018718,52.0000000035186));
#8277=CARTESIAN_POINT('',(-48.6135912065751,48.6135912065751,52.0000000035186));
#8278=CARTESIAN_POINT('',(-49.7598112988785,47.4673711142718,52.0000000035186));
#8279=CARTESIAN_POINT('',(-48.7903679018718,48.7903679018718,63.0000000035186));
#8280=CARTESIAN_POINT('',(-48.6135912065751,48.6135912065751,63.0000000035186));
#8281=CARTESIAN_POINT('',(-49.7598112988785,47.4673711142718,63.0000000035186));
#8282=CARTESIAN_POINT('',(-48.7903679018718,48.7903679018718,57.0000000035186));
#8283=CARTESIAN_POINT('',(-48.6135912065751,48.6135912065751,57.0000000035186));
#8284=CARTESIAN_POINT('',(-49.8510280736516,47.3761543394987,57.0000000035186));
#8285=CARTESIAN_POINT('',(-64.5,150.674544421829,35.));
#8286=CARTESIAN_POINT('',(-64.5,-34.,35.));
#8287=CARTESIAN_POINT('',(-66.121,-34.,35.));
#8288=CARTESIAN_POINT('',(64.5,150.674544421829,35.));
#8289=CARTESIAN_POINT('',(64.5,-34.,35.));
#8290=CARTESIAN_POINT('',(62.879,-34.,35.));
#8291=CARTESIAN_POINT('',(68.5,40.,66.25));
#8292=CARTESIAN_POINT('',(68.5,40.,66.25));
#8293=CARTESIAN_POINT('',(68.5,29.291637031754,66.25));
#8294=CARTESIAN_POINT('',(68.5,-29.291637031754,66.25));
#8295=CARTESIAN_POINT('',(0.,0.,66.25));
#8296=CARTESIAN_POINT('',(68.5,-40.,3.75));
#8297=CARTESIAN_POINT('',(68.5,-40.,3.75));
#8298=CARTESIAN_POINT('',(68.5,-29.291637031754,3.75));
#8299=CARTESIAN_POINT('',(68.5,29.291637031754,3.75));
#8300=CARTESIAN_POINT('',(0.,0.,3.75));
#8301=CARTESIAN_POINT('',(68.5,-25.,60.));
#8302=CARTESIAN_POINT('',(68.25,-25.,60.));
#8303=CARTESIAN_POINT('',(68.25,-25.,58.379));
#8304=CARTESIAN_POINT('',(68.5,-25.,9.99999999999996));
#8305=CARTESIAN_POINT('',(68.25,-25.,9.99999999999996));
#8306=CARTESIAN_POINT('',(68.25,-25.,8.37899999999996));
#8307=CARTESIAN_POINT('',(68.5,25.,9.99999999999997));
#8308=CARTESIAN_POINT('',(68.25,25.,9.99999999999997));
#8309=CARTESIAN_POINT('',(68.25,25.,8.37899999999997));
#8310=CARTESIAN_POINT('',(68.5,25.,60.));
#8311=CARTESIAN_POINT('',(68.25,25.,60.));
#8312=CARTESIAN_POINT('',(68.25,25.,58.379));
#8313=CARTESIAN_POINT('',(68.5,-21.5,13.5));
#8314=CARTESIAN_POINT('',(68.25,-21.5,13.5));
#8315=CARTESIAN_POINT('',(68.25,-21.5,12.));
#8316=CARTESIAN_POINT('',(68.5,21.5,13.5));
#8317=CARTESIAN_POINT('',(68.25,21.5,13.5));
#8318=CARTESIAN_POINT('',(68.25,21.5,12.));
#8319=CARTESIAN_POINT('',(68.5,21.5,56.5));
#8320=CARTESIAN_POINT('',(68.25,21.5,56.5));
#8321=CARTESIAN_POINT('',(68.25,21.5,55.));
#8322=CARTESIAN_POINT('',(68.5,-21.5,56.5));
#8323=CARTESIAN_POINT('',(68.25,-21.5,56.5));
#8324=CARTESIAN_POINT('',(68.25,-21.5,55.));
#8325=CARTESIAN_POINT('',(68.5,-5.20417042793042E-15,35.));
#8326=CARTESIAN_POINT('',(68.5,-5.20417042793042E-15,35.));
#8327=CARTESIAN_POINT('',(68.5,28.45,35.));
#8328=CARTESIAN_POINT('',(64.5,-150.674544421829,35.));
#8329=CARTESIAN_POINT('',(64.5,34.,35.));
#8330=CARTESIAN_POINT('',(66.121,34.,35.));
#8331=CARTESIAN_POINT('',(-68.5,-40.,66.25));
#8332=CARTESIAN_POINT('',(-68.5,-40.,66.25));
#8333=CARTESIAN_POINT('',(-68.5,-29.291637031754,66.25));
#8334=CARTESIAN_POINT('',(-68.5,29.291637031754,66.25));
#8335=CARTESIAN_POINT('',(0.,0.,66.25));
#8336=CARTESIAN_POINT('',(-68.5,40.,3.75));
#8337=CARTESIAN_POINT('',(-68.5,40.,3.75));
#8338=CARTESIAN_POINT('',(-68.5,29.291637031754,3.75));
#8339=CARTESIAN_POINT('',(-68.5,-29.291637031754,3.75));
#8340=CARTESIAN_POINT('',(0.,0.,3.75));
#8341=CARTESIAN_POINT('',(-68.5,-25.,60.));
#8342=CARTESIAN_POINT('',(-68.25,-25.,60.));
#8343=CARTESIAN_POINT('',(-68.25,-25.,61.621));
#8344=CARTESIAN_POINT('',(-68.5,-25.,9.99999999999996));
#8345=CARTESIAN_POINT('',(-68.25,-25.,9.99999999999996));
#8346=CARTESIAN_POINT('',(-68.25,-25.,11.621));
#8347=CARTESIAN_POINT('',(-68.5,25.,9.99999999999997));
#8348=CARTESIAN_POINT('',(-68.25,25.,9.99999999999997));
#8349=CARTESIAN_POINT('',(-68.25,25.,11.621));
#8350=CARTESIAN_POINT('',(-68.5,25.,60.));
#8351=CARTESIAN_POINT('',(-68.25,25.,60.));
#8352=CARTESIAN_POINT('',(-68.25,25.,61.621));
#8353=CARTESIAN_POINT('',(-68.5,-21.5,13.5));
#8354=CARTESIAN_POINT('',(-68.25,-21.5,13.5));
#8355=CARTESIAN_POINT('',(-68.25,-21.5,15.));
#8356=CARTESIAN_POINT('',(-68.5,21.5,13.5));
#8357=CARTESIAN_POINT('',(-68.25,21.5,13.5));
#8358=CARTESIAN_POINT('',(-68.25,21.5,15.));
#8359=CARTESIAN_POINT('',(-68.5,21.5,56.5));
#8360=CARTESIAN_POINT('',(-68.25,21.5,56.5));
#8361=CARTESIAN_POINT('',(-68.25,21.5,58.));
#8362=CARTESIAN_POINT('',(-68.5,-21.5,56.5));
#8363=CARTESIAN_POINT('',(-68.25,-21.5,56.5));
#8364=CARTESIAN_POINT('',(-68.25,-21.5,58.));
#8365=CARTESIAN_POINT('',(-68.5,-5.20417042793042E-15,35.));
#8366=CARTESIAN_POINT('',(-68.5,-5.20417042793042E-15,35.));
#8367=CARTESIAN_POINT('',(-68.5,-28.45,35.));
#8368=CARTESIAN_POINT('',(-64.5,-150.674544421829,35.));
#8369=CARTESIAN_POINT('',(-64.5,34.,35.));
#8370=CARTESIAN_POINT('',(-62.879,34.,35.));
#8371=CARTESIAN_POINT('',(0.,0.,0.));
#8372=CARTESIAN_POINT('',(0.,0.,0.));
#8373=CARTESIAN_POINT('',(-74.5,0.,0.));
#8374=CARTESIAN_POINT('',(0.,0.,72.));
#8375=CARTESIAN_POINT('',(0.,0.,72.));
#8376=CARTESIAN_POINT('',(-57.7945010347309,47.011122621636,72.));
#8377=CARTESIAN_POINT('',(47.011122621636,-57.7945010347309,72.));
#8378=CARTESIAN_POINT('',(43.3986786953243,-54.1820571084192,72.));
#8379=CARTESIAN_POINT('',(44.1846912583473,-54.9680696714422,72.));
#8380=CARTESIAN_POINT('',(0.,0.,72.));
#8381=CARTESIAN_POINT('',(-54.9680696714422,44.1846912583473,72.));
#8382=CARTESIAN_POINT('',(-54.1820571084192,43.3986786953243,72.));
#8383=CARTESIAN_POINT('',(0.,0.,72.));
#8384=CARTESIAN_POINT('',(43.8290381346855,-54.6124165477804,71.5));
#8385=CARTESIAN_POINT('',(43.9475916821251,-54.7309700952199,71.6666631012883));
#8386=CARTESIAN_POINT('',(44.0661427054725,-54.8495211185674,71.8333297933815));
#8387=CARTESIAN_POINT('',(44.1846912583473,-54.9680696714422,72.));
#8388=CARTESIAN_POINT('',(43.8290381346855,-54.6124165477804,71.5));
#8389=CARTESIAN_POINT('',(0.,0.,71.5));
#8390=CARTESIAN_POINT('',(-54.6124165477804,43.8290381346856,71.5));
#8391=CARTESIAN_POINT('',(-54.9680696714422,44.1846912583473,72.));
#8392=CARTESIAN_POINT('',(-54.8495211185674,44.0661427054725,71.8333297933815));
#8393=CARTESIAN_POINT('',(-54.7309700952199,43.9475916821251,71.6666631012883));
#8394=CARTESIAN_POINT('',(-54.6124165477804,43.8290381346856,71.5));
#8395=CARTESIAN_POINT('',(0.,0.,72.));
#8396=CARTESIAN_POINT('',(0.,0.,72.));
#8397=CARTESIAN_POINT('',(-44.1846912583473,54.9680696714422,72.));
#8398=CARTESIAN_POINT('',(54.9680696714422,-44.1846912583474,72.));
#8399=CARTESIAN_POINT('',(-43.8290381346856,54.6124165477804,71.5));
#8400=CARTESIAN_POINT('',(-43.9475916821251,54.7309700952199,71.6666631012883));
#8401=CARTESIAN_POINT('',(-44.0661427054725,54.8495211185674,71.8333297933815));
#8402=CARTESIAN_POINT('',(-44.1846912583473,54.9680696714422,72.));
#8403=CARTESIAN_POINT('',(-43.8290381346856,54.6124165477804,71.5));
#8404=CARTESIAN_POINT('',(0.,0.,71.5));
#8405=CARTESIAN_POINT('',(54.6124165477804,-43.8290381346856,71.5));
#8406=CARTESIAN_POINT('',(54.9680696714422,-44.1846912583473,72.));
#8407=CARTESIAN_POINT('',(54.8495211185674,-44.0661427054725,71.8333297933815));
#8408=CARTESIAN_POINT('',(54.7309700952199,-43.9475916821251,71.6666631012883));
#8409=CARTESIAN_POINT('',(54.6124165477804,-43.8290381346856,71.5));
#8410=CARTESIAN_POINT('',(0.,0.,72.));
#8411=CARTESIAN_POINT('',(0.,0.,72.));
#8412=CARTESIAN_POINT('',(57.7945010347309,-47.011122621636,72.));
#8413=CARTESIAN_POINT('',(-47.011122621636,57.7945010347309,72.));
#8414=CARTESIAN_POINT('',(-43.3986786953243,54.1820571084192,72.));
#8415=CARTESIAN_POINT('',(54.1820571084192,-43.3986786953244,72.));
#8416=CARTESIAN_POINT('',(-53.5,-5.20417042793042E-15,35.));
#8417=CARTESIAN_POINT('',(-53.5,-3.36720022920939E-15,35.));
#8418=CARTESIAN_POINT('',(-53.5,-3.36720022920939E-15,9.49999999999999));
#8419=CARTESIAN_POINT('',(53.5,-5.20417042793042E-15,35.));
#8420=CARTESIAN_POINT('',(53.5,-3.36720022920939E-15,35.));
#8421=CARTESIAN_POINT('',(53.5,-3.36720022920939E-15,61.));
#8422=CARTESIAN_POINT('',(-3.71680303541222E-15,60.7,0.));
#8423=CARTESIAN_POINT('',(-32.5,60.7,50.));
#8424=CARTESIAN_POINT('',(-35.05,60.7,50.));
#8425=CARTESIAN_POINT('',(-32.5,60.7,30.));
#8426=CARTESIAN_POINT('',(-34.621,60.7,30.));
#8427=CARTESIAN_POINT('',(32.5,60.7,30.));
#8428=CARTESIAN_POINT('',(30.379,60.7,30.));
#8429=CARTESIAN_POINT('',(32.5,60.7,50.));
#8430=CARTESIAN_POINT('',(29.95,60.7,50.));
#8431=CARTESIAN_POINT('',(32.5,60.7,9.99999999999999));
#8432=CARTESIAN_POINT('',(29.,60.7,9.99999999999999));
#8433=CARTESIAN_POINT('',(-32.5,60.7,10.));
#8434=CARTESIAN_POINT('',(-36.,60.7,10.));
#8435=CARTESIAN_POINT('',(-24.,60.7,6.74999999999999));
#8436=CARTESIAN_POINT('',(-28.5,60.7,6.74999999999999));
#8437=CARTESIAN_POINT('',(-24.,60.7,2.25));
#8438=CARTESIAN_POINT('',(24.,60.7,2.24999999999999));
#8439=CARTESIAN_POINT('',(24.,60.7,2.24999999999999));
#8440=CARTESIAN_POINT('',(24.,60.7,6.74999999999999));
#8441=CARTESIAN_POINT('',(28.5,60.7,6.74999999999999));
#8442=CARTESIAN_POINT('',(28.5,60.7,53.25));
#8443=CARTESIAN_POINT('',(28.5,60.7,53.25));
#8444=CARTESIAN_POINT('',(24.,60.7,53.25));
#8445=CARTESIAN_POINT('',(24.,60.7,57.75));
#8446=CARTESIAN_POINT('',(-24.,60.7,57.75));
#8447=CARTESIAN_POINT('',(-24.,60.7,57.75));
#8448=CARTESIAN_POINT('',(-24.,60.7,53.25));
#8449=CARTESIAN_POINT('',(-28.5,60.7,53.25));
#8450=CARTESIAN_POINT('',(-28.5,60.7,6.74999999999999));
#8451=CARTESIAN_POINT('',(-38.25,60.7,1.74999999999999));
#8452=CARTESIAN_POINT('',(-38.25,60.7,6.74999999999999));
#8453=CARTESIAN_POINT('',(-38.25,60.7,53.25));
#8454=CARTESIAN_POINT('',(-33.25,60.7,53.25));
#8455=CARTESIAN_POINT('',(-33.25,60.7,58.25));
#8456=CARTESIAN_POINT('',(-38.25,60.7,58.25));
#8457=CARTESIAN_POINT('',(33.25,60.7,58.25));
#8458=CARTESIAN_POINT('',(33.25,60.7,53.25));
#8459=CARTESIAN_POINT('',(38.25,60.7,53.25));
#8460=CARTESIAN_POINT('',(38.25,60.7,58.25));
#8461=CARTESIAN_POINT('',(38.25,60.7,6.74999999999998));
#8462=CARTESIAN_POINT('',(33.25,60.7,6.74999999999999));
#8463=CARTESIAN_POINT('',(33.25,60.7,1.74999999999999));
#8464=CARTESIAN_POINT('',(38.25,60.7,1.74999999999999));
#8465=CARTESIAN_POINT('',(-33.25,60.7,1.74999999999999));
#8466=CARTESIAN_POINT('',(-33.25,60.7,6.74999999999999));
#8467=CARTESIAN_POINT('',(0.,0.,0.));
#8468=CARTESIAN_POINT('',(0.,0.,-0.5));
#8469=CARTESIAN_POINT('',(20.,0.,-0.5));
#8470=CARTESIAN_POINT('',(0.,0.,-4.5));
#8471=CARTESIAN_POINT('',(-20.,0.,-4.5));
#8472=CARTESIAN_POINT('',(-40.6586399182265,-40.6586399182265,66.8));
#8473=CARTESIAN_POINT('',(-40.6586399182265,-40.6586399182265,66.8));
#8474=CARTESIAN_POINT('',(-40.6586399182265,-42.6586399182265,66.8));
#8475=CARTESIAN_POINT('',(40.6586399182265,40.6586399182265,66.8));
#8476=CARTESIAN_POINT('',(40.6586399182265,40.6586399182265,66.8));
#8477=CARTESIAN_POINT('',(40.6586399182265,38.6586399182265,66.8));
#8478=CARTESIAN_POINT('',(48.7903679018718,-48.7903679018718,52.));
#8479=CARTESIAN_POINT('',(48.7903679018718,-48.7903679018718,52.0000000035186));
#8480=CARTESIAN_POINT('',(50.1133646894718,-47.4673711142718,52.0000000035186));
#8481=CARTESIAN_POINT('',(48.7903679018718,-48.7903679018718,57.0000000035186));
#8482=CARTESIAN_POINT('',(50.2045814642449,-47.3761543394987,57.0000000035186));
#8483=CARTESIAN_POINT('',(48.7903679018718,-48.7903679018718,63.0000000035186));
#8484=CARTESIAN_POINT('',(50.1133646894718,-47.4673711142718,63.0000000035186));
#8485=CARTESIAN_POINT('',(48.7903679018718,-48.7903679018718,52.));
#8486=CARTESIAN_POINT('',(43.3986786953243,-54.1820571084192,52.));
#8487=CARTESIAN_POINT('',(54.1820571084192,-43.3986786953244,52.));
#8488=CARTESIAN_POINT('',(54.1820571084192,-43.3986786953244,52.));
#8489=CARTESIAN_POINT('',(54.1820571084192,-43.3986786953244,66.8));
#8490=CARTESIAN_POINT('',(48.7903679018718,-48.7903679018718,66.8));
#8491=CARTESIAN_POINT('',(43.3986786953243,-54.1820571084192,66.8));
#8492=CARTESIAN_POINT('',(43.3986786953243,-54.1820571084192,72.));
#8493=CARTESIAN_POINT('',(0.,0.,66.8));
#8494=CARTESIAN_POINT('',(43.8290381346855,-54.6124165477804,66.8));
#8495=CARTESIAN_POINT('',(43.8290381346855,-54.6124165477804,66.8));
#8496=CARTESIAN_POINT('',(0.,0.,66.8));
#8497=CARTESIAN_POINT('',(-54.6124165477804,43.8290381346855,66.8));
#8498=CARTESIAN_POINT('',(-54.6124165477804,43.8290381346855,66.8));
#8499=CARTESIAN_POINT('',(-48.7903679018718,48.7903679018718,52.));
#8500=CARTESIAN_POINT('',(-48.7903679018718,48.7903679018718,52.0000000035186));
#8501=CARTESIAN_POINT('',(-50.1133646894718,47.4673711142718,52.0000000035186));
#8502=CARTESIAN_POINT('',(-48.7903679018718,48.7903679018718,57.0000000035186));
#8503=CARTESIAN_POINT('',(-50.2045814642449,47.3761543394987,57.0000000035186));
#8504=CARTESIAN_POINT('',(-48.7903679018718,48.7903679018718,63.0000000035186));
#8505=CARTESIAN_POINT('',(-50.1133646894718,47.4673711142718,63.0000000035186));
#8506=CARTESIAN_POINT('',(-48.7903679018718,48.7903679018718,52.));
#8507=CARTESIAN_POINT('',(-43.3986786953243,54.1820571084192,52.));
#8508=CARTESIAN_POINT('',(-54.1820571084192,43.3986786953243,52.));
#8509=CARTESIAN_POINT('',(-54.1820571084192,43.3986786953243,52.));
#8510=CARTESIAN_POINT('',(-54.1820571084192,43.3986786953243,66.8));
#8511=CARTESIAN_POINT('',(-48.7903679018718,48.7903679018718,66.8));
#8512=CARTESIAN_POINT('',(-43.3986786953243,54.1820571084192,66.8));
#8513=CARTESIAN_POINT('',(-43.3986786953243,54.1820571084192,72.));
#8514=CARTESIAN_POINT('',(-64.5000000000001,-34.,35.0000000000002));
#8515=CARTESIAN_POINT('',(-64.5000000000001,-34.,35.0000000000002));
#8516=CARTESIAN_POINT('',(-66.8505796534331,-34.,35.8513373554986));
#8517=CARTESIAN_POINT('',(-66.8505796534331,-34.,34.1486626445018));
#8518=CARTESIAN_POINT('',(-66.8505796534331,-34.,35.8513373554986));
#8519=CARTESIAN_POINT('',(-66.7176973432999,-34.2612723370027,36.218231222522));
#8520=CARTESIAN_POINT('',(-66.3592875923446,-34.9568467218171,36.7359204902961));
#8521=CARTESIAN_POINT('',(-65.7444093906,-36.1008257039009,37.2096798493696));
#8522=CARTESIAN_POINT('',(-65.0769293370617,-37.2909787423926,37.4650979000173));
#8523=CARTESIAN_POINT('',(-64.3872978166528,-38.469601242941,37.5302832971781));
#8524=CARTESIAN_POINT('',(-63.6650350833349,-39.6533687128854,37.3970108748765));
#8525=CARTESIAN_POINT('',(-62.9480060119777,-40.7813404110111,37.0221972694201));
#8526=CARTESIAN_POINT('',(-62.3880987352441,-41.6283359561103,36.4281726501772));
#8527=CARTESIAN_POINT('',(-62.0653637961195,-42.1060691272323,35.6846171327098));
#8528=CARTESIAN_POINT('',(-61.9658938284969,-42.2519023957811,34.9887499156391));
#8529=CARTESIAN_POINT('',(-62.0711992801683,-42.0974921285617,34.2959496025951));
#8530=CARTESIAN_POINT('',(-62.3976792413177,-41.6139888061809,33.5589193672072));
#8531=CARTESIAN_POINT('',(-62.9562268890326,-40.7687020119342,32.9717417443648));
#8532=CARTESIAN_POINT('',(-63.6745806278301,-39.6378467770658,32.6006224613841));
#8533=CARTESIAN_POINT('',(-64.3847893130423,-38.4738209688369,32.4697859433274));
#8534=CARTESIAN_POINT('',(-65.085126012987,-37.2767212928363,32.5366291202483));
#8535=CARTESIAN_POINT('',(-65.7429481416432,-36.1033397252249,32.7901613060953));
#8536=CARTESIAN_POINT('',(-66.3615992755722,-34.9525582063741,33.2656403663549));
#8537=CARTESIAN_POINT('',(-66.7184839604211,-34.2597256955168,33.7839406617356));
#8538=CARTESIAN_POINT('',(-66.8505796534331,-33.9999999999999,34.1486626445015));
#8539=CARTESIAN_POINT('',(-64.5000000000001,-34.,35.0000000000002));
#8540=CARTESIAN_POINT('',(-66.8505796534331,-34.,72.));
#8541=CARTESIAN_POINT('',(64.5000000000001,-34.,35.0000000000002));
#8542=CARTESIAN_POINT('',(64.5000000000001,-34.,35.0000000000002));
#8543=CARTESIAN_POINT('',(66.8505796534331,-34.,34.1486626445018));
#8544=CARTESIAN_POINT('',(66.8505796534331,-34.,35.8513373554986));
#8545=CARTESIAN_POINT('',(66.8505796534331,-34.,34.1486626445018));
#8546=CARTESIAN_POINT('',(66.7176973432999,-34.2612723370027,33.7817687774784));
#8547=CARTESIAN_POINT('',(66.3592875923446,-34.9568467218171,33.2640795097043));
#8548=CARTESIAN_POINT('',(65.7444093906,-36.1008257039009,32.7903201506308));
#8549=CARTESIAN_POINT('',(65.0769293370617,-37.2909787423926,32.534902099983));
#8550=CARTESIAN_POINT('',(64.3872978166528,-38.469601242941,32.4697167028222));
#8551=CARTESIAN_POINT('',(63.6650350833349,-39.6533687128854,32.6029891251239));
#8552=CARTESIAN_POINT('',(62.9480060119777,-40.7813404110111,32.9778027305803));
#8553=CARTESIAN_POINT('',(62.3880987352441,-41.6283359561103,33.5718273498232));
#8554=CARTESIAN_POINT('',(62.0653637961195,-42.1060691272323,34.3153828672905));
#8555=CARTESIAN_POINT('',(61.9658938284969,-42.2519023957811,35.0112500843613));
#8556=CARTESIAN_POINT('',(62.0711992801683,-42.0974921285617,35.7040503974053));
#8557=CARTESIAN_POINT('',(62.3976792413177,-41.6139888061809,36.4410806327932));
#8558=CARTESIAN_POINT('',(62.9562268890326,-40.7687020119342,37.0282582556356));
#8559=CARTESIAN_POINT('',(63.6745806278301,-39.6378467770658,37.3993775386163));
#8560=CARTESIAN_POINT('',(64.3847893130423,-38.4738209688369,37.530214056673));
#8561=CARTESIAN_POINT('',(65.085126012987,-37.2767212928363,37.4633708797521));
#8562=CARTESIAN_POINT('',(65.7429481416432,-36.1033397252249,37.2098386939051));
#8563=CARTESIAN_POINT('',(66.3615992755722,-34.9525582063741,36.7343596336455));
#8564=CARTESIAN_POINT('',(66.7184839604211,-34.2597256955168,36.2160593382648));
#8565=CARTESIAN_POINT('',(66.8505796534331,-33.9999999999999,35.8513373554988));
#8566=CARTESIAN_POINT('',(64.5000000000001,-34.,35.0000000000002));
#8567=CARTESIAN_POINT('',(66.8505796534331,-34.,72.));
#8568=CARTESIAN_POINT('',(0.,0.,3.75));
#8569=CARTESIAN_POINT('',(68.5,-30.5409561081509,3.25));
#8570=CARTESIAN_POINT('',(68.5,-30.1255188366133,3.41917135300966));
#8571=CARTESIAN_POINT('',(68.5,-29.7090907703827,3.58586706859783));
#8572=CARTESIAN_POINT('',(68.5,-29.291637031754,3.75000000000001));
#8573=CARTESIAN_POINT('',(68.5,-30.5409561081509,3.25));
#8574=CARTESIAN_POINT('',(0.,0.,3.25));
#8575=CARTESIAN_POINT('',(68.5,30.5409561081509,3.25));
#8576=CARTESIAN_POINT('',(68.5,29.291637031754,3.75));
#8577=CARTESIAN_POINT('',(68.5,29.7090907703827,3.58586706859782));
#8578=CARTESIAN_POINT('',(68.5,30.1255188366133,3.41917135300966));
#8579=CARTESIAN_POINT('',(68.5,30.5409561081509,3.25));
#8580=CARTESIAN_POINT('',(0.,0.,66.25));
#8581=CARTESIAN_POINT('',(68.5,30.5409561081509,66.75));
#8582=CARTESIAN_POINT('',(68.5,30.1255188366133,66.5808286469903));
#8583=CARTESIAN_POINT('',(68.5,29.7090907703827,66.4141329314022));
#8584=CARTESIAN_POINT('',(68.5,29.291637031754,66.25));
#8585=CARTESIAN_POINT('',(68.5,30.5409561081509,66.75));
#8586=CARTESIAN_POINT('',(0.,0.,66.75));
#8587=CARTESIAN_POINT('',(68.5,-30.5409561081509,66.75));
#8588=CARTESIAN_POINT('',(68.5,-29.291637031754,66.25));
#8589=CARTESIAN_POINT('',(68.5,-29.7090907703827,66.4141329314022));
#8590=CARTESIAN_POINT('',(68.5,-30.1255188366133,66.5808286469903));
#8591=CARTESIAN_POINT('',(68.5,-30.5409561081509,66.75));
#8592=CARTESIAN_POINT('',(68.5,-8.38883057415937E-15,0.));
#8593=CARTESIAN_POINT('',(68.5,-25.,9.99999999999996));
#8594=CARTESIAN_POINT('',(68.5,-23.129,9.99999999999996));
#8595=CARTESIAN_POINT('',(68.5,-21.5,13.5));
#8596=CARTESIAN_POINT('',(68.5,-19.75,13.5));
#8597=CARTESIAN_POINT('',(68.5,-25.,60.));
#8598=CARTESIAN_POINT('',(68.5,-23.129,60.));
#8599=CARTESIAN_POINT('',(68.5,25.,60.));
#8600=CARTESIAN_POINT('',(68.5,26.871,60.));
#8601=CARTESIAN_POINT('',(68.5,25.,9.99999999999997));
#8602=CARTESIAN_POINT('',(68.5,26.871,9.99999999999997));
#8603=CARTESIAN_POINT('',(68.5,21.5,13.5));
#8604=CARTESIAN_POINT('',(68.5,23.25,13.5));
#8605=CARTESIAN_POINT('',(68.5,21.5,56.5));
#8606=CARTESIAN_POINT('',(68.5,23.25,56.5));
#8607=CARTESIAN_POINT('',(68.5,-21.5,56.5));
#8608=CARTESIAN_POINT('',(68.5,-19.75,56.5));
#8609=CARTESIAN_POINT('',(68.5,-30.5409561081509,72.));
#8610=CARTESIAN_POINT('',(68.5,30.5409561081509,72.));
#8611=CARTESIAN_POINT('',(64.5000000000001,34.,35.0000000000002));
#8612=CARTESIAN_POINT('',(64.5000000000001,34.,35.0000000000002));
#8613=CARTESIAN_POINT('',(66.8505796534331,34.,35.8513373554986));
#8614=CARTESIAN_POINT('',(66.8505796534331,34.,34.1486626445018));
#8615=CARTESIAN_POINT('',(66.8505796534331,34.,35.8513373554986));
#8616=CARTESIAN_POINT('',(66.7176973432999,34.2612723370027,36.218231222522));
#8617=CARTESIAN_POINT('',(66.3592875923446,34.9568467218171,36.7359204902961));
#8618=CARTESIAN_POINT('',(65.7444093906,36.1008257039009,37.2096798493696));
#8619=CARTESIAN_POINT('',(65.0769293370617,37.2909787423926,37.4650979000173));
#8620=CARTESIAN_POINT('',(64.3872978166528,38.469601242941,37.5302832971781));
#8621=CARTESIAN_POINT('',(63.6650350833349,39.6533687128854,37.3970108748765));
#8622=CARTESIAN_POINT('',(62.9480060119777,40.7813404110111,37.0221972694201));
#8623=CARTESIAN_POINT('',(62.3880987352441,41.6283359561103,36.4281726501772));
#8624=CARTESIAN_POINT('',(62.0653637961195,42.1060691272323,35.6846171327098));
#8625=CARTESIAN_POINT('',(61.9658938284969,42.2519023957811,34.9887499156391));
#8626=CARTESIAN_POINT('',(62.0711992801683,42.0974921285617,34.2959496025951));
#8627=CARTESIAN_POINT('',(62.3976792413177,41.6139888061809,33.5589193672072));
#8628=CARTESIAN_POINT('',(62.9562268890326,40.7687020119342,32.9717417443648));
#8629=CARTESIAN_POINT('',(63.6745806278301,39.6378467770658,32.6006224613841));
#8630=CARTESIAN_POINT('',(64.3847893130423,38.4738209688369,32.4697859433274));
#8631=CARTESIAN_POINT('',(65.085126012987,37.2767212928363,32.5366291202483));
#8632=CARTESIAN_POINT('',(65.7429481416432,36.1033397252249,32.7901613060953));
#8633=CARTESIAN_POINT('',(66.3615992755722,34.9525582063741,33.2656403663549));
#8634=CARTESIAN_POINT('',(66.7184839604211,34.2597256955168,33.7839406617356));
#8635=CARTESIAN_POINT('',(66.8505796534331,33.9999999999999,34.1486626445015));
#8636=CARTESIAN_POINT('',(64.5000000000001,34.,35.0000000000002));
#8637=CARTESIAN_POINT('',(66.8505796534331,34.,72.));
#8638=CARTESIAN_POINT('',(0.,0.,3.75));
#8639=CARTESIAN_POINT('',(-68.5,30.5409561081509,3.25));
#8640=CARTESIAN_POINT('',(-68.5,30.1255188366133,3.41917135300966));
#8641=CARTESIAN_POINT('',(-68.5,29.7090907703827,3.58586706859782));
#8642=CARTESIAN_POINT('',(-68.5,29.291637031754,3.75));
#8643=CARTESIAN_POINT('',(-68.5,30.5409561081509,3.25));
#8644=CARTESIAN_POINT('',(0.,0.,3.25));
#8645=CARTESIAN_POINT('',(-68.5,-30.5409561081509,3.25));
#8646=CARTESIAN_POINT('',(-68.5,-29.291637031754,3.75));
#8647=CARTESIAN_POINT('',(-68.5,-29.7090907703827,3.58586706859782));
#8648=CARTESIAN_POINT('',(-68.5,-30.1255188366133,3.41917135300967));
#8649=CARTESIAN_POINT('',(-68.5,-30.5409561081509,3.25000000000001));
#8650=CARTESIAN_POINT('',(0.,0.,66.25));
#8651=CARTESIAN_POINT('',(-68.5,-30.5409561081509,66.75));
#8652=CARTESIAN_POINT('',(-68.5,-30.1255188366133,66.5808286469903));
#8653=CARTESIAN_POINT('',(-68.5,-29.7090907703827,66.4141329314022));
#8654=CARTESIAN_POINT('',(-68.5,-29.291637031754,66.25));
#8655=CARTESIAN_POINT('',(-68.5,-30.5409561081509,66.75));
#8656=CARTESIAN_POINT('',(0.,0.,66.75));
#8657=CARTESIAN_POINT('',(-68.5,30.5409561081509,66.75));
#8658=CARTESIAN_POINT('',(-68.5,29.291637031754,66.25));
#8659=CARTESIAN_POINT('',(-68.5,29.7090907703827,66.4141329314022));
#8660=CARTESIAN_POINT('',(-68.5,30.1255188366133,66.5808286469903));
#8661=CARTESIAN_POINT('',(-68.5,30.5409561081509,66.75));
#8662=CARTESIAN_POINT('',(-68.5,-8.38883057415937E-15,0.));
#8663=CARTESIAN_POINT('',(-68.5,-25.,9.99999999999996));
#8664=CARTESIAN_POINT('',(-68.5,-26.871,9.99999999999996));
#8665=CARTESIAN_POINT('',(-68.5,-25.,60.));
#8666=CARTESIAN_POINT('',(-68.5,-26.871,60.));
#8667=CARTESIAN_POINT('',(-68.5,25.,60.));
#8668=CARTESIAN_POINT('',(-68.5,23.129,60.));
#8669=CARTESIAN_POINT('',(-68.5,25.,9.99999999999997));
#8670=CARTESIAN_POINT('',(-68.5,23.129,9.99999999999997));
#8671=CARTESIAN_POINT('',(-68.5,21.5,13.5));
#8672=CARTESIAN_POINT('',(-68.5,19.75,13.5));
#8673=CARTESIAN_POINT('',(-68.5,21.5,56.5));
#8674=CARTESIAN_POINT('',(-68.5,19.75,56.5));
#8675=CARTESIAN_POINT('',(-68.5,-21.5,13.5));
#8676=CARTESIAN_POINT('',(-68.5,-23.25,13.5));
#8677=CARTESIAN_POINT('',(-68.5,-21.5,56.5));
#8678=CARTESIAN_POINT('',(-68.5,-23.25,56.5));
#8679=CARTESIAN_POINT('',(-68.5,30.5409561081509,72.));
#8680=CARTESIAN_POINT('',(-68.5,-30.5409561081509,72.));
#8681=CARTESIAN_POINT('',(-64.5000000000001,34.,35.0000000000002));
#8682=CARTESIAN_POINT('',(-64.5000000000001,34.,35.0000000000002));
#8683=CARTESIAN_POINT('',(-66.8505796534331,34.,34.1486626445018));
#8684=CARTESIAN_POINT('',(-66.8505796534331,34.,35.8513373554986));
#8685=CARTESIAN_POINT('',(-66.8505796534331,34.,34.1486626445018));
#8686=CARTESIAN_POINT('',(-66.7176973432999,34.2612723370027,33.7817687774784));
#8687=CARTESIAN_POINT('',(-66.3592875923446,34.9568467218171,33.2640795097043));
#8688=CARTESIAN_POINT('',(-65.7444093906,36.1008257039009,32.7903201506308));
#8689=CARTESIAN_POINT('',(-65.0769293370617,37.2909787423926,32.534902099983));
#8690=CARTESIAN_POINT('',(-64.3872978166528,38.469601242941,32.4697167028222));
#8691=CARTESIAN_POINT('',(-63.6650350833349,39.6533687128854,32.6029891251239));
#8692=CARTESIAN_POINT('',(-62.9480060119777,40.7813404110111,32.9778027305803));
#8693=CARTESIAN_POINT('',(-62.3880987352441,41.6283359561103,33.5718273498232));
#8694=CARTESIAN_POINT('',(-62.0653637961195,42.1060691272323,34.3153828672905));
#8695=CARTESIAN_POINT('',(-61.9658938284969,42.2519023957811,35.0112500843613));
#8696=CARTESIAN_POINT('',(-62.0711992801683,42.0974921285617,35.7040503974053));
#8697=CARTESIAN_POINT('',(-62.3976792413177,41.6139888061809,36.4410806327932));
#8698=CARTESIAN_POINT('',(-62.9562268890326,40.7687020119342,37.0282582556356));
#8699=CARTESIAN_POINT('',(-63.6745806278301,39.6378467770658,37.3993775386163));
#8700=CARTESIAN_POINT('',(-64.3847893130423,38.4738209688369,37.530214056673));
#8701=CARTESIAN_POINT('',(-65.085126012987,37.2767212928363,37.4633708797521));
#8702=CARTESIAN_POINT('',(-65.7429481416432,36.1033397252249,37.2098386939051));
#8703=CARTESIAN_POINT('',(-66.3615992755722,34.9525582063741,36.7343596336455));
#8704=CARTESIAN_POINT('',(-66.7184839604211,34.2597256955168,36.2160593382648));
#8705=CARTESIAN_POINT('',(-66.8505796534331,33.9999999999999,35.8513373554988));
#8706=CARTESIAN_POINT('',(-64.5000000000001,34.,35.0000000000002));
#8707=CARTESIAN_POINT('',(-66.8505796534331,34.,72.));
#8708=CARTESIAN_POINT('',(0.,0.,0.));
#8709=CARTESIAN_POINT('',(0.,0.,0.5));
#8710=CARTESIAN_POINT('',(-75.,0.,0.5));
#8711=CARTESIAN_POINT('',(-43.3986786953243,54.1820571084192,72.));
#8712=CARTESIAN_POINT('',(-47.011122621636,57.7945010347309,72.));
#8713=CARTESIAN_POINT('',(-47.0121354764112,57.7955138895061,71.998575129176));
#8714=CARTESIAN_POINT('',(-47.0131483310334,57.7965267441283,71.9971502581345));
#8715=CARTESIAN_POINT('',(-47.0141611855026,57.7975395985975,71.9957253868755));
#8716=CARTESIAN_POINT('',(-47.0141611855026,57.7975395985975,71.9957253868755));
#8717=CARTESIAN_POINT('',(-47.0141611855026,57.7975395985975,52.));
#8718=CARTESIAN_POINT('',(-47.0141611855026,57.7975395985975,52.));
#8719=CARTESIAN_POINT('',(-43.3986786953243,54.1820571084192,52.));
#8720=CARTESIAN_POINT('',(5.39168920654743,5.39168920654743,66.8));
#8721=CARTESIAN_POINT('',(-43.8290381346855,54.6124165477804,66.8));
#8722=CARTESIAN_POINT('',(-43.8290381346855,54.6124165477804,66.8));
#8723=CARTESIAN_POINT('',(-48.7903679018718,48.7903679018718,52.));
#8724=CARTESIAN_POINT('',(-47.0141611855026,57.7975395985975,52.));
#8725=CARTESIAN_POINT('',(-47.0141611855026,57.7975395985975,51.2719690567097));
#8726=CARTESIAN_POINT('',(-47.1392924775936,57.7065222927904,49.9624988833249));
#8727=CARTESIAN_POINT('',(-47.7492344958112,57.1972599457651,48.247777380071));
#8728=CARTESIAN_POINT('',(-48.2561472260996,56.7639235539875,47.2850759693601));
#8729=CARTESIAN_POINT('',(-48.8946362512517,56.2146546429826,46.3378796132231));
#8730=CARTESIAN_POINT('',(-49.8031822358924,55.4090198061237,45.4115521861641));
#8731=CARTESIAN_POINT('',(-50.8725969561634,54.4236021921033,44.749556749478));
#8732=CARTESIAN_POINT('',(-51.693366477268,53.6456930513884,44.4797019414103));
#8733=CARTESIAN_POINT('',(-52.2840943918579,53.0719648132316,44.3878585222988));
#8734=CARTESIAN_POINT('',(-52.6800841254776,52.6802484982229,44.3685775035769));
#8735=CARTESIAN_POINT('',(-53.0716651688138,52.2844075107977,44.3878314722109));
#8736=CARTESIAN_POINT('',(-53.6453349405135,51.6937528406194,44.4796097769341));
#8737=CARTESIAN_POINT('',(-54.4231683077779,50.8730740840184,44.7493379050287));
#8738=CARTESIAN_POINT('',(-55.4086057869815,49.8036461102713,45.4111947675573));
#8739=CARTESIAN_POINT('',(-56.2142433613045,48.8951089423633,46.3372905076191));
#8740=CARTESIAN_POINT('',(-56.7637057005187,48.2564050009187,47.2846320736423));
#8741=CARTESIAN_POINT('',(-57.1971514166362,47.7493696307179,48.2474496302707));
#8742=CARTESIAN_POINT('',(-57.7065315374211,47.1392895990743,49.9624036027256));
#8743=CARTESIAN_POINT('',(-57.7975395985975,47.0141611855026,51.2719708578501));
#8744=CARTESIAN_POINT('',(-57.7975395985975,47.0141611855026,52.));
#8745=CARTESIAN_POINT('',(-57.7975395985975,47.0141611855026,52.));
#8746=CARTESIAN_POINT('',(-54.1820571084192,43.3986786953244,52.));
#8747=CARTESIAN_POINT('',(-54.1820571084192,43.3986786953243,52.));
#8748=CARTESIAN_POINT('',(-57.7975395985975,47.0141611855026,71.5));
#8749=CARTESIAN_POINT('',(-57.7975395985975,47.0141611855026,71.9957253868755));
#8750=CARTESIAN_POINT('',(-57.7975395985975,47.0141611855026,71.9957253868755));
#8751=CARTESIAN_POINT('',(-57.7965267441283,47.0131483310334,71.9971502581345));
#8752=CARTESIAN_POINT('',(-57.7955138895061,47.0121354764112,71.998575129176));
#8753=CARTESIAN_POINT('',(-57.7945010347309,47.011122621636,72.));
#8754=CARTESIAN_POINT('',(-5.39168920654743,-5.39168920654743,66.8));
#8755=CARTESIAN_POINT('',(0.,0.,71.5));
#8756=CARTESIAN_POINT('',(0.,0.,71.5));
#8757=CARTESIAN_POINT('',(46.9779527138251,-58.4642793406163,71.5));
#8758=CARTESIAN_POINT('',(-58.4642793406163,46.9779527138251,71.5));
#8759=CARTESIAN_POINT('',(46.9779527138251,-58.4642793406163,71.5));
#8760=CARTESIAN_POINT('',(46.9900106741502,-58.242245076701,71.6655281991834));
#8761=CARTESIAN_POINT('',(47.0020800656981,-58.0200003192127,71.8307724541893));
#8762=CARTESIAN_POINT('',(47.014161185503,-57.7975395985903,71.9957253868808));
#8763=CARTESIAN_POINT('',(47.0141611854973,-57.7975395985922,71.995725386883));
#8764=CARTESIAN_POINT('',(47.011122621636,-57.7945010347309,72.));
#8765=CARTESIAN_POINT('',(47.0121354764094,-57.7955138895043,71.9985751291785));
#8766=CARTESIAN_POINT('',(47.0131483310299,-57.7965267441247,71.9971502581394));
#8767=CARTESIAN_POINT('',(47.0141611854973,-57.7975395985922,71.995725386883));
#8768=CARTESIAN_POINT('',(-57.7975395985975,47.0141611855026,71.9957253868755));
#8769=CARTESIAN_POINT('',(-58.0200003192176,47.0020800656979,71.8307724541856));
#8770=CARTESIAN_POINT('',(-58.2422450767032,46.9900106741501,71.6655281991817));
#8771=CARTESIAN_POINT('',(-58.4642793406163,46.9779527138251,71.5));
#8772=CARTESIAN_POINT('',(43.3986786953243,-54.1820571084192,72.));
#8773=CARTESIAN_POINT('',(47.0141611855026,-57.7975395985975,52.));
#8774=CARTESIAN_POINT('',(47.0141611855026,-57.7975395985975,52.));
#8775=CARTESIAN_POINT('',(43.3986786953243,-54.1820571084192,52.));
#8776=CARTESIAN_POINT('',(-5.39168920654743,-5.39168920654743,66.8));
#8777=CARTESIAN_POINT('',(48.7903679018718,-48.7903679018718,52.));
#8778=CARTESIAN_POINT('',(47.0141611855026,-57.7975395985975,52.));
#8779=CARTESIAN_POINT('',(47.0141611855026,-57.7975395985975,51.2719690573597));
#8780=CARTESIAN_POINT('',(47.1392924773739,-57.7065222930102,49.9624988844407));
#8781=CARTESIAN_POINT('',(47.7492344954999,-57.1972599460762,48.2477773808064));
#8782=CARTESIAN_POINT('',(48.256147225897,-56.7639235541906,47.2850759697043));
#8783=CARTESIAN_POINT('',(48.8946362512867,-56.2146546429445,46.3378796131052));
#8784=CARTESIAN_POINT('',(49.8031822365899,-55.4090198054508,45.4115521855045));
#8785=CARTESIAN_POINT('',(50.8725969571434,-54.4236021911507,44.7495567490156));
#8786=CARTESIAN_POINT('',(51.6933664780833,-53.6456930505959,44.4797019412213));
#8787=CARTESIAN_POINT('',(52.2840943923132,-53.0719648127883,44.3878585222681));
#8788=CARTESIAN_POINT('',(52.6800841254259,-52.6802484982746,44.3685775035894));
#8789=CARTESIAN_POINT('',(53.0716651685651,-52.2844075110343,44.3878314721913));
#8790=CARTESIAN_POINT('',(53.6453349400183,-51.6937528410919,44.4796097768252));
#8791=CARTESIAN_POINT('',(54.4231683071938,-50.8730740845752,44.7493379047453));
#8792=CARTESIAN_POINT('',(55.4086057865912,-49.8036461106371,45.4111947672121));
#8793=CARTESIAN_POINT('',(56.2142433612093,-48.8951089424616,46.3372905074258));
#8794=CARTESIAN_POINT('',(56.7637057007682,-48.2564050006687,47.2846320740592));
#8795=CARTESIAN_POINT('',(57.1971514169987,-47.7493696303558,48.2474496311345));
#8796=CARTESIAN_POINT('',(57.706531537685,-47.1392895988101,49.9624036040494));
#8797=CARTESIAN_POINT('',(57.7975395985975,-47.0141611855026,51.2719708586188));
#8798=CARTESIAN_POINT('',(57.7975395985975,-47.0141611855026,52.));
#8799=CARTESIAN_POINT('',(57.7975395985975,-47.0141611855026,52.));
#8800=CARTESIAN_POINT('',(54.1820571084192,-43.3986786953244,52.));
#8801=CARTESIAN_POINT('',(54.1820571084192,-43.3986786953244,52.));
#8802=CARTESIAN_POINT('',(57.7975395985975,-47.0141611855026,71.5));
#8803=CARTESIAN_POINT('',(57.7975395985975,-47.0141611855026,71.9957253868755));
#8804=CARTESIAN_POINT('',(57.7975395985975,-47.0141611855026,71.9957253868755));
#8805=CARTESIAN_POINT('',(57.7965267441282,-47.0131483310334,71.9971502581345));
#8806=CARTESIAN_POINT('',(57.795513889506,-47.0121354764112,71.998575129176));
#8807=CARTESIAN_POINT('',(57.7945010347309,-47.011122621636,72.));
#8808=CARTESIAN_POINT('',(54.6124165477804,-43.8290381346856,66.8));
#8809=CARTESIAN_POINT('',(54.6124165477804,-43.8290381346856,66.8));
#8810=CARTESIAN_POINT('',(5.39168920654743,5.39168920654743,66.8));
#8811=CARTESIAN_POINT('',(0.,0.,71.5));
#8812=CARTESIAN_POINT('',(57.7975395985975,-47.0141611855026,71.9957253868755));
#8813=CARTESIAN_POINT('',(58.0200003192176,-47.0020800656979,71.8307724541856));
#8814=CARTESIAN_POINT('',(58.2422450767032,-46.9900106741501,71.6655281991818));
#8815=CARTESIAN_POINT('',(58.4642793406163,-46.9779527138251,71.5));
#8816=CARTESIAN_POINT('',(58.4642793406163,-46.9779527138251,71.5));
#8817=CARTESIAN_POINT('',(0.,0.,71.5));
#8818=CARTESIAN_POINT('',(-46.9779527138251,58.4642793406163,71.5));
#8819=CARTESIAN_POINT('',(-46.9779527138251,58.4642793406163,71.5));
#8820=CARTESIAN_POINT('',(-46.9900106741501,58.2422450767032,71.6655281991817));
#8821=CARTESIAN_POINT('',(-47.0020800656979,58.0200003192176,71.8307724541856));
#8822=CARTESIAN_POINT('',(-47.0141611855026,57.7975395985975,71.9957253868755));
#8823=CARTESIAN_POINT('',(-33.25,60.7,53.25));
#8824=CARTESIAN_POINT('',(-38.25,60.7,53.25));
#8825=CARTESIAN_POINT('',(-38.25,64.0150176315561,53.25));
#8826=CARTESIAN_POINT('',(-38.25,64.0150176315561,53.25));
#8827=CARTESIAN_POINT('',(-38.25,64.0150176315561,53.8864313865127));
#8828=CARTESIAN_POINT('',(-38.0634631732975,64.1267331899104,54.8847596429657));
#8829=CARTESIAN_POINT('',(-37.4744884906879,64.4489364650715,55.9676981506031));
#8830=CARTESIAN_POINT('',(-37.0816598180385,64.6616389869611,56.4705143392065));
#8831=CARTESIAN_POINT('',(-36.8403041390862,64.7922161849254,56.734214423928));
#8832=CARTESIAN_POINT('',(-36.6215197473011,64.9107579434411,56.9450088948006));
#8833=CARTESIAN_POINT('',(-36.4865417271735,64.9839815912961,57.0625496701979));
#8834=CARTESIAN_POINT('',(-36.257261274635,65.107998501307,57.2498102347415));
#8835=CARTESIAN_POINT('',(-35.9482256616753,65.2740681769644,57.4674448746931));
#8836=CARTESIAN_POINT('',(-35.5311543685626,65.4955130649858,57.7102873050915));
#8837=CARTESIAN_POINT('',(-35.020892747153,65.7636649558855,57.9348227535992));
#8838=CARTESIAN_POINT('',(-34.6108602413007,65.9758573308783,58.0675916583982));
#8839=CARTESIAN_POINT('',(-34.0086478419304,66.2829096641778,58.209483414854));
#8840=CARTESIAN_POINT('',(-33.5546753806373,66.5125730800418,58.25));
#8841=CARTESIAN_POINT('',(-33.2500000000002,66.6684895584112,58.25));
#8842=CARTESIAN_POINT('',(-33.25,66.6684895584112,58.25));
#8843=CARTESIAN_POINT('',(-33.25,64.5130800690837,58.25));
#8844=CARTESIAN_POINT('',(-38.25,60.7,58.25));
#8845=CARTESIAN_POINT('',(0.,0.,58.25));
#8846=CARTESIAN_POINT('',(33.25,66.6684895584108,58.25));
#8847=CARTESIAN_POINT('',(33.25,60.7,58.25));
#8848=CARTESIAN_POINT('',(33.25,60.7,53.25));
#8849=CARTESIAN_POINT('',(33.2500000000002,66.6684895584112,58.25));
#8850=CARTESIAN_POINT('',(33.8593172904687,66.3646008690568,58.25));
#8851=CARTESIAN_POINT('',(34.757889354038,65.9072229250737,58.0874780284051));
#8852=CARTESIAN_POINT('',(35.7539601261734,65.3726078006491,57.5993023400259));
#8853=CARTESIAN_POINT('',(36.2802511694696,65.0946162635546,57.2352886949607));
#8854=CARTESIAN_POINT('',(36.6245766137241,64.9093785318511,56.951648748033));
#8855=CARTESIAN_POINT('',(37.0332899901984,64.6876833835047,56.5359071100575));
#8856=CARTESIAN_POINT('',(37.469796952697,64.4515074049376,55.9717429171746));
#8857=CARTESIAN_POINT('',(38.0667844047674,64.124852909675,54.8821671599259));
#8858=CARTESIAN_POINT('',(38.25,64.0150176315561,53.8865633347755));
#8859=CARTESIAN_POINT('',(38.25,64.0150176315561,53.25));
#8860=CARTESIAN_POINT('',(38.25,64.0150176315561,53.25));
#8861=CARTESIAN_POINT('',(38.25,64.5130800690837,53.25));
#8862=CARTESIAN_POINT('',(38.25,60.7,58.25));
#8863=CARTESIAN_POINT('',(38.25,64.0150176315561,6.74999999999999));
#8864=CARTESIAN_POINT('',(38.25,64.0150176315561,6.74999999999999));
#8865=CARTESIAN_POINT('',(38.25,60.7,6.74999999999999));
#8866=CARTESIAN_POINT('',(33.25,60.7,6.74999999999999));
#8867=CARTESIAN_POINT('',(38.25,64.0150176315561,6.74999999999999));
#8868=CARTESIAN_POINT('',(38.25,64.0150176315561,6.11356861352475));
#8869=CARTESIAN_POINT('',(38.0634631733205,64.1267331899098,5.11524035709837));
#8870=CARTESIAN_POINT('',(37.4744884907144,64.4489364650723,4.03230184943647));
#8871=CARTESIAN_POINT('',(37.0816598180592,64.66163898696,3.52948566081686));
#8872=CARTESIAN_POINT('',(36.8403041390924,64.7922161849273,3.26578557607859));
#8873=CARTESIAN_POINT('',(36.6215197473143,64.9107579434338,3.05499110521062));
#8874=CARTESIAN_POINT('',(36.4865417271144,64.9839815913235,2.93745032975045));
#8875=CARTESIAN_POINT('',(36.2572612745257,65.1079985013529,2.75018976517503));
#8876=CARTESIAN_POINT('',(35.9482256615308,65.2740681770185,2.53255512521295));
#8877=CARTESIAN_POINT('',(35.5311543684259,65.4955130650273,2.28971269484417));
#8878=CARTESIAN_POINT('',(35.0208927471786,65.7636649558469,2.0651772464136));
#8879=CARTESIAN_POINT('',(34.6108602412854,65.9758573308701,1.93240834159589));
#8880=CARTESIAN_POINT('',(34.008647841932,66.2829096641692,1.79051658514809));
#8881=CARTESIAN_POINT('',(33.5546753806358,66.51257308004,1.75));
#8882=CARTESIAN_POINT('',(33.2500000000002,66.6684895584112,1.74999999999999));
#8883=CARTESIAN_POINT('',(33.25,66.6684895584108,1.74999999999999));
#8884=CARTESIAN_POINT('',(33.25,64.5130800690837,1.74999999999999));
#8885=CARTESIAN_POINT('',(38.25,60.7,1.74999999999999));
#8886=CARTESIAN_POINT('',(0.,0.,1.74999999999999));
#8887=CARTESIAN_POINT('',(-33.25,66.6684895584108,1.74999999999999));
#8888=CARTESIAN_POINT('',(-33.25,60.7,1.74999999999999));
#8889=CARTESIAN_POINT('',(-33.25,60.7,6.74999999999999));
#8890=CARTESIAN_POINT('',(-33.2500000000002,66.6684895584112,1.74999999999999));
#8891=CARTESIAN_POINT('',(-33.8593172904686,66.3646008690604,1.75000000000001));
#8892=CARTESIAN_POINT('',(-34.7578893540141,65.9072229250903,1.91252197158214));
#8893=CARTESIAN_POINT('',(-35.7539601262044,65.37260780063,2.40069765999074));
#8894=CARTESIAN_POINT('',(-36.2802511694911,65.0946162635398,2.76471130505705));
#8895=CARTESIAN_POINT('',(-36.6245766137161,64.909378531855,3.0483512519599));
#8896=CARTESIAN_POINT('',(-37.0332899902089,64.6876833835037,3.4640928899532));
#8897=CARTESIAN_POINT('',(-37.4697969527086,64.4515074049382,4.02825708284334));
#8898=CARTESIAN_POINT('',(-38.0667844047787,64.1248529096745,5.11783284010438));
#8899=CARTESIAN_POINT('',(-38.25,64.0150176315561,6.11343666524195));
#8900=CARTESIAN_POINT('',(-38.25,64.0150176315561,6.74999999999999));
#8901=CARTESIAN_POINT('',(-38.25,64.0150176315561,6.74999999999999));
#8902=CARTESIAN_POINT('',(-38.25,64.5130800690837,6.74999999999999));
#8903=CARTESIAN_POINT('',(-38.25,60.7,1.74999999999999));
#8904=CARTESIAN_POINT('',(-38.25,64.0150176315561,53.25));
#8905=CARTESIAN_POINT('',(0.,0.,72.));
#8906=CARTESIAN_POINT('',(-38.6783810783847,-64.2571617577002,72.));
#8907=CARTESIAN_POINT('',(-38.6783810783847,-64.2571617577002,6.74999999999999));
#8908=CARTESIAN_POINT('',(-38.6783810783847,-64.2571617577002,53.25));
#8909=CARTESIAN_POINT('',(-38.6783810783847,-64.2571617577002,53.25));
#8910=CARTESIAN_POINT('',(-38.6783810772565,-64.2571617583793,53.6250376128439));
#8911=CARTESIAN_POINT('',(-38.6074626119506,-64.2999894001188,54.3572407500801));
#8912=CARTESIAN_POINT('',(-38.2543677405789,-64.5111023555664,55.4632856923863));
#8913=CARTESIAN_POINT('',(-37.7522328096366,-64.8068836779986,56.3930013657253));
#8914=CARTESIAN_POINT('',(-37.0618164270654,-65.2047291650752,57.222746106107));
#8915=CARTESIAN_POINT('',(-36.294474997241,-65.6354798043319,57.8518711162528));
#8916=CARTESIAN_POINT('',(-35.0925460118648,-66.2900573356118,58.5069672657762));
#8917=CARTESIAN_POINT('',(-34.1367728288533,-66.7849584253687,58.7227609100577));
#8918=CARTESIAN_POINT('',(-33.4731543624163,-67.1159290856489,58.75));
#8919=CARTESIAN_POINT('',(-33.4731543624163,-67.1159290856489,58.75));
#8920=CARTESIAN_POINT('',(0.,0.,58.75));
#8921=CARTESIAN_POINT('',(33.4731543624163,-67.1159290856489,58.75));
#8922=CARTESIAN_POINT('',(33.4731543624163,-67.1159290856489,58.75));
#8923=CARTESIAN_POINT('',(34.1365796774516,-66.7850547569962,58.7227688382114));
#8924=CARTESIAN_POINT('',(35.0929792760222,-66.2898176292353,58.5067636645189));
#8925=CARTESIAN_POINT('',(36.2935903154809,-65.6359686584371,57.8525102345417));
#8926=CARTESIAN_POINT('',(37.0619129678415,-65.2046759187207,57.2226439325612));
#8927=CARTESIAN_POINT('',(37.7516270066621,-64.8072352244149,56.3938661150061));
#8928=CARTESIAN_POINT('',(38.2544635567479,-64.5110475362845,55.4629654416832));
#8929=CARTESIAN_POINT('',(38.6074160761496,-64.3000165501794,54.3575547395267));
#8930=CARTESIAN_POINT('',(38.6783810772698,-64.2571617583713,53.6251448499614));
#8931=CARTESIAN_POINT('',(38.6783810783846,-64.2571617577003,53.25));
#8932=CARTESIAN_POINT('',(38.6783810783846,-64.2571617577003,53.25));
#8933=CARTESIAN_POINT('',(38.6783810783846,-64.2571617577003,72.));
#8934=CARTESIAN_POINT('',(38.6783810783846,-64.2571617577003,6.74999999999999));
#8935=CARTESIAN_POINT('',(38.6783810783846,-64.2571617577003,6.74999999999999));
#8936=CARTESIAN_POINT('',(38.6783810772575,-64.2571617583787,6.37496238716322));
#8937=CARTESIAN_POINT('',(38.6074626119576,-64.2999894001147,5.64275924994506));
#8938=CARTESIAN_POINT('',(38.254367740564,-64.5111023555751,4.53671430757746));
#8939=CARTESIAN_POINT('',(37.7522328096976,-64.8068836779632,3.60699863438925));
#8940=CARTESIAN_POINT('',(37.0618164270311,-65.2047291650946,2.77725389385759));
#8941=CARTESIAN_POINT('',(36.2944749973174,-65.6354798042895,2.14812888377447));
#8942=CARTESIAN_POINT('',(35.0925460118269,-66.2900573356333,1.49303273420064));
#8943=CARTESIAN_POINT('',(34.1367728288166,-66.784958425387,1.27723908992884));
#8944=CARTESIAN_POINT('',(33.4731543624164,-67.1159290856488,1.25));
#8945=CARTESIAN_POINT('',(33.4731543624163,-67.1159290856489,1.24999999999999));
#8946=CARTESIAN_POINT('',(0.,0.,1.24999999999999));
#8947=CARTESIAN_POINT('',(-33.4731543624163,-67.1159290856489,1.24999999999999));
#8948=CARTESIAN_POINT('',(-33.4731543624163,-67.1159290856489,1.24999999999999));
#8949=CARTESIAN_POINT('',(-34.1365796774909,-66.7850547569767,1.27723116180338));
#8950=CARTESIAN_POINT('',(-35.0929792760526,-66.289817629218,1.49323633549502));
#8951=CARTESIAN_POINT('',(-36.2935903154063,-65.6359686584782,2.14748976543418));
#8952=CARTESIAN_POINT('',(-37.0619129678383,-65.2046759187232,2.77735606743176));
#8953=CARTESIAN_POINT('',(-37.7516270067498,-64.8072352243636,3.60613388504596));
#8954=CARTESIAN_POINT('',(-38.2544635566747,-64.5110475363275,4.53703455827082));
#8955=CARTESIAN_POINT('',(-38.6074160760641,-64.3000165502309,5.64244526062174));
#8956=CARTESIAN_POINT('',(-38.6783810772298,-64.2571617583954,6.37485515010121));
#8957=CARTESIAN_POINT('',(-38.6783810783847,-64.2571617577002,6.74999999999999));
#8958=CARTESIAN_POINT('',(0.,0.,1.24999999999999));
#8959=CARTESIAN_POINT('',(-33.4731543624163,67.1159290856489,1.24999999999999));
#8960=CARTESIAN_POINT('',(33.4731543624163,67.1159290856489,1.24999999999999));
#8961=CARTESIAN_POINT('',(33.4731543624163,67.1159290856489,1.25));
#8962=CARTESIAN_POINT('',(34.1364989003315,66.7850950434833,1.27722784617468));
#8963=CARTESIAN_POINT('',(35.0929805421857,66.2898200370051,1.49329916109064));
#8964=CARTESIAN_POINT('',(36.2938420895417,65.635829762641,2.14768858686512));
#8965=CARTESIAN_POINT('',(37.0620914521854,65.2045740403156,2.77753307788752));
#8966=CARTESIAN_POINT('',(37.7517656168557,64.807154218728,3.6063221951787));
#8967=CARTESIAN_POINT('',(38.2544935232643,64.5110295176697,4.53698267903267));
#8968=CARTESIAN_POINT('',(38.6074266740452,64.3000102109436,5.64236220333958));
#8969=CARTESIAN_POINT('',(38.6783810772569,64.2571617583791,6.37481288160785));
#8970=CARTESIAN_POINT('',(38.6783810783847,64.2571617577003,6.74999999999999));
#8971=CARTESIAN_POINT('',(38.6783810783847,64.2571617577003,6.74999999999999));
#8972=CARTESIAN_POINT('',(38.6783810783846,64.2571617577002,72.));
#8973=CARTESIAN_POINT('',(38.6783810783847,64.2571617577003,53.25));
#8974=CARTESIAN_POINT('',(38.6783810783847,64.2571617577003,53.25));
#8975=CARTESIAN_POINT('',(38.6783810772263,64.2571617583975,53.6249953447525));
#8976=CARTESIAN_POINT('',(38.6074520139122,64.2999957395509,54.3571576979242));
#8977=CARTESIAN_POINT('',(38.2543377741609,64.5111203737348,55.4632337982245));
#8978=CARTESIAN_POINT('',(37.7520941988797,64.8069646854603,56.39318973044));
#8979=CARTESIAN_POINT('',(37.0616379243068,65.2048310526507,57.2229231046751));
#8980=CARTESIAN_POINT('',(36.2942232974025,65.6356186616714,57.8520699306522));
#8981=CARTESIAN_POINT('',(35.0925446998679,66.2900549515646,58.5070300956624));
#8982=CARTESIAN_POINT('',(34.1368536124439,66.7849181356545,58.7227575941959));
#8983=CARTESIAN_POINT('',(33.4731543624163,67.1159290856489,58.75));
#8984=CARTESIAN_POINT('',(33.4731543624163,67.1159290856489,58.75));
#8985=CARTESIAN_POINT('',(0.,0.,58.75));
#8986=CARTESIAN_POINT('',(-33.4731543624163,67.1159290856489,58.75));
#8987=CARTESIAN_POINT('',(-33.4731543624163,67.1159290856489,58.75));
#8988=CARTESIAN_POINT('',(-34.136498900396,66.7850950434512,58.7227721538016));
#8989=CARTESIAN_POINT('',(-35.0929805421247,66.289820037038,58.5067008389232));
#8990=CARTESIAN_POINT('',(-36.2938420896169,65.6358297625996,57.8523114130619));
#8991=CARTESIAN_POINT('',(-37.062091452163,65.204574040328,57.2224669221348));
#8992=CARTESIAN_POINT('',(-37.7517656168701,64.8071542187198,56.3936778048049));
#8993=CARTESIAN_POINT('',(-38.2544935232491,64.5110295176785,55.4630173209727));
#8994=CARTESIAN_POINT('',(-38.6074266740231,64.3000102109569,54.3576377966599));
#8995=CARTESIAN_POINT('',(-38.6783810772469,64.2571617583851,53.6251871183925));
#8996=CARTESIAN_POINT('',(-38.6783810783847,64.2571617577002,53.25));
#8997=CARTESIAN_POINT('',(-38.6783810783847,64.2571617577002,53.25));
#8998=CARTESIAN_POINT('',(-38.6783810783847,64.2571617577002,72.));
#8999=CARTESIAN_POINT('',(-38.6783810783847,64.2571617577002,6.74999999999999));
#9000=CARTESIAN_POINT('',(-38.6783810783847,64.2571617577002,6.74999999999999));
#9001=CARTESIAN_POINT('',(-38.6783810772305,64.257161758395,6.37500465523842));
#9002=CARTESIAN_POINT('',(-38.6074520139204,64.2999957395459,5.64284230205277));
#9003=CARTESIAN_POINT('',(-38.2543377741768,64.5111203737255,4.5367662017885));
#9004=CARTESIAN_POINT('',(-37.7520941988632,64.8069646854699,3.60681026953323));
#9005=CARTESIAN_POINT('',(-37.0616379243208,65.2048310526429,2.7770768953391));
#9006=CARTESIAN_POINT('',(-36.2942232973631,65.6356186616932,2.14793006931762));
#9007=CARTESIAN_POINT('',(-35.092544699894,66.2900549515503,1.49296990435866));
#9008=CARTESIAN_POINT('',(-34.136853612424,66.7849181356644,1.2772424058085));
#9009=CARTESIAN_POINT('',(-33.4731543624163,67.1159290856489,1.25));
#9010=CARTESIAN_POINT('',(58.4642793406163,-46.9779527138251,52.));
#9011=CARTESIAN_POINT('',(58.4642793405942,-46.9779527138526,51.4671487244339));
#9012=CARTESIAN_POINT('',(58.3997303030254,-47.058494510857,50.4204516514488));
#9013=CARTESIAN_POINT('',(57.9980799308209,-47.5549837860407,48.3503655134823));
#9014=CARTESIAN_POINT('',(57.2337539689543,-48.4800769530953,46.5524539581528));
#9015=CARTESIAN_POINT('',(56.1596501967987,-49.7160886107285,45.2115846249444));
#9016=CARTESIAN_POINT('',(55.2017989710835,-50.7790858560272,44.4548589918654));
#9017=CARTESIAN_POINT('',(54.1431230002874,-51.9071098282121,43.9778647164581));
#9018=CARTESIAN_POINT('',(53.0366911874758,-53.0372145016564,43.8235959302217));
#9019=CARTESIAN_POINT('',(51.9074824660606,-54.1427650153453,43.9777515721766));
#9020=CARTESIAN_POINT('',(50.7785232645928,-55.2023196019192,44.4551457012944));
#9021=CARTESIAN_POINT('',(49.7162649485183,-56.1594915374544,45.2114266739241));
#9022=CARTESIAN_POINT('',(48.4792884044447,-57.2344368288116,46.5534039324368));
#9023=CARTESIAN_POINT('',(47.5546725250091,-57.9983288964696,48.3510849363693));
#9024=CARTESIAN_POINT('',(47.0584515922936,-58.3997653814046,50.4199611830646));
#9025=CARTESIAN_POINT('',(46.9779527138365,-58.4642793406071,51.4669083648479));
#9026=CARTESIAN_POINT('',(46.9779527138251,-58.4642793406163,52.));
#9027=CARTESIAN_POINT('',(58.4642793406163,-46.9779527138251,52.));
#9028=CARTESIAN_POINT('',(46.9779527138251,-58.4642793406163,52.));
#9029=CARTESIAN_POINT('',(46.9779527138251,-58.4642793406163,72.));
#9030=CARTESIAN_POINT('',(-58.4642793406163,46.9779527138251,72.));
#9031=CARTESIAN_POINT('',(-58.4642793406163,46.9779527138251,52.));
#9032=CARTESIAN_POINT('',(-58.4642793406163,46.9779527138251,52.));
#9033=CARTESIAN_POINT('',(-58.4642793406013,46.9779527138437,51.4671487244567));
#9034=CARTESIAN_POINT('',(-58.3997303030434,47.0584945108348,50.4204516515022));
#9035=CARTESIAN_POINT('',(-57.9980799308223,47.5549837860385,48.3503655134474));
#9036=CARTESIAN_POINT('',(-57.2337539689899,48.4800769530555,46.5524539582056));
#9037=CARTESIAN_POINT('',(-56.159650196736,49.7160886107986,45.2115846248607));
#9038=CARTESIAN_POINT('',(-55.2017989711163,50.7790858559926,44.4548589918833));
#9039=CARTESIAN_POINT('',(-54.1431230001514,51.9071098283538,43.9778647164236));
#9040=CARTESIAN_POINT('',(-53.0366911875195,53.0372145016115,43.823595930223));
#9041=CARTESIAN_POINT('',(-51.907482466022,54.1427650153829,43.9777515722057));
#9042=CARTESIAN_POINT('',(-50.778523264624,55.2023196018898,44.4551457012954));
#9043=CARTESIAN_POINT('',(-49.7162649485218,56.1594915374517,45.2114266739377));
#9044=CARTESIAN_POINT('',(-48.4792884044415,57.2344368288141,46.5534039324232));
#9045=CARTESIAN_POINT('',(-47.5546725250178,57.9983288964624,48.35108493641));
#9046=CARTESIAN_POINT('',(-47.0584515923143,58.399765381388,50.4199611829914));
#9047=CARTESIAN_POINT('',(-46.9779527138454,58.4642793406,51.4669083648157));
#9048=CARTESIAN_POINT('',(-46.9779527138251,58.4642793406163,52.));
#9049=CARTESIAN_POINT('',(-46.9779527138251,58.4642793406163,52.));
#9050=CARTESIAN_POINT('',(-46.9779527138251,58.4642793406163,72.));
#9051=CARTESIAN_POINT('',(58.4642793406163,-46.9779527138251,72.));
#9052=CARTESIAN_POINT('',(0.,0.,66.8));
#9053=CARTESIAN_POINT('',(0.,0.,66.8));
#9054=CARTESIAN_POINT('',(32.5,60.7,9.99999999999999));
#9055=CARTESIAN_POINT('',(32.5,60.2,9.99999999999999));
#9056=CARTESIAN_POINT('',(32.5,60.2,13.));
#9057=CARTESIAN_POINT('',(31.4437575491222,38.8830858943492,12.8789168282752));
#9058=CARTESIAN_POINT('',(32.5059710572093,38.0001097630598,13.0603270236789));
#9059=CARTESIAN_POINT('',(33.5323582220406,37.0967373569717,12.8797750770092));
#9060=CARTESIAN_POINT('',(34.4610558968173,36.2341748343342,12.3567226851147));
#9061=CARTESIAN_POINT('',(35.2255534753571,35.4879592551845,11.4552547184266));
#9062=CARTESIAN_POINT('',(35.6100045355224,35.0984871524473,10.1201200366853));
#9063=CARTESIAN_POINT('',(35.3221222437347,35.3910015760989,8.72974958725804));
#9064=CARTESIAN_POINT('',(34.5993472019817,36.1018441892347,7.76218368848654));
#9065=CARTESIAN_POINT('',(33.6844748335949,36.9585976536844,7.17769972332809));
#9066=CARTESIAN_POINT('',(32.665962800289,37.8625555842837,6.94524854431258));
#9067=CARTESIAN_POINT('',(31.6128338667338,38.7458053419366,7.06698631691579));
#9068=CARTESIAN_POINT('',(30.6018074904097,39.5475553759945,7.57889649506752));
#9069=CARTESIAN_POINT('',(29.774963998696,40.1702525860043,8.53024918460597));
#9070=CARTESIAN_POINT('',(29.3922292000637,40.4483496724736,9.87420918275574));
#9071=CARTESIAN_POINT('',(29.6699569168667,40.2472098701665,11.2672468206655));
#9072=CARTESIAN_POINT('',(30.4479617692,39.6656995602506,12.2962934521309));
#9073=CARTESIAN_POINT('',(31.4437575491222,38.8830858943492,12.8789168282752));
#9074=CARTESIAN_POINT('',(32.5059710572093,38.0001097630598,13.0603270236789));
#9075=CARTESIAN_POINT('',(33.5323582220406,37.0967373569717,12.8797750770092));
#9076=CARTESIAN_POINT('',(32.5,37.9967103839267,13.));
#9077=CARTESIAN_POINT('',(-32.5,60.7,10.));
#9078=CARTESIAN_POINT('',(-32.5,60.2,10.));
#9079=CARTESIAN_POINT('',(-32.5,60.2,13.));
#9080=CARTESIAN_POINT('',(-33.5348198774298,37.0946689717875,12.880231870949));
#9081=CARTESIAN_POINT('',(-32.5032110258427,38.002394048968,13.0597732065373));
#9082=CARTESIAN_POINT('',(-31.4523360191996,38.8760171359003,12.8806753029019));
#9083=CARTESIAN_POINT('',(-30.4583879788651,39.6577092866427,12.3053569969946));
#9084=CARTESIAN_POINT('',(-29.679354978585,40.2403221165287,11.2831356633876));
#9085=CARTESIAN_POINT('',(-29.3914297779396,40.4489213706647,9.90814161283981));
#9086=CARTESIAN_POINT('',(-29.7628830051493,40.1791511437786,8.54914171891611));
#9087=CARTESIAN_POINT('',(-30.5874185742629,39.558637576645,7.59039843797986));
#9088=CARTESIAN_POINT('',(-31.5953005558981,38.7601229088838,7.0718637056472));
#9089=CARTESIAN_POINT('',(-32.6535179784168,37.8733304167235,6.94429446802253));
#9090=CARTESIAN_POINT('',(-33.6714419856258,36.9704681807166,7.17252228628228));
#9091=CARTESIAN_POINT('',(-34.5893051816595,36.1115228364502,7.75253042025994));
#9092=CARTESIAN_POINT('',(-35.3160421071987,35.3971240438008,8.71742233359587));
#9093=CARTESIAN_POINT('',(-35.6109243645611,35.0975570766667,10.1029194686599));
#9094=CARTESIAN_POINT('',(-35.2310761559768,35.482409845461,11.4458342905767));
#9095=CARTESIAN_POINT('',(-34.4700826360947,36.2256076642516,12.3496403936833));
#9096=CARTESIAN_POINT('',(-33.5348198774298,37.0946689717875,12.880231870949));
#9097=CARTESIAN_POINT('',(-32.5032110258427,38.002394048968,13.0597732065373));
#9098=CARTESIAN_POINT('',(-31.4523360191996,38.8760171359003,12.8806753029019));
#9099=CARTESIAN_POINT('',(-32.5,37.9967103839266,13.));
#9100=CARTESIAN_POINT('',(157.174544421829,2.24329904195926E-14,35.));
#9101=CARTESIAN_POINT('',(-49.8174304079069,-5.16936240325512,60.1442432316971));
#9102=CARTESIAN_POINT('',(-50.089249891377,0.0231028326286181,60.673777386913));
#9103=CARTESIAN_POINT('',(-49.8255700265851,5.07695107274063,60.1606472206511));
#9104=CARTESIAN_POINT('',(-49.0758737146128,9.95455013266963,58.6562681634989));
#9105=CARTESIAN_POINT('',(-47.9673271619995,14.3274132255046,56.2876220971229));
#9106=CARTESIAN_POINT('',(-46.8571039595021,17.5227482184518,53.6511995983053));
#9107=CARTESIAN_POINT('',(-45.9603404823675,19.713282823274,51.237929018845));
#9108=CARTESIAN_POINT('',(-45.0690116218066,21.6949139209869,48.5768543312));
#9109=CARTESIAN_POINT('',(-44.0748920425902,23.6425505630056,44.9807361604738));
#9110=CARTESIAN_POINT('',(-43.2164884944233,25.1545158498521,40.1064320464768));
#9111=CARTESIAN_POINT('',(-42.9593201900119,25.58254966965,35.9305730859778));
#9112=CARTESIAN_POINT('',(-43.0562302038753,25.4202643715487,32.4965215207198));
#9113=CARTESIAN_POINT('',(-43.2768843270529,25.0442369794599,29.9859976530867));
#9114=CARTESIAN_POINT('',(-43.6280027242447,24.4302389236254,27.5467591918063));
#9115=CARTESIAN_POINT('',(-44.2576146741184,23.2837414602612,24.3678986906721));
#9116=CARTESIAN_POINT('',(-45.2570309251243,21.3284106527307,20.7350277498813));
#9117=CARTESIAN_POINT('',(-46.6275573338868,18.1800265619347,16.893807992169));
#9118=CARTESIAN_POINT('',(-47.7280156718163,15.0232125868291,14.2789889200879));
#9119=CARTESIAN_POINT('',(-48.5128316547806,12.1741751237805,12.5474617178772));
#9120=CARTESIAN_POINT('',(-49.0202210086366,9.94070758281546,11.4741334363399));
#9121=CARTESIAN_POINT('',(-49.4397973283884,7.59696150887601,10.6137937639112));
#9122=CARTESIAN_POINT('',(-49.8647495747066,4.2897970780295,9.76303610824016));
#9123=CARTESIAN_POINT('',(-50.0873358220489,0.0943372883528832,9.33006056459234));
#9124=CARTESIAN_POINT('',(-49.8300753944583,-5.0486410490174,9.83081082404365));
#9125=CARTESIAN_POINT('',(-49.2140130956828,-9.07294563580631,11.065392121978));
#9126=CARTESIAN_POINT('',(-48.5300445060588,-12.105465954093,12.5105100357739));
#9127=CARTESIAN_POINT('',(-47.7577034140084,-14.927781131944,14.2108610045314));
#9128=CARTESIAN_POINT('',(-46.6426645713185,-18.1428695296239,16.8570319492012));
#9129=CARTESIAN_POINT('',(-45.5169452402928,-20.7353834466766,19.9976329984031));
#9130=CARTESIAN_POINT('',(-44.675828959978,-22.4647126216084,22.8480781562413));
#9131=CARTESIAN_POINT('',(-44.1185883468557,-23.5359462285994,25.0830884469029));
#9132=CARTESIAN_POINT('',(-43.6508499509845,-24.3894219298839,27.4176597846908));
#9133=CARTESIAN_POINT('',(-43.2903156831471,-25.0212271702013,29.8651380039944));
#9134=CARTESIAN_POINT('',(-43.0621445952115,-25.4101929526201,32.4032336076876));
#9135=CARTESIAN_POINT('',(-42.9840800104169,-25.5413908492497,34.9293612505653));
#9136=CARTESIAN_POINT('',(-43.054184352593,-25.4236892360309,37.4674348962695));
#9137=CARTESIAN_POINT('',(-43.3503937882182,-24.9188156947799,40.8634711846549));
#9138=CARTESIAN_POINT('',(-43.9081936760869,-23.9385703828466,44.0607356184184));
#9139=CARTESIAN_POINT('',(-44.659908596715,-22.4962034170719,47.0936705972148));
#9140=CARTESIAN_POINT('',(-45.2811158182129,-21.22205845496,49.2083095774712));
#9141=CARTESIAN_POINT('',(-45.9424060662411,-19.7554784175523,51.1873780685647));
#9142=CARTESIAN_POINT('',(-46.8543825303064,-17.5302876101467,53.6458679142571));
#9143=CARTESIAN_POINT('',(-47.9498509383624,-14.3886205102534,56.2475658960614));
#9144=CARTESIAN_POINT('',(-49.0763673179772,-9.94546581492247,58.6580601983285));
#9145=CARTESIAN_POINT('',(-49.8174304079069,-5.16936240325512,60.1442432316971));
#9146=CARTESIAN_POINT('',(-50.089249891377,0.0231028326286181,60.673777386913));
#9147=CARTESIAN_POINT('',(-49.8255700265851,5.07695107274063,60.1606472206511));
#9148=CARTESIAN_POINT('',(-50.,0.,60.5));
#9149=CARTESIAN_POINT('',(-157.174544421829,2.24329904195926E-14,35.));
#9150=CARTESIAN_POINT('',(53.,-3.30596788925202E-15,35.));
#9151=CARTESIAN_POINT('',(53.,-25.5,35.));
#9152=CARTESIAN_POINT('',(43.2225504312629,25.143499285253,29.8299577817873));
#9153=CARTESIAN_POINT('',(42.904165443956,25.674096023664,35.0234061359175));
#9154=CARTESIAN_POINT('',(43.2131080692477,25.1601166200912,40.0764176745428));
#9155=CARTESIAN_POINT('',(44.0647836083526,23.6616016159237,44.9388962705835));
#9156=CARTESIAN_POINT('',(45.2682518606405,21.3050308169361,49.2994555011744));
#9157=CARTESIAN_POINT('',(46.4081191958309,18.6820604993965,52.4897708883674));
#9158=CARTESIAN_POINT('',(47.2932679555674,16.2699108350389,54.6871548287875));
#9159=CARTESIAN_POINT('',(48.1504578369516,13.6036363401486,56.6789048887567));
#9160=CARTESIAN_POINT('',(49.0670581149932,9.99502310651067,58.6378048756663));
#9161=CARTESIAN_POINT('',(49.8228461747324,5.10637702395314,60.1553953314799));
#9162=CARTESIAN_POINT('',(50.0425579259712,0.922285577742257,60.5830186703878));
#9163=CARTESIAN_POINT('',(49.9587319193027,-2.51294452242718,60.4193018778148));
#9164=CARTESIAN_POINT('',(49.7676938359971,-5.02253035614687,60.0425661697755));
#9165=CARTESIAN_POINT('',(49.4597716410997,-7.46602747358645,59.4265979749869));
#9166=CARTESIAN_POINT('',(48.896966994347,-10.6551499942813,58.2739483424879));
#9167=CARTESIAN_POINT('',(47.9763386665263,-14.2979724474257,56.3076718873497));
#9168=CARTESIAN_POINT('',(46.642517368403,-18.1433489236788,53.1431310547219));
#9169=CARTESIAN_POINT('',(45.5123138044187,-20.7454815766817,49.9881714536203));
#9170=CARTESIAN_POINT('',(44.6747495148082,-22.4666826257866,47.1474217969368));
#9171=CARTESIAN_POINT('',(44.1198224256977,-23.5336029767207,44.9215394134899));
#9172=CARTESIAN_POINT('',(43.6510689126856,-24.3891700536073,42.5864953714366));
#9173=CARTESIAN_POINT('',(43.1668395033828,-25.2371191110312,39.286941547087));
#9174=CARTESIAN_POINT('',(42.9068278593483,-25.6693813770297,35.0958148990437));
#9175=CARTESIAN_POINT('',(43.2065870828637,-25.1710993245425,29.9571950550343));
#9176=CARTESIAN_POINT('',(44.051354487545,-23.6862080624376,25.1254068880039));
#9177=CARTESIAN_POINT('',(45.2558872587641,-21.3317473086255,20.7356231468758));
#9178=CARTESIAN_POINT('',(46.6286826502542,-18.1762726320195,16.891882161706));
#9179=CARTESIAN_POINT('',(47.7244884641946,-15.0346841791839,14.2869670758323));
#9180=CARTESIAN_POINT('',(48.5129784863871,-12.174322308857,12.5470454612308));
#9181=CARTESIAN_POINT('',(49.0223626172671,-9.93099871610377,11.4696587532065));
#9182=CARTESIAN_POINT('',(49.4407174914203,-7.58805124522377,10.6120126053376));
#9183=CARTESIAN_POINT('',(49.7572345083862,-5.13226956250613,9.97809927497742));
#9184=CARTESIAN_POINT('',(49.9542613154889,-2.59387598490156,9.58951975316369));
#9185=CARTESIAN_POINT('',(50.021236059787,-0.0655015060238041,9.45845680849538));
#9186=CARTESIAN_POINT('',(49.9605547207764,2.4766265614726,9.57712306159798));
#9187=CARTESIAN_POINT('',(49.7038447103203,5.87355194425101,10.0835100178103));
#9188=CARTESIAN_POINT('',(49.213531474118,9.07604842548668,11.0664398358174));
#9189=CARTESIAN_POINT('',(48.5264690847503,12.1208493131956,12.5180071258149));
#9190=CARTESIAN_POINT('',(47.9446647698486,14.2415261578819,13.7999717447343));
#9191=CARTESIAN_POINT('',(47.3100227140863,16.2214570432467,15.2723621166399));
#9192=CARTESIAN_POINT('',(46.4102715929099,18.6786481804278,17.5044174396127));
#9193=CARTESIAN_POINT('',(45.2839265164584,21.2709207085182,20.6477855590215));
#9194=CARTESIAN_POINT('',(44.063953596392,23.6640582073418,25.0733216124741));
#9195=CARTESIAN_POINT('',(43.2225504312629,25.143499285253,29.8299577817873));
#9196=CARTESIAN_POINT('',(42.904165443956,25.674096023664,35.0234061359175));
#9197=CARTESIAN_POINT('',(43.2131080692477,25.1601166200912,40.0764176745428));
#9198=CARTESIAN_POINT('',(43.0087200460558,25.5,35.));
#9199=CARTESIAN_POINT('',(24.,-2.44929359829471E-16,6.74999999999999));
#9200=CARTESIAN_POINT('',(28.,41.424630354416,6.74999999999999));
#9201=CARTESIAN_POINT('',(28.,60.2,6.74999999999999));
#9202=CARTESIAN_POINT('',(28.,41.424630354416,6.74999999999999));
#9203=CARTESIAN_POINT('',(24.,60.2,6.74999999999999));
#9204=CARTESIAN_POINT('',(24.,60.2,2.74999999999999));
#9205=CARTESIAN_POINT('',(24.,69.5772951471958,2.74999999999999));
#9206=CARTESIAN_POINT('',(24.,43.8634243989226,2.74999999999999));
#9207=CARTESIAN_POINT('',(28.,41.424630354416,6.74999999999999));
#9208=CARTESIAN_POINT('',(28.,41.424630354416,6.1757052626307));
#9209=CARTESIAN_POINT('',(27.7484754065961,41.5959847790538,5.05289293614871));
#9210=CARTESIAN_POINT('',(26.4623722157716,42.4401642862472,3.30426923984215));
#9211=CARTESIAN_POINT('',(25.0040423966812,43.3140596867379,2.74999999999999));
#9212=CARTESIAN_POINT('',(24.,43.8634243989226,2.74999999999999));
#9213=CARTESIAN_POINT('',(28.,0.,57.25));
#9214=CARTESIAN_POINT('',(28.,69.5772951471958,53.25));
#9215=CARTESIAN_POINT('',(28.,41.424630354416,53.25));
#9216=CARTESIAN_POINT('',(28.,60.2,53.25));
#9217=CARTESIAN_POINT('',(28.,60.2,6.74999999999999));
#9218=CARTESIAN_POINT('',(28.,41.424630354416,72.));
#9219=CARTESIAN_POINT('',(24.,-2.44929359829471E-16,53.25));
#9220=CARTESIAN_POINT('',(24.,41.424630354416,57.25));
#9221=CARTESIAN_POINT('',(24.,60.2,57.25));
#9222=CARTESIAN_POINT('',(24.,43.8634243989226,57.25));
#9223=CARTESIAN_POINT('',(24.,60.2,53.25));
#9224=CARTESIAN_POINT('',(24.,43.8634243989226,57.25));
#9225=CARTESIAN_POINT('',(24.5031792781944,43.5881083960762,57.25));
#9226=CARTESIAN_POINT('',(25.4733610050669,43.0347436387057,57.0658590797132));
#9227=CARTESIAN_POINT('',(26.7797945802795,42.2313187591295,56.2654752001888));
#9228=CARTESIAN_POINT('',(27.7462001002798,41.5976446661399,54.9519327776553));
#9229=CARTESIAN_POINT('',(28.,41.424630354416,53.8263671310952));
#9230=CARTESIAN_POINT('',(28.,41.424630354416,53.25));
#9231=CARTESIAN_POINT('',(-28.,0.,57.25));
#9232=CARTESIAN_POINT('',(-24.,69.5772951471958,57.25));
#9233=CARTESIAN_POINT('',(-24.,43.8634243989226,57.25));
#9234=CARTESIAN_POINT('',(-24.,60.2,57.25));
#9235=CARTESIAN_POINT('',(24.,60.2,57.25));
#9236=CARTESIAN_POINT('',(0.,0.,57.25));
#9237=CARTESIAN_POINT('',(-24.,2.44929359829471E-16,53.25));
#9238=CARTESIAN_POINT('',(-28.,41.424630354416,53.25));
#9239=CARTESIAN_POINT('',(-28.,60.2,53.25));
#9240=CARTESIAN_POINT('',(-28.,41.424630354416,53.25));
#9241=CARTESIAN_POINT('',(-24.,60.2,53.25));
#9242=CARTESIAN_POINT('',(-28.,41.424630354416,53.25));
#9243=CARTESIAN_POINT('',(-28.,41.424630354416,53.8242947373693));
#9244=CARTESIAN_POINT('',(-27.7484754065961,41.5959847790538,54.9471070638513));
#9245=CARTESIAN_POINT('',(-26.4623722157717,42.4401642862472,56.6957307601578));
#9246=CARTESIAN_POINT('',(-25.0040423966812,43.3140596867379,57.25));
#9247=CARTESIAN_POINT('',(-24.,43.8634243989226,57.25));
#9248=CARTESIAN_POINT('',(-28.,0.,2.75));
#9249=CARTESIAN_POINT('',(-28.,69.5772951471958,6.74999999999999));
#9250=CARTESIAN_POINT('',(-28.,41.424630354416,6.74999999999999));
#9251=CARTESIAN_POINT('',(-28.,60.2,6.74999999999999));
#9252=CARTESIAN_POINT('',(-28.,60.2,53.25));
#9253=CARTESIAN_POINT('',(-28.,41.424630354416,72.));
#9254=CARTESIAN_POINT('',(-24.,2.44929359829471E-16,6.74999999999999));
#9255=CARTESIAN_POINT('',(-24.,41.424630354416,2.75));
#9256=CARTESIAN_POINT('',(-24.,60.2,2.75));
#9257=CARTESIAN_POINT('',(-24.,43.8634243989226,2.74999999999999));
#9258=CARTESIAN_POINT('',(-24.,60.2,6.74999999999999));
#9259=CARTESIAN_POINT('',(-24.,43.8634243989226,2.75));
#9260=CARTESIAN_POINT('',(-24.5031792781945,43.5881083960762,2.75));
#9261=CARTESIAN_POINT('',(-25.4733610050669,43.0347436387057,2.93414092028677));
#9262=CARTESIAN_POINT('',(-26.7797945802795,42.2313187591295,3.73452479981116));
#9263=CARTESIAN_POINT('',(-27.7462001002798,41.5976446661399,5.04806722234469));
#9264=CARTESIAN_POINT('',(-28.,41.424630354416,6.17363286890473));
#9265=CARTESIAN_POINT('',(-28.,41.424630354416,6.75));
#9266=CARTESIAN_POINT('',(28.,0.,2.74999999999999));
#9267=CARTESIAN_POINT('',(-24.,60.2,2.75));
#9268=CARTESIAN_POINT('',(0.,0.,2.74999999999999));
#9269=CARTESIAN_POINT('',(-67.6655989232415,0.,0.));
#9270=CARTESIAN_POINT('',(0.,-26.,0.));
#9271=CARTESIAN_POINT('',(1.621,-26.,0.));
#9272=CARTESIAN_POINT('',(0.,26.,0.));
#9273=CARTESIAN_POINT('',(1.621,26.,0.));
#9274=CARTESIAN_POINT('',(19.,19.,0.));
#9275=CARTESIAN_POINT('',(20.5,19.,0.));
#9276=CARTESIAN_POINT('',(19.,-19.,0.));
#9277=CARTESIAN_POINT('',(20.5,-19.,0.));
#9278=CARTESIAN_POINT('',(-19.,-19.,0.));
#9279=CARTESIAN_POINT('',(-17.5,-19.,0.));
#9280=CARTESIAN_POINT('',(-19.,19.,0.));
#9281=CARTESIAN_POINT('',(-17.5,19.,0.));
#9282=CARTESIAN_POINT('',(0.,0.,0.));
#9283=CARTESIAN_POINT('',(20.5,0.,0.));
#9284=CARTESIAN_POINT('',(0.,0.,0.));
#9285=CARTESIAN_POINT('',(50.,0.,0.));
#9286=CARTESIAN_POINT('',(0.,0.,72.));
#9287=CARTESIAN_POINT('',(38.,-32.4961536185439,72.));
#9288=CARTESIAN_POINT('',(38.,-32.4961536185439,16.));
#9289=CARTESIAN_POINT('',(38.,-32.4961536185439,66.3));
#9290=CARTESIAN_POINT('',(0.,0.,66.3));
#9291=CARTESIAN_POINT('',(-38.,-32.4961536185439,66.3));
#9292=CARTESIAN_POINT('',(-38.,-32.4961536185439,72.));
#9293=CARTESIAN_POINT('',(-38.,-32.4961536185439,16.));
#9294=CARTESIAN_POINT('',(0.,0.,16.));
#9295=CARTESIAN_POINT('',(0.,0.,16.));
#9296=CARTESIAN_POINT('',(-38.,0.,16.));
#9297=CARTESIAN_POINT('',(-38.,0.,66.3));
#9298=CARTESIAN_POINT('',(-38.,-46.,66.3));
#9299=CARTESIAN_POINT('',(-38.,-46.,16.));
#9300=CARTESIAN_POINT('',(-38.,-46.,16.));
#9301=CARTESIAN_POINT('',(-38.,0.,16.));
#9302=CARTESIAN_POINT('',(-30.,-46.,16.));
#9303=CARTESIAN_POINT('',(-30.,-46.,66.3));
#9304=CARTESIAN_POINT('',(-30.,-46.,16.));
#9305=CARTESIAN_POINT('',(-30.,-46.,16.));
#9306=CARTESIAN_POINT('',(0.,0.,66.8));
#9307=CARTESIAN_POINT('',(0.,0.,66.8));
#9308=CARTESIAN_POINT('',(-38.5,-32.6802692767364,66.8));
#9309=CARTESIAN_POINT('',(38.5,-32.6802692767364,66.8));
#9310=CARTESIAN_POINT('',(38.5,0.,66.8));
#9311=CARTESIAN_POINT('',(38.5,-46.,66.8));
#9312=CARTESIAN_POINT('',(30.,-46.,66.8));
#9313=CARTESIAN_POINT('',(30.,-54.5,66.8));
#9314=CARTESIAN_POINT('',(6.3028286293824E-15,-54.5,66.8));
#9315=CARTESIAN_POINT('',(22.9721359549996,-54.5,66.8));
#9316=CARTESIAN_POINT('',(18.5,-54.,66.8));
#9317=CARTESIAN_POINT('',(18.5,-58.5,66.8));
#9318=CARTESIAN_POINT('',(-18.5,-58.5,66.8));
#9319=CARTESIAN_POINT('',(-18.5,-58.5,66.8));
#9320=CARTESIAN_POINT('',(-18.5,-54.,66.8));
#9321=CARTESIAN_POINT('',(-22.9721359549996,-54.5,66.8));
#9322=CARTESIAN_POINT('',(6.3028286293824E-15,-54.5,66.8));
#9323=CARTESIAN_POINT('',(-30.,-54.5,66.8));
#9324=CARTESIAN_POINT('',(-30.,-46.,66.8));
#9325=CARTESIAN_POINT('',(-38.5,-46.,66.8));
#9326=CARTESIAN_POINT('',(-38.5,0.,66.8));
#9327=CARTESIAN_POINT('',(-30.,-46.,16.));
#9328=CARTESIAN_POINT('',(30.,-46.,16.));
#9329=CARTESIAN_POINT('',(38.,-46.,16.));
#9330=CARTESIAN_POINT('',(38.,-46.,16.));
#9331=CARTESIAN_POINT('',(38.,-46.,16.));
#9332=CARTESIAN_POINT('',(38.,-46.,16.));
#9333=CARTESIAN_POINT('',(38.,-46.,66.3));
#9334=CARTESIAN_POINT('',(38.,-46.,66.3));
#9335=CARTESIAN_POINT('',(30.,-46.,16.));
#9336=CARTESIAN_POINT('',(30.,-46.,66.3));
#9337=CARTESIAN_POINT('',(-18.5,-58.,103.6));
#9338=CARTESIAN_POINT('',(-18.5,-58.,103.6));
#9339=CARTESIAN_POINT('',(-18.5,-58.,66.3));
#9340=CARTESIAN_POINT('',(18.5,-58.,66.3));
#9341=CARTESIAN_POINT('',(18.5,-58.,66.3));
#9342=CARTESIAN_POINT('',(18.5,-58.,103.6));
#9343=CARTESIAN_POINT('',(-18.5,-54.,103.6));
#9344=CARTESIAN_POINT('',(-18.5,-54.,66.3));
#9345=CARTESIAN_POINT('',(18.5,-54.,103.6));
#9346=CARTESIAN_POINT('',(18.5,-54.,66.3));
#9347=CARTESIAN_POINT('',(0.,0.,0.));
#9348=CARTESIAN_POINT('',(0.,0.,-4.5));
#9349=CARTESIAN_POINT('',(-18.5,-54.,66.3));
#9350=CARTESIAN_POINT('',(-18.5,-58.,66.3));
#9351=CARTESIAN_POINT('',(-22.9721359549996,-54.5,66.8));
#9352=CARTESIAN_POINT('',(-22.8205981979095,-54.3305756369944,66.6305756369944));
#9353=CARTESIAN_POINT('',(-22.6636878617423,-54.1636878617423,66.4636878617423));
#9354=CARTESIAN_POINT('',(-22.5,-54.,66.3));
#9355=CARTESIAN_POINT('',(6.3028286293824E-15,-54.5,66.8));
#9356=CARTESIAN_POINT('',(-30.,-54.5,66.8));
#9357=CARTESIAN_POINT('',(-18.5,-58.,66.3));
#9358=CARTESIAN_POINT('',(18.5,-58.,66.3));
#9359=CARTESIAN_POINT('',(-30.,-46.,66.8));
#9360=CARTESIAN_POINT('',(-38.5,-46.,66.8));
#9361=CARTESIAN_POINT('',(18.5,-54.,66.3));
#9362=CARTESIAN_POINT('',(22.9721359549996,-54.5,66.8));
#9363=CARTESIAN_POINT('',(22.8205981979095,-54.3305756369944,66.6305756369944));
#9364=CARTESIAN_POINT('',(22.6636878617423,-54.1636878617423,66.4636878617423));
#9365=CARTESIAN_POINT('',(22.5,-54.,66.3));
#9366=CARTESIAN_POINT('',(-38.5,0.,66.8));
#9367=CARTESIAN_POINT('',(-38.5,-32.6802692767364,66.8));
#9368=CARTESIAN_POINT('',(-38.3333035190605,-32.619059322977,66.6333035190605));
#9369=CARTESIAN_POINT('',(-38.1666366942267,-32.5576882959765,66.4666366942267));
#9370=CARTESIAN_POINT('',(-38.,-32.4961536185439,66.3));
#9371=CARTESIAN_POINT('',(6.3028286293824E-15,-54.5,66.8));
#9372=CARTESIAN_POINT('',(30.,-54.,66.3));
#9373=CARTESIAN_POINT('',(0.,0.,66.3));
#9374=CARTESIAN_POINT('',(38.,-32.4961536185439,66.3));
#9375=CARTESIAN_POINT('',(38.1666366942267,-32.5576882959765,66.4666366942267));
#9376=CARTESIAN_POINT('',(38.3333035190605,-32.619059322977,66.6333035190605));
#9377=CARTESIAN_POINT('',(38.5,-32.6802692767364,66.8));
#9378=CARTESIAN_POINT('',(30.,-46.,66.8));
#9379=CARTESIAN_POINT('',(38.,-46.,66.3));
#9380=CARTESIAN_POINT('',(38.5,0.,66.8));
#9381=CARTESIAN_POINT('',(57.7975395985975,-47.0141611855026,72.));
#9382=CARTESIAN_POINT('',(57.7975395985975,-47.0141611855026,52.));
#9383=CARTESIAN_POINT('',(58.0197861792704,-47.0020916949435,52.));
#9384=CARTESIAN_POINT('',(58.2420327599433,-46.9900222043843,52.));
#9385=CARTESIAN_POINT('',(58.4642793406163,-46.9779527138251,52.));
#9386=CARTESIAN_POINT('',(47.0141611855026,-57.7975395985975,52.));
#9387=CARTESIAN_POINT('',(47.0141611854783,-57.7975395985731,49.9814790532491));
#9388=CARTESIAN_POINT('',(47.6700477020162,-57.2731628475096,47.9984748872708));
#9389=CARTESIAN_POINT('',(49.8147049150045,-55.414907734211,45.1852382529922));
#9390=CARTESIAN_POINT('',(51.2756046470741,-54.083300132388,44.3750389765345));
#9391=CARTESIAN_POINT('',(54.0830940404532,-51.2758219732523,44.3749610264045));
#9392=CARTESIAN_POINT('',(55.4146480859573,-49.8149895390552,45.1851306612419));
#9393=CARTESIAN_POINT('',(57.2727285195514,-47.670564007096,47.9975319660035));
#9394=CARTESIAN_POINT('',(57.7975395985836,-47.0141611854887,49.9817566117832));
#9395=CARTESIAN_POINT('',(57.7975395985975,-47.0141611855026,52.));
#9396=CARTESIAN_POINT('',(46.9779527138251,-58.4642793406163,52.));
#9397=CARTESIAN_POINT('',(46.9779527138709,-58.4642793405795,49.8643459457597));
#9398=CARTESIAN_POINT('',(47.6707900142654,-57.9203374402872,47.7594353485492));
#9399=CARTESIAN_POINT('',(49.9583351774338,-55.9592213677075,44.7523345113047));
#9400=CARTESIAN_POINT('',(51.5270624128157,-54.5389483164418,43.8750420898699));
#9401=CARTESIAN_POINT('',(54.538727659268,-51.5272959669525,43.8749579133039));
#9402=CARTESIAN_POINT('',(55.9589447373912,-49.9586404871853,44.7522166200977));
#9403=CARTESIAN_POINT('',(57.9198816793914,-47.6713389962516,47.7584303332905));
#9404=CARTESIAN_POINT('',(58.4642793405278,-46.9779527139352,49.8646438763279));
#9405=CARTESIAN_POINT('',(58.4642793406163,-46.9779527138251,52.));
#9406=CARTESIAN_POINT('',(46.9779527138251,-58.4642793406163,52.));
#9407=CARTESIAN_POINT('',(46.9900222043843,-58.2420327599433,52.));
#9408=CARTESIAN_POINT('',(47.0020916949435,-58.0197861792704,52.));
#9409=CARTESIAN_POINT('',(47.0141611855026,-57.7975395985975,52.));
#9410=CARTESIAN_POINT('',(47.0141611855026,-57.7975395985975,72.));
#9411=CARTESIAN_POINT('',(32.5,-60.2,50.));
#9412=CARTESIAN_POINT('',(-32.5,-60.2,30.));
#9413=CARTESIAN_POINT('',(32.5,-60.2,30.));
#9414=CARTESIAN_POINT('',(32.5,-60.2,9.99999999999999));
#9415=CARTESIAN_POINT('',(-32.5,-60.2,10.));
#9416=CARTESIAN_POINT('',(-32.5,-60.2,50.));
#9417=CARTESIAN_POINT('',(33.2500000000002,-66.6684895584112,1.74999999999999));
#9418=CARTESIAN_POINT('',(34.4540960191035,-66.0679630891567,1.75000000000004));
#9419=CARTESIAN_POINT('',(35.6831190376795,-65.4197077360975,2.19425653575472));
#9420=CARTESIAN_POINT('',(37.5878559141419,-64.3867021138978,3.94681023980247));
#9421=CARTESIAN_POINT('',(38.25,-64.0150176341879,5.28927869247191));
#9422=CARTESIAN_POINT('',(38.25,-64.0150176315561,6.74999999999999));
#9423=CARTESIAN_POINT('',(33.4731543624164,-67.1159290856489,1.25));
#9424=CARTESIAN_POINT('',(34.7839239609908,-66.4622006235031,1.30380225653641));
#9425=CARTESIAN_POINT('',(36.0726872001169,-65.7649001647625,1.842423693747));
#9426=CARTESIAN_POINT('',(38.0253039715961,-64.655526549448,3.77895733745103));
#9427=CARTESIAN_POINT('',(38.6783810737576,-64.2571617604854,5.21041920830225));
#9428=CARTESIAN_POINT('',(38.6783810783846,-64.2571617577003,6.74999999999999));
#9429=CARTESIAN_POINT('',(33.4731543624163,-67.1159290856489,1.25));
#9430=CARTESIAN_POINT('',(33.3987695749442,-66.9667825765695,1.41666666666666));
#9431=CARTESIAN_POINT('',(33.3243847874721,-66.8176360674902,1.58333333333333));
#9432=CARTESIAN_POINT('',(33.25,-66.6684895584108,1.74999999999999));
#9433=CARTESIAN_POINT('',(38.25,-64.0150176315561,6.74999999999999));
#9434=CARTESIAN_POINT('',(38.3927936927949,-64.0957323402708,6.74999999999999));
#9435=CARTESIAN_POINT('',(38.5355873855898,-64.1764470489856,6.74999999999999));
#9436=CARTESIAN_POINT('',(38.6783810783846,-64.2571617577003,6.74999999999999));
#9437=CARTESIAN_POINT('',(38.25,-64.0150176315561,72.));
#9438=CARTESIAN_POINT('',(38.6783810783846,-64.2571617577003,53.25));
#9439=CARTESIAN_POINT('',(38.5355873855897,-64.1764470489856,53.25));
#9440=CARTESIAN_POINT('',(38.3927936927949,-64.0957323402709,53.25));
#9441=CARTESIAN_POINT('',(38.25,-64.0150176315561,53.25));
#9442=CARTESIAN_POINT('',(0.,0.,1.24999999999999));
#9443=CARTESIAN_POINT('',(-33.2500000000002,-66.6684895584112,1.74999999999956));
#9444=CARTESIAN_POINT('',(-33.3243847874722,-66.8176360674905,1.58333333333303));
#9445=CARTESIAN_POINT('',(-33.3987695749442,-66.9667825765697,1.4166666666665));
#9446=CARTESIAN_POINT('',(-33.4731543624163,-67.1159290856489,1.24999999999997));
#9447=CARTESIAN_POINT('',(38.25,-64.0150176315561,53.25));
#9448=CARTESIAN_POINT('',(38.25,-64.0150176341876,54.7104828176766));
#9449=CARTESIAN_POINT('',(37.5877962718486,-64.3867363200742,56.0533304469564));
#9450=CARTESIAN_POINT('',(35.6828195996728,-65.4198682714137,57.8059331520936));
#9451=CARTESIAN_POINT('',(34.4542615034465,-66.0678805561326,58.25));
#9452=CARTESIAN_POINT('',(33.2500000000002,-66.6684895584112,58.25));
#9453=CARTESIAN_POINT('',(38.6783810783846,-64.2571617577003,53.25));
#9454=CARTESIAN_POINT('',(38.6783810738101,-64.2571617604538,54.7893246466071));
#9455=CARTESIAN_POINT('',(38.0252460595756,-64.6555630971944,56.2211925139669));
#9456=CARTESIAN_POINT('',(36.0723770049275,-65.7650727553839,58.1577915126306));
#9457=CARTESIAN_POINT('',(34.784100020672,-66.4621128161381,58.696190516842));
#9458=CARTESIAN_POINT('',(33.4731543624163,-67.1159290856489,58.75));
#9459=CARTESIAN_POINT('',(33.25,-66.6684895584108,58.25));
#9460=CARTESIAN_POINT('',(33.3243847874721,-66.8176360674902,58.4166666666667));
#9461=CARTESIAN_POINT('',(33.3987695749442,-66.9667825765696,58.5833333333333));
#9462=CARTESIAN_POINT('',(33.4731543624163,-67.1159290856489,58.75));
#9463=CARTESIAN_POINT('',(-38.25,-64.0150176315561,6.74999999999999));
#9464=CARTESIAN_POINT('',(-38.25,-64.0150176341971,5.28951718230981));
#9465=CARTESIAN_POINT('',(-37.5877962718684,-64.3867363200742,3.94666955306174));
#9466=CARTESIAN_POINT('',(-35.6828195996529,-65.4198682714137,2.19406684788818));
#9467=CARTESIAN_POINT('',(-34.4542615034547,-66.0678805561191,1.75000000000002));
#9468=CARTESIAN_POINT('',(-33.2500000000001,-66.6684895584112,1.74999999999999));
#9469=CARTESIAN_POINT('',(-38.6783810783847,-64.2571617577002,6.74999999999999));
#9470=CARTESIAN_POINT('',(-38.678381073646,-64.2571617605526,5.21067535337678));
#9471=CARTESIAN_POINT('',(-38.0252460596118,-64.6555630971738,3.7788074860566));
#9472=CARTESIAN_POINT('',(-36.0723770048914,-65.7650727554044,1.84220848734579));
#9473=CARTESIAN_POINT('',(-34.7841000206995,-66.4621128161243,1.30380948318523));
#9474=CARTESIAN_POINT('',(-33.4731543624163,-67.1159290856489,1.24999999999999));
#9475=CARTESIAN_POINT('',(-38.6783810783847,-64.2571617577002,6.74999999999999));
#9476=CARTESIAN_POINT('',(-38.5355873855898,-64.1764470489856,6.74999999999999));
#9477=CARTESIAN_POINT('',(-38.3927936927949,-64.0957323402708,6.74999999999999));
#9478=CARTESIAN_POINT('',(-38.25,-64.0150176315561,6.74999999999999));
#9479=CARTESIAN_POINT('',(0.,0.,58.75));
#9480=CARTESIAN_POINT('',(-33.4731543624164,-67.1159290856489,58.75));
#9481=CARTESIAN_POINT('',(-33.3987695749443,-66.9667825765696,58.5833333333335));
#9482=CARTESIAN_POINT('',(-33.3243847874723,-66.8176360674904,58.416666666667));
#9483=CARTESIAN_POINT('',(-33.2500000000002,-66.6684895584112,58.2500000000004));
#9484=CARTESIAN_POINT('',(-38.25,-64.0150176315561,72.));
#9485=CARTESIAN_POINT('',(-38.25,-64.0150176315561,53.25));
#9486=CARTESIAN_POINT('',(-38.3927936927949,-64.0957323402708,53.25));
#9487=CARTESIAN_POINT('',(-38.5355873855898,-64.1764470489856,53.25));
#9488=CARTESIAN_POINT('',(-38.6783810783847,-64.2571617577002,53.25));
#9489=CARTESIAN_POINT('',(-33.2500000000002,-66.6684895584112,58.25));
#9490=CARTESIAN_POINT('',(-34.4540960191085,-66.0679630891636,58.25));
#9491=CARTESIAN_POINT('',(-35.6831190376774,-65.4197077360975,57.8057434642472));
#9492=CARTESIAN_POINT('',(-37.587855914144,-64.3867021138978,56.0531897601956));
#9493=CARTESIAN_POINT('',(-38.25,-64.0150176341974,54.7107213075295));
#9494=CARTESIAN_POINT('',(-38.25,-64.0150176315561,53.25));
#9495=CARTESIAN_POINT('',(-33.4731543624163,-67.1159290856489,58.75));
#9496=CARTESIAN_POINT('',(-34.7839239609906,-66.4622006235032,58.6961977434401));
#9497=CARTESIAN_POINT('',(-36.0726872001164,-65.7649001647627,58.1575763062624));
#9498=CARTESIAN_POINT('',(-38.0253039715967,-64.6555265494477,56.2210426625395));
#9499=CARTESIAN_POINT('',(-38.6783810737534,-64.2571617604879,54.7895807917047));
#9500=CARTESIAN_POINT('',(-38.6783810783847,-64.2571617577002,53.25));
#9501=CARTESIAN_POINT('',(24.,-60.2,6.74999999999999));
#9502=CARTESIAN_POINT('',(24.,-60.7,2.24999999999999));
#9503=CARTESIAN_POINT('',(28.,-60.2,6.74999999999999));
#9504=CARTESIAN_POINT('',(28.,-60.2,57.25));
#9505=CARTESIAN_POINT('',(28.,-60.2,53.25));
#9506=CARTESIAN_POINT('',(28.,-60.2,2.74999999999999));
#9507=CARTESIAN_POINT('',(-24.,-60.7,2.25));
#9508=CARTESIAN_POINT('',(24.,-60.2,53.25));
#9509=CARTESIAN_POINT('',(24.,-60.2,57.25));
#9510=CARTESIAN_POINT('',(-24.,-60.2,6.74999999999999));
#9511=CARTESIAN_POINT('',(-28.5,-60.7,6.74999999999999));
#9512=CARTESIAN_POINT('',(-28.,-60.2,57.25));
#9513=CARTESIAN_POINT('',(-24.,-60.2,57.25));
#9514=CARTESIAN_POINT('',(-28.,-60.2,2.75));
#9515=CARTESIAN_POINT('',(-28.5,-60.7,53.25));
#9516=CARTESIAN_POINT('',(-24.,-60.2,53.25));
#9517=CARTESIAN_POINT('',(-57.7975395985975,47.0141611855026,72.));
#9518=CARTESIAN_POINT('',(-57.7975395985975,47.0141611855026,52.));
#9519=CARTESIAN_POINT('',(-58.0197861792704,47.0020916949435,52.));
#9520=CARTESIAN_POINT('',(-58.2420327599433,46.9900222043843,52.));
#9521=CARTESIAN_POINT('',(-58.4642793406163,46.9779527138251,52.));
#9522=CARTESIAN_POINT('',(-47.0141611855026,57.7975395985975,52.));
#9523=CARTESIAN_POINT('',(-47.0141611855166,57.7975395986114,49.9814790532556));
#9524=CARTESIAN_POINT('',(-47.6700477020222,57.2731628475037,47.9984748872625));
#9525=CARTESIAN_POINT('',(-49.8147049149986,55.4149077342169,45.1852382530006));
#9526=CARTESIAN_POINT('',(-51.2756046471088,54.0833001323672,44.3750389765345));
#9527=CARTESIAN_POINT('',(-54.0830940404186,51.275821973273,44.3749610264045));
#9528=CARTESIAN_POINT('',(-55.4146480859465,49.8149895390799,45.1851306612169));
#9529=CARTESIAN_POINT('',(-57.2727285195623,47.6705640070713,47.9975319660285));
#9530=CARTESIAN_POINT('',(-57.7975395985836,47.0141611854887,49.9817566117643));
#9531=CARTESIAN_POINT('',(-57.7975395985975,47.0141611855026,52.));
#9532=CARTESIAN_POINT('',(-46.9779527138251,58.4642793406163,52.));
#9533=CARTESIAN_POINT('',(-46.9779527139064,58.464279340551,49.8643459457756));
#9534=CARTESIAN_POINT('',(-47.6707900142614,57.9203374402906,47.7594353485284));
#9535=CARTESIAN_POINT('',(-49.9583351774378,55.9592213677041,44.7523345113255));
#9536=CARTESIAN_POINT('',(-51.5270624128504,54.5389483164072,43.8750420898699));
#9537=CARTESIAN_POINT('',(-54.5387276592334,51.5272959669871,43.8749579133039));
#9538=CARTESIAN_POINT('',(-55.9589447373941,49.9586404871819,44.7522166200769));
#9539=CARTESIAN_POINT('',(-57.9198816793884,47.671338996255,47.7584303333113));
#9540=CARTESIAN_POINT('',(-58.4642793405564,46.9779527138996,49.864643876312));
#9541=CARTESIAN_POINT('',(-58.4642793406163,46.9779527138251,52.));
#9542=CARTESIAN_POINT('',(-46.9779527138251,58.4642793406163,52.));
#9543=CARTESIAN_POINT('',(-46.9900222043843,58.2420327599433,52.));
#9544=CARTESIAN_POINT('',(-47.0020916949435,58.0197861792704,52.));
#9545=CARTESIAN_POINT('',(-47.0141611855026,57.7975395985975,52.));
#9546=CARTESIAN_POINT('',(-47.0141611855026,57.7975395985975,72.));
#9547=CARTESIAN_POINT('',(-32.5,60.7,50.));
#9548=CARTESIAN_POINT('',(-32.5,60.7,30.));
#9549=CARTESIAN_POINT('',(32.5,60.7,30.));
#9550=CARTESIAN_POINT('',(32.5,60.7,50.));
#9551=CARTESIAN_POINT('',(32.5,60.7,9.99999999999999));
#9552=CARTESIAN_POINT('',(-32.5,60.7,10.));
#9553=CARTESIAN_POINT('',(3.43893130299211E-15,60.7,57.75));
#9554=CARTESIAN_POINT('',(24.,60.2,57.25));
#9555=CARTESIAN_POINT('',(-24.,60.7,57.75));
#9556=CARTESIAN_POINT('',(-24.,60.7,53.25));
#9557=CARTESIAN_POINT('',(-28.5,60.7,53.25));
#9558=CARTESIAN_POINT('',(24.,60.7,53.25));
#9559=CARTESIAN_POINT('',(28.,60.2,53.25));
#9560=CARTESIAN_POINT('',(-28.5,60.7,0.));
#9561=CARTESIAN_POINT('',(-28.5,60.7,6.74999999999999));
#9562=CARTESIAN_POINT('',(28.5,60.7,-7.25719178940756E-15));
#9563=CARTESIAN_POINT('',(28.,60.2,6.74999999999999));
#9564=CARTESIAN_POINT('',(-24.,60.7,6.74999999999999));
#9565=CARTESIAN_POINT('',(-24.,60.7,2.25));
#9566=CARTESIAN_POINT('',(24.,60.7,6.74999999999999));
#9567=CARTESIAN_POINT('',(24.,60.2,2.74999999999999));
#9568=CARTESIAN_POINT('',(-3.4380081910588E-15,60.7,2.24999999999999));
#9569=CARTESIAN_POINT('',(-33.4731543624163,67.1159290856489,58.75));
#9570=CARTESIAN_POINT('',(-34.7839239610149,66.4622006234911,58.6961977434216));
#9571=CARTESIAN_POINT('',(-36.0726872000839,65.7649001647813,58.157576306253));
#9572=CARTESIAN_POINT('',(-38.0253039716292,64.6555265494292,56.221042662549));
#9573=CARTESIAN_POINT('',(-38.6783810737156,64.2571617605107,54.7895807916976));
#9574=CARTESIAN_POINT('',(-38.6783810783847,64.2571617577002,53.25));
#9575=CARTESIAN_POINT('',(-33.2500000000002,66.6684895584112,58.25));
#9576=CARTESIAN_POINT('',(-34.454096019107,66.0679630891502,58.25));
#9577=CARTESIAN_POINT('',(-35.6831190376799,65.4197077361164,57.8057434642449));
#9578=CARTESIAN_POINT('',(-37.5878559141414,64.3867021138789,56.0531897601979));
#9579=CARTESIAN_POINT('',(-38.25,64.0150176341592,54.7107213075281));
#9580=CARTESIAN_POINT('',(-38.25,64.0150176315561,53.25));
#9581=CARTESIAN_POINT('',(-33.25,66.6684895584108,58.25));
#9582=CARTESIAN_POINT('',(-33.3243847874721,66.8176360674902,58.4166666666667));
#9583=CARTESIAN_POINT('',(-33.3987695749442,66.9667825765695,58.5833333333333));
#9584=CARTESIAN_POINT('',(-33.4731543624163,67.1159290856489,58.75));
#9585=CARTESIAN_POINT('',(-38.6783810783847,64.2571617577002,53.25));
#9586=CARTESIAN_POINT('',(-38.5355873855898,64.1764470489855,53.25));
#9587=CARTESIAN_POINT('',(-38.3927936927949,64.0957323402708,53.25));
#9588=CARTESIAN_POINT('',(-38.25,64.0150176315561,53.25));
#9589=CARTESIAN_POINT('',(-38.25,64.0150176315561,72.));
#9590=CARTESIAN_POINT('',(-38.25,64.0150176315561,6.74999999999999));
#9591=CARTESIAN_POINT('',(-38.3927936927949,64.0957323402708,6.74999999999999));
#9592=CARTESIAN_POINT('',(-38.5355873855898,64.1764470489855,6.74999999999999));
#9593=CARTESIAN_POINT('',(-38.6783810783847,64.2571617577002,6.74999999999999));
#9594=CARTESIAN_POINT('',(0.,0.,58.25));
#9595=CARTESIAN_POINT('',(33.4731543624163,67.1159290856489,58.75));
#9596=CARTESIAN_POINT('',(33.3987695749443,66.9667825765697,58.5833333333335));
#9597=CARTESIAN_POINT('',(33.3243847874722,66.8176360674905,58.4166666666669));
#9598=CARTESIAN_POINT('',(33.2500000000002,66.6684895584112,58.2500000000004));
#9599=CARTESIAN_POINT('',(-38.6783810783847,64.2571617577002,6.74999999999999));
#9600=CARTESIAN_POINT('',(-38.6783810736467,64.2571617605522,5.21067535339074));
#9601=CARTESIAN_POINT('',(-38.0252460596011,64.6555630971799,3.77880748603776));
#9602=CARTESIAN_POINT('',(-36.072377004902,65.7650727553983,1.84220848736466));
#9603=CARTESIAN_POINT('',(-34.7841000206917,66.4621128161282,1.30380948315855));
#9604=CARTESIAN_POINT('',(-33.4731543624163,67.1159290856489,1.25));
#9605=CARTESIAN_POINT('',(-38.25,64.0150176315561,6.74999999999999));
#9606=CARTESIAN_POINT('',(-38.25,64.015017634245,5.2895171823182));
#9607=CARTESIAN_POINT('',(-37.5877962718564,64.3867363200836,3.94666955305065));
#9608=CARTESIAN_POINT('',(-35.682819599665,65.4198682714043,2.19406684789929));
#9609=CARTESIAN_POINT('',(-34.4542615034362,66.0678805561073,1.75000000000003));
#9610=CARTESIAN_POINT('',(-33.2500000000002,66.6684895584112,1.74999999999999));
#9611=CARTESIAN_POINT('',(-33.4731543624163,67.1159290856489,1.24999999999999));
#9612=CARTESIAN_POINT('',(-33.3987695749442,66.9667825765695,1.41666666666665));
#9613=CARTESIAN_POINT('',(-33.3243847874721,66.8176360674902,1.58333333333332));
#9614=CARTESIAN_POINT('',(-33.25,66.6684895584108,1.74999999999999));
#9615=CARTESIAN_POINT('',(38.6783810783847,64.2571617577003,53.25));
#9616=CARTESIAN_POINT('',(38.6783810736298,64.2571617605623,54.7893246466055));
#9617=CARTESIAN_POINT('',(38.0252460595934,64.6555630971842,56.2211925139669));
#9618=CARTESIAN_POINT('',(36.0723770049097,65.765072755394,58.1577915126306));
#9619=CARTESIAN_POINT('',(34.784100020686,66.4621128161311,58.6961905168519));
#9620=CARTESIAN_POINT('',(33.4731543624163,67.1159290856489,58.75));
#9621=CARTESIAN_POINT('',(38.25,64.0150176315561,53.25));
#9622=CARTESIAN_POINT('',(38.25,64.0150176342737,54.7104828176781));
#9623=CARTESIAN_POINT('',(37.5877962718512,64.3867363200836,56.0533304469541));
#9624=CARTESIAN_POINT('',(35.6828195996702,65.4198682714043,57.8059331520959));
#9625=CARTESIAN_POINT('',(34.4542615034302,66.0678805561032,58.25));
#9626=CARTESIAN_POINT('',(33.2500000000002,66.6684895584112,58.25));
#9627=CARTESIAN_POINT('',(38.25,64.0150176315561,53.25));
#9628=CARTESIAN_POINT('',(38.3927936927949,64.0957323402708,53.25));
#9629=CARTESIAN_POINT('',(38.5355873855897,64.1764470489856,53.25));
#9630=CARTESIAN_POINT('',(38.6783810783846,64.2571617577003,53.25));
#9631=CARTESIAN_POINT('',(0.,0.,1.74999999999999));
#9632=CARTESIAN_POINT('',(33.2500000000002,66.6684895584112,1.74999999999956));
#9633=CARTESIAN_POINT('',(33.3243847874722,66.8176360674904,1.58333333333303));
#9634=CARTESIAN_POINT('',(33.3987695749443,66.9667825765697,1.41666666666651));
#9635=CARTESIAN_POINT('',(33.4731543624163,67.1159290856489,1.24999999999999));
#9636=CARTESIAN_POINT('',(38.25,64.0150176315561,72.));
#9637=CARTESIAN_POINT('',(38.6783810783847,64.2571617577003,6.74999999999999));
#9638=CARTESIAN_POINT('',(38.5355873855898,64.1764470489856,6.74999999999999));
#9639=CARTESIAN_POINT('',(38.3927936927949,64.0957323402708,6.74999999999999));
#9640=CARTESIAN_POINT('',(38.25,64.0150176315561,6.74999999999999));
#9641=CARTESIAN_POINT('',(33.4731543624163,67.1159290856489,1.25));
#9642=CARTESIAN_POINT('',(34.7839239610079,66.4622006234946,1.30380225653634));
#9643=CARTESIAN_POINT('',(36.072687200095,65.7649001647749,1.84242369373753));
#9644=CARTESIAN_POINT('',(38.025303971618,64.6555265494355,3.77895733746044));
#9645=CARTESIAN_POINT('',(38.6783810737569,64.2571617604858,5.21041920829502));
#9646=CARTESIAN_POINT('',(38.6783810783847,64.2571617577003,6.74999999999999));
#9647=CARTESIAN_POINT('',(33.2500000000002,66.6684895584112,1.74999999999999));
#9648=CARTESIAN_POINT('',(34.4540960190832,66.0679630891151,1.75000000000003));
#9649=CARTESIAN_POINT('',(35.6831190376787,65.4197077360975,2.19425653575403));
#9650=CARTESIAN_POINT('',(37.5878559141426,64.3867021138978,3.94681023980314));
#9651=CARTESIAN_POINT('',(38.25,64.0150176341879,5.28927869247123));
#9652=CARTESIAN_POINT('',(38.25,64.0150176315561,6.74999999999999));
#9653=CARTESIAN_POINT('',(53.5,-3.36720022920939E-15,35.));
#9654=CARTESIAN_POINT('',(-48.7903679018718,48.7903679018718,52.0000000035186));
#9655=CARTESIAN_POINT('',(-48.7903679018718,48.7903679018718,57.0000000035186));
#9656=CARTESIAN_POINT('',(-48.7903679018718,48.7903679018718,63.0000000035186));
#9657=CARTESIAN_POINT('',(48.7903679018718,-48.7903679018718,52.0000000035186));
#9658=CARTESIAN_POINT('',(48.7903679018718,-48.7903679018718,57.0000000035186));
#9659=CARTESIAN_POINT('',(48.7903679018718,-48.7903679018718,63.0000000035186));
#9660=CARTESIAN_POINT('',(-68.5,-25.,9.99999999999996));
#9661=CARTESIAN_POINT('',(-68.5,-25.,60.));
#9662=CARTESIAN_POINT('',(-68.5,25.,60.));
#9663=CARTESIAN_POINT('',(-68.5,25.,9.99999999999997));
#9664=CARTESIAN_POINT('',(68.5,-25.,9.99999999999996));
#9665=CARTESIAN_POINT('',(68.5,-21.5,13.5));
#9666=CARTESIAN_POINT('',(68.5,-25.,60.));
#9667=CARTESIAN_POINT('',(68.5,25.,60.));
#9668=CARTESIAN_POINT('',(68.5,25.,9.99999999999997));
#9669=CARTESIAN_POINT('',(68.5,21.5,13.5));
#9670=CARTESIAN_POINT('',(68.5,21.5,56.5));
#9671=CARTESIAN_POINT('',(68.5,-21.5,56.5));
#9672=CARTESIAN_POINT('',(-68.5,21.5,13.5));
#9673=CARTESIAN_POINT('',(-68.5,21.5,56.5));
#9674=CARTESIAN_POINT('',(-68.5,-21.5,13.5));
#9675=CARTESIAN_POINT('',(-68.5,-21.5,56.5));
#9676=CARTESIAN_POINT('',(40.6586399182265,40.6586399182265,-5.));
#9677=CARTESIAN_POINT('',(1.73472347597681E-14,57.5,-5.));
#9678=CARTESIAN_POINT('',(-40.6586399182265,40.6586399182265,-5.));
#9679=CARTESIAN_POINT('',(57.5,0.,-5.));
#9680=CARTESIAN_POINT('',(40.6586399182265,-40.6586399182265,-5.));
#9681=CARTESIAN_POINT('',(0.,-57.5,-5.));
#9682=CARTESIAN_POINT('',(-40.6586399182265,-40.6586399182265,-5.));
#9683=CARTESIAN_POINT('',(-57.5,0.,-5.));
#9684=CARTESIAN_POINT('',(0.,0.,-5.));
#9685=CARTESIAN_POINT('',(-19.,19.,-5.));
#9686=CARTESIAN_POINT('',(-19.,-19.,-5.));
#9687=CARTESIAN_POINT('',(19.,-19.,-5.));
#9688=CARTESIAN_POINT('',(19.,19.,-5.));
#9689=CARTESIAN_POINT('',(0.,26.,220.674577655531));
#9690=CARTESIAN_POINT('',(0.,-26.,220.674577655531));
#9691=MECHANICAL_DESIGN_GEOMETRIC_PRESENTATION_REPRESENTATION('',(#3748,
#3749,#3750,#3751,#3752,#3753,#3754,#3755,#3756,#3757,#3758,#3759,#3760,
#3761,#3762,#3763,#3764,#3765,#3766,#3767,#3768,#3769,#3770,#3771,#3772,
#3773,#3774,#3775,#3776,#3777,#3778,#3779,#3780,#3781,#3782,#3783,#3784,
#3785,#3786,#3787,#3788,#3789,#3790,#3791,#3792,#3793,#3794,#3795,#3796,
#3797,#3798,#3799,#3800,#3801,#3802,#3803,#3804,#3805,#3806,#3807,#3808,
#3809,#3810,#3811,#3812,#3813,#3814,#3815,#3816,#3817,#3818,#3819,#3820,
#3821,#3822,#3823,#3824,#3825,#3826,#3827,#3828,#3829,#3830,#3831,#3832,
#3833,#3834,#3835,#3836,#3837,#3838,#3839,#3840,#3841,#3842,#3843,#3844,
#3845,#3846,#3847,#3848,#3849,#3850,#3851,#3852,#3853,#3854,#3855,#3856,
#3857,#3858,#3859,#3860,#3861,#3862,#3863,#3864,#3865,#3866,#3867,#3868,
#3869,#3870,#3871,#3872,#3873,#3874,#3875,#3876,#3877,#3878,#3879,#3880,
#3881,#3882,#3883,#3884,#3885,#3886,#3887,#3888,#3889,#3890,#3891,#3892,
#3893,#3894,#3895,#3896,#3897,#3898,#3899,#3900,#3901,#3902,#3903,#3904,
#3905,#3906,#3907,#3908,#3909,#3910,#3911,#3912,#3913,#3914,#3915,#3916,
#3917,#3918,#3919,#3920,#3921,#3922,#3923,#3924,#3925,#3926,#3927,#3928,
#3929,#3930,#3931,#3932,#3933,#3934,#3935,#3936,#3937,#3938,#3939,#3940,
#3941,#3942,#3943,#3944,#3945,#3946,#3947,#3948,#3949,#3950,#3951,#3952,
#3953,#3954,#3955,#3956,#3957,#3958,#3959,#3960,#3961,#3962,#3963,#3964,
#3965,#3966,#3967,#3968,#3969,#3970,#3971,#3972,#3973,#3974,#3975,#3976,
#3977,#3978,#3979,#3980,#3981,#3982,#3983,#3984,#3985,#3986,#3987,#3988,
#3989,#3990,#3991,#3992,#3993,#3994,#3995,#3996,#3997,#3998,#3999,#4000,
#4001,#4002,#4003,#4004,#4005,#4006,#4007,#4008,#4009,#4010,#4011,#4012,
#4013,#4014,#4015,#4016,#4017,#4018,#4019,#4020,#4021,#4022,#4023,#4024,
#4025,#4026,#4027,#4028,#4029,#4030),#9692);
#9692=(
GEOMETRIC_REPRESENTATION_CONTEXT(3)
GLOBAL_UNCERTAINTY_ASSIGNED_CONTEXT((#9693))
GLOBAL_UNIT_ASSIGNED_CONTEXT((#9696,#9695,#9694))
REPRESENTATION_CONTEXT('openFrame - Core Layer',
'TOP_LEVEL_ASSEMBLY_PART')
);
#9693=UNCERTAINTY_MEASURE_WITH_UNIT(LENGTH_MEASURE(0.005),#9696,
'DISTANCE_ACCURACY_VALUE','Maximum Tolerance applied to model');
#9694=(
NAMED_UNIT(*)
SI_UNIT($,.STERADIAN.)
SOLID_ANGLE_UNIT()
);
#9695=(
NAMED_UNIT(*)
PLANE_ANGLE_UNIT()
SI_UNIT($,.RADIAN.)
);
#9696=(
LENGTH_UNIT()
NAMED_UNIT(*)
SI_UNIT(.MILLI.,.METRE.)
);
#9697=PRODUCT_DEFINITION_SHAPE('','',#9698);
#9698=PRODUCT_DEFINITION('','',#9700,#9699);
#9699=PRODUCT_DEFINITION_CONTEXT('',#9706,'design');
#9700=PRODUCT_DEFINITION_FORMATION_WITH_SPECIFIED_SOURCE('','',#9702,
 .NOT_KNOWN.);
#9701=PRODUCT_RELATED_PRODUCT_CATEGORY('','',(#9702));
#9702=PRODUCT('openFrame - Core Layer','openFrame - Core Layer',
'openFrame - Core Layer',(#9704));
#9703=PRODUCT_CATEGORY('','');
#9704=PRODUCT_CONTEXT('',#9706,'mechanical');
#9705=APPLICATION_PROTOCOL_DEFINITION('international standard',
'automotive_design',2010,#9706);
#9706=APPLICATION_CONTEXT(
'core data for automotive mechanical design processes');
ENDSEC;
END-ISO-10303-21;
